thread_id,front_id,client_operation,back_id,dag_operation,total_time,front_time,back_time
0,-1,,1,apply,,9160.441,457
0,-1,,2,apply,,2457.595,409
0,-1,,8,apply,,1434.777,434
0,-1,,9,apply,,1811.921,403
0,-1,,10,apply,,1403.829,424
0,-1,,3,apply,,1649.026,406
0,-1,,5,apply,,1316.586,329
0,-1,,4,apply,,1416.162,398
0,-1,,6,apply,,1273.817,328
0,-1,,7,apply,,1513.814,382
0,0, get_staff_prescriptions,11,stateless_query,6441.187,2412.922,30
0,1, get_patient,12,stateless_query,4203.082,3158.283,26
0,2, get_pharmacy_prescriptions,13,stateless_query,3499.499,1112.005,21
0,3, get_processed_pharmacy_prescriptions,14,stateless_query,3714.05,1205.88,22
0,4, get_patient,15,stateless_query,3353.386,2190.055,21
0,5, get_pharmacy_prescriptions,16,stateless_query,3855.353,938.14,31
0,6, get_prescription_medication,17,stateless_query,4034.026,873.489,27
0,7, get_prescription_medication,18,stateless_query,4293.791,1194.059,37
0,8, get_prescription_medication,19,stateless_query,3702.237,794.553,40
0,9, create_prescription,20,apply,3936.574,1749.354,466
0,10, get_pharmacy_prescriptions,21,stateless_query,2806.186,618.324,21
0,11, get_staff_prescriptions,22,stateless_query,3120.592,822.074,21
0,12, get_prescription_medication,23,stateless_query,3991.477,1092.468,31
0,13, get_staff_prescriptions,24,stateless_query,3914.033,1043.667,33
0,14, get_pharmacy_prescriptions,25,stateless_query,3588.144,915.368,34
0,15, update_prescription_medication,26,apply,3044.74,823.957,389
0,16, get_prescription_medication,27,stateless_query,3025.354,669.639,27
0,17, get_processed_pharmacy_prescriptions,28,stateless_query,2819.54,601.882,23
0,18, get_staff_prescriptions,29,stateless_query,3014.695,651.325,21
0,19, get_pharmacy_prescriptions,30,stateless_query,3354.549,901.572,22
0,20, get_pharmacy_prescriptions,31,stateless_query,3553.36,1061.81,24
0,21, get_staff_prescriptions,32,stateless_query,3525.177,948.911,35
0,22, get_prescription,33,stateless_query,3947.645,1124.788,31
0,23, get_prescription_medication,34,stateless_query,3890.419,1062.633,51
0,24, get_pharmacy_prescriptions,35,stateless_query,3505.641,752.714,36
0,25, get_patient,36,stateless_query,3858.989,3317.009,30
0,26, get_staff_prescriptions,37,stateless_query,3566.574,918.634,28
0,27, get_prescription_medication,38,stateless_query,3511.862,757.894,26
0,28, get_pharmacy_prescriptions,39,stateless_query,3309.575,730.103,28
0,29, get_prescription,40,stateless_query,3814.136,1023.029,26
0,30, get_prescription,41,stateless_query,3680.747,1063.734,24
0,31, update_prescription_medication,42,apply,3553.71,1028.93,279
0,32, process_prescription,43,apply,3319.794,1081.067,336
0,33, get_prescription_medication,44,stateless_query,4133.311,1059.336,33
0,34, get_staff_prescriptions,45,stateless_query,3237.871,694.566,30
0,35, get_prescription_medication,46,stateless_query,3550.635,752.494,48
0,36, get_prescription_medication,47,stateless_query,4134.634,1090.876,38
0,37, get_staff_prescriptions,48,stateless_query,4152.147,1227.71,29
0,38, create_prescription,49,apply,3877.464,1392.488,557
0,39, get_prescription_medication,50,stateless_query,3379.996,772.361,25
0,40, get_pharmacy_prescriptions,51,stateless_query,3207.063,783.281,29
0,41, get_staff_prescriptions,52,stateless_query,2919.487,689.175,27
0,42, get_pharmacy_prescriptions,53,stateless_query,3667.262,958.508,34
0,43, get_processed_pharmacy_prescriptions,54,stateless_query,3826.65,1054.277,39
0,44, get_prescription_medication,55,stateless_query,3527.762,887.656,23
0,45, get_pharmacy_prescriptions,56,stateless_query,3923.089,1050.76,39
0,46, get_staff_prescriptions,57,stateless_query,5249.474,1821.579,41
0,47, update_prescription_medication,58,apply,2933.753,737.817,265
0,48, get_prescription_medication,59,stateless_query,3306.168,824.488,22
0,49, get_pharmacy_prescriptions,60,stateless_query,3234.214,617.051,27
0,50, get_patient,61,stateless_query,3253.891,2068.208,32
0,51, get_staff_prescriptions,62,stateless_query,3278.236,589.871,26
0,52, create_prescription,63,apply,3355.781,1279.217,334
0,53, get_prescription_medication,64,stateless_query,3667.082,840.048,25
0,54, get_pharmacy_prescriptions,65,stateless_query,3198.728,659.0,27
0,55, get_processed_pharmacy_prescriptions,66,stateless_query,2912.204,587.495,23
0,56, get_processed_pharmacy_prescriptions,67,stateless_query,3082.1,692.803,21
0,57, get_staff_prescriptions,68,stateless_query,2656.486,621.32,20
0,58, create_prescription,69,apply,2777.512,1057.202,396
0,59, get_pharmacy_prescriptions,70,stateless_query,4031.632,1150.627,28
0,60, get_staff_prescriptions,71,stateless_query,3278.206,705.367,23
0,61, get_pharmacy_prescriptions,72,stateless_query,3566.905,762.413,27
0,62, get_staff_prescriptions,73,stateless_query,3687.069,733.318,33
0,63, create_prescription,74,apply,2733.17,1042.355,339
0,64, get_staff_prescriptions,75,stateless_query,2940.836,678.184,34
0,65, get_prescription_medication,76,stateless_query,3180.143,620.888,25
0,66, get_staff_prescriptions,77,stateless_query,3059.057,747.254,21
0,67, get_prescription_medication,78,stateless_query,4048.995,1156.548,29
0,68, get_prescription_medication,79,stateless_query,4052.301,935.906,49
0,69, process_prescription,80,apply,3196.825,998.664,302
0,70, get_patient,81,stateless_query,3963.616,2749.569,40
0,71, get_patient,82,stateless_query,3865.372,2992.123,26
0,72, get_prescription_medication,83,stateless_query,3782.337,803.61,37
0,73, get_pharmacy_prescriptions,84,stateless_query,3563.83,792.929,33
0,74, update_prescription_medication,85,apply,3029.993,1010.545,415
0,75, get_prescription_medication,86,stateless_query,3575.811,786.899,27
0,76, get_pharmacy_prescriptions,87,stateless_query,3341.013,680.529,28
0,77, get_staff_prescriptions,88,stateless_query,3838.421,880.712,32
0,78, get_prescription_medication,89,stateless_query,4238.568,1300.586,29
0,79, get_processed_pharmacy_prescriptions,90,stateless_query,4058.692,1130.259,44
0,80, get_prescription_medication,91,stateless_query,3358.837,898.275,30
0,81, get_patient,92,stateless_query,3374.396,2359.683,27
0,82, get_pharmacy_prescriptions,93,stateless_query,3653.757,670.961,49
0,83, get_prescription_medication,94,stateless_query,3716.454,960.472,28
0,84, get_prescription_medication,95,stateless_query,3461.709,850.306,30
0,85, get_pharmacy_prescriptions,96,stateless_query,3850.204,689.317,38
0,86, create_prescription,97,apply,3413.288,1221.029,331
0,87, get_staff_prescriptions,98,stateless_query,3766.117,732.116,51
0,88, get_staff_prescriptions,99,stateless_query,4396.362,1158.331,38
0,89, create_prescription,100,apply,3569.75,1410.793,523
0,90, get_patient,101,stateless_query,3657.794,2839.798,38
0,91, get_prescription_medication,102,stateless_query,4633.335,1078.813,47
0,92, get_processed_pharmacy_prescriptions,103,stateless_query,4302.136,779.204,48
0,93, get_prescription,104,stateless_query,4550.711,1151.478,42
0,94, get_patient,105,stateless_query,3435.76,2348.432,36
0,95, get_prescription_medication,106,stateless_query,3247.259,660.753,28
0,96, get_pharmacy_prescriptions,107,stateless_query,3138.255,699.565,31
0,97, get_prescription,108,stateless_query,3150.508,759.948,25
0,98, get_patient,109,stateless_query,3356.723,2670.272,32
0,99, get_prescription,110,stateless_query,3601.78,791.547,32
0,100, get_pharmacy_prescriptions,111,stateless_query,2849.367,666.723,22
0,101, get_prescription_medication,112,stateless_query,2850.398,660.552,22
0,102, get_prescription_medication,113,stateless_query,3411.395,822.195,31
0,103, get_staff_prescriptions,114,stateless_query,3981.999,764.788,45
0,104, get_prescription_medication,115,stateless_query,3274.318,752.564,32
0,105, get_staff_prescriptions,116,stateless_query,3765.857,750.651,36
0,106, get_prescription_medication,117,stateless_query,4178.126,967.234,43
0,107, get_pharmacy_prescriptions,118,stateless_query,3400.564,685.72,38
0,108, get_pharmacy_prescriptions,119,stateless_query,3375.637,814.55,32
0,109, get_pharmacy_prescriptions,120,stateless_query,2995.048,645.174,28
0,110, get_prescription_medication,121,stateless_query,3921.366,1182.526,33
0,111, get_pharmacy_prescriptions,122,stateless_query,3667.523,710.897,35
0,112, get_pharmacy_prescriptions,123,stateless_query,3385.326,654.2,27
0,113, get_pharmacy_prescriptions,124,stateless_query,3997.809,1188.948,42
0,114, get_prescription_medication,125,stateless_query,4303.629,1086.578,45
0,115, update_prescription_medication,126,apply,2896.734,897.464,275
0,116, get_prescription_medication,127,stateless_query,3495.962,735.803,34
0,117, get_prescription_medication,128,stateless_query,2949.323,717.118,26
0,118, get_prescription_medication,129,stateless_query,3220.158,830.54,25
0,119, get_staff_prescriptions,130,stateless_query,3398.131,968.587,23
0,120, get_pharmacy_prescriptions,131,stateless_query,3340.763,692.953,29
0,121, create_prescription,132,apply,2632.812,1101.395,406
0,122, get_processed_pharmacy_prescriptions,133,stateless_query,3156.961,750.56,25
0,123, get_prescription_medication,134,stateless_query,3186.646,663.708,25
0,124, get_staff_prescriptions,135,stateless_query,3500.08,723.088,35
0,125, get_processed_pharmacy_prescriptions,136,stateless_query,3994.363,803.78,40
0,126, get_pharmacy_prescriptions,137,stateless_query,4232.667,1288.274,42
0,127, get_prescription_medication,138,stateless_query,4065.665,1037.675,44
0,128, get_prescription,139,stateless_query,3731.111,739.85,62
0,129, get_prescription,140,stateless_query,3955.239,1130.569,30
0,130, create_prescription,141,apply,3031.886,1048.637,331
0,131, get_staff_prescriptions,142,stateless_query,3391.788,774.465,32
0,132, get_pharmacy_prescriptions,143,stateless_query,3886.732,975.54,37
0,133, get_staff_prescriptions,144,stateless_query,4097.254,827.886,43
0,134, get_staff_prescriptions,145,stateless_query,3917.508,915.298,45
0,135, get_pharmacy_prescriptions,146,stateless_query,4069.242,835.849,42
0,136, get_processed_pharmacy_prescriptions,147,stateless_query,3334.24,727.558,48
0,137, get_prescription_medication,148,stateless_query,3487.797,733.318,44
0,138, get_staff_prescriptions,149,stateless_query,3016.428,697.551,34
0,139, get_prescription_medication,150,stateless_query,3127.445,685.409,31
0,140, get_staff_prescriptions,151,stateless_query,3158.252,747.435,39
0,141, get_processed_pharmacy_prescriptions,152,stateless_query,3045.793,720.384,36
0,142, get_patient,153,stateless_query,3251.035,2453.357,33
0,143, get_pharmacy_prescriptions,154,stateless_query,3077.872,722.127,34
0,144, get_prescription_medication,155,stateless_query,2941.858,755.91,22
0,145, get_pharmacy_prescriptions,156,stateless_query,3072.041,715.334,23
0,146, get_pharmacy_prescriptions,157,stateless_query,3057.655,736.474,28
0,147, get_prescription,158,stateless_query,4952.98,1370.737,40
0,148, get_staff_prescriptions,159,stateless_query,3519.978,729.01,36
0,149, create_prescription,160,apply,3402.638,1317.188,540
0,150, get_patient,161,stateless_query,4711.19,4086.203,36
0,151, create_prescription,162,apply,3318.491,1272.885,537
0,152, get_staff_prescriptions,163,stateless_query,4413.003,1163.18,35
0,153, get_prescription_medication,164,stateless_query,3685.296,765.588,52
0,154, get_staff_prescriptions,165,stateless_query,3986.247,770.318,46
0,155, get_pharmacy_prescriptions,166,stateless_query,3667.412,800.434,36
0,156, get_staff_prescriptions,167,stateless_query,4864.566,1461.477,45
0,157, get_staff_prescriptions,168,stateless_query,3732.864,817.806,34
0,158, get_pharmacy_prescriptions,169,stateless_query,3613.311,877.558,47
0,159, get_staff_prescriptions,170,stateless_query,3467.7,754.888,30
0,160, get_prescription_medication,171,stateless_query,3888.946,901.842,29
0,161, get_prescription,172,stateless_query,4137.099,889.169,38
0,162, get_processed_pharmacy_prescriptions,173,stateless_query,3807.414,908.214,32
0,163, update_prescription_medication,174,apply,2732.959,853.622,275
0,164, update_prescription_medication,175,apply,2130.204,573.149,285
0,165, get_processed_pharmacy_prescriptions,176,stateless_query,3855.484,1010.815,31
0,166, get_prescription,177,stateless_query,3994.032,929.344,32
0,167, get_prescription_medication,178,stateless_query,4427.169,834.237,48
0,168, get_prescription_medication,179,stateless_query,4385.101,841.379,43
0,169, get_prescription_medication,180,stateless_query,3770.034,1109.29,39
0,170, update_prescription_medication,181,apply,2708.113,935.856,379
0,171, create_prescription,182,apply,3337.667,1428.916,423
0,172, get_pharmacy_prescriptions,183,stateless_query,3719.75,959.801,33
0,173, get_processed_pharmacy_prescriptions,184,stateless_query,3781.896,1084.804,69
0,174, get_prescription_medication,185,stateless_query,3589.787,850.928,47
0,175, get_processed_pharmacy_prescriptions,186,stateless_query,4027.264,1090.334,41
0,176, get_prescription_medication,187,stateless_query,3697.929,853.772,42
0,177, get_pharmacy_prescriptions,188,stateless_query,4388.919,1368.514,37
0,178, get_pharmacy_prescriptions,189,stateless_query,4739.313,1127.012,57
0,179, get_prescription_medication,190,stateless_query,4349.445,996.659,42
0,180, get_prescription_medication,191,stateless_query,4145.495,1094.443,35
0,181, get_pharmacy_prescriptions,192,stateless_query,3785.974,978.917,38
0,182, get_processed_pharmacy_prescriptions,193,stateless_query,4743.74,1004.885,49
0,183, get_prescription_medication,194,stateless_query,4040.729,1020.775,48
0,184, get_prescription_medication,195,stateless_query,4484.787,1319.972,52
0,185, get_prescription_medication,196,stateless_query,4115.769,1028.168,46
0,186, get_prescription_medication,197,stateless_query,4677.016,1582.603,43
0,187, get_pharmacy_prescriptions,198,stateless_query,3748.513,1013.531,47
0,188, get_prescription,199,stateless_query,3947.105,1039.871,44
0,189, get_pharmacy_prescriptions,200,stateless_query,3952.434,1046.642,46
0,190, get_prescription,201,stateless_query,4328.506,971.562,52
0,191, get_pharmacy_prescriptions,202,stateless_query,3917.118,836.761,47
0,192, get_pharmacy_prescriptions,203,stateless_query,4114.797,1134.807,41
0,193, get_prescription_medication,204,stateless_query,3688.301,819.338,44
0,194, update_prescription_medication,205,apply,2928.033,1177.607,408
0,195, get_pharmacy_prescriptions,206,stateless_query,4677.607,1045.371,49
0,196, create_prescription,207,apply,3214.658,1189.439,514
0,197, create_prescription,208,apply,3206.613,1299.444,411
0,198, get_staff_prescriptions,209,stateless_query,4845.27,1175.453,51
0,199, get_processed_pharmacy_prescriptions,210,stateless_query,4365.745,1275.96,51
0,200, get_prescription_medication,211,stateless_query,3672.181,862.528,37
0,201, get_processed_pharmacy_prescriptions,212,stateless_query,3508.856,876.325,30
0,202, create_prescription,213,apply,2542.394,1031.705,326
0,203, get_staff_prescriptions,214,stateless_query,3641.644,1066.801,30
0,204, get_prescription_medication,215,stateless_query,3761.277,1101.646,31
0,205, get_staff_prescriptions,216,stateless_query,4116.841,1226.778,54
0,206, get_pharmacy_prescriptions,217,stateless_query,4474.488,1232.279,34
0,207, get_patient,218,stateless_query,3897.292,3451.871,35
0,208, get_processed_pharmacy_prescriptions,219,stateless_query,4404.588,1168.25,61
0,209, get_staff_prescriptions,220,stateless_query,5406.527,1713.156,55
0,210, get_pharmacy_prescriptions,221,stateless_query,4808.121,1551.144,64
0,211, get_pharmacy_prescriptions,222,stateless_query,4657.209,1492.264,57
0,212, get_pharmacy_prescriptions,223,stateless_query,3919.303,1089.662,49
0,213, create_prescription,224,apply,2723.381,1009.233,338
0,214, get_patient,225,stateless_query,4243.647,3876.492,36
0,215, get_processed_pharmacy_prescriptions,226,stateless_query,4304.0,1361.911,38
0,216, get_prescription_medication,227,stateless_query,5826.36,1755.665,41
0,217, get_prescription,228,stateless_query,4734.344,1658.886,55
0,218, get_prescription_medication,229,stateless_query,4008.298,1048.917,49
0,219, get_staff_prescriptions,230,stateless_query,3574.119,906.09,35
0,220, get_pharmacy_prescriptions,231,stateless_query,4841.903,1779.029,31
0,221, get_pharmacy_prescriptions,232,stateless_query,4672.518,1351.502,59
0,222, get_staff_prescriptions,233,stateless_query,4197.391,1031.284,49
0,223, get_prescription_medication,234,stateless_query,4190.128,1180.762,42
0,224, get_prescription_medication,235,stateless_query,4624.779,1219.875,52
0,225, get_pharmacy_prescriptions,236,stateless_query,3937.897,935.675,40
0,226, get_prescription,237,stateless_query,4877.389,1595.587,45
0,227, create_prescription,238,apply,2660.374,964.248,334
0,228, create_prescription,239,apply,2959.14,1141.249,449
0,229, get_pharmacy_prescriptions,240,stateless_query,4790.037,1621.516,43
0,230, get_pharmacy_prescriptions,241,stateless_query,4063.211,1095.473,40
0,231, get_prescription_medication,242,stateless_query,4266.781,970.993,51
0,232, get_patient,243,stateless_query,4021.283,3232.131,40
0,233, get_prescription_medication,244,stateless_query,4871.799,1693.149,60
0,234, get_pharmacy_prescriptions,245,stateless_query,4606.294,1443.332,46
0,235, get_prescription_medication,246,stateless_query,4986.233,1867.975,55
0,236, get_prescription_medication,247,stateless_query,4497.341,1262.236,42
0,237, get_prescription_medication,248,stateless_query,4510.986,1225.195,45
0,238, get_prescription,249,stateless_query,4763.317,1527.58,43
0,239, get_prescription_medication,250,stateless_query,5520.39,1271.642,63
0,240, get_processed_pharmacy_prescriptions,251,stateless_query,4642.531,1258.329,42
0,241, get_patient,252,stateless_query,4533.078,3417.025,46
0,242, create_prescription,253,apply,3192.857,1113.769,349
0,243, get_prescription_medication,254,stateless_query,4002.327,1014.893,50
0,244, get_processed_pharmacy_prescriptions,255,stateless_query,5323.312,1782.587,59
0,245, get_pharmacy_prescriptions,256,stateless_query,4990.662,1239.233,47
0,246, get_patient,257,stateless_query,4878.892,4133.773,46
0,247, get_prescription,258,stateless_query,5516.963,1865.48,46
0,248, get_pharmacy_prescriptions,259,stateless_query,4290.796,1038.588,64
0,249, create_prescription,260,apply,2796.889,1096.806,374
0,250, get_prescription_medication,261,stateless_query,4220.965,1146.068,50
0,251, get_pharmacy_prescriptions,262,stateless_query,4432.22,1092.077,47
0,252, get_prescription_medication,263,stateless_query,5037.889,1157.229,55
0,253, get_pharmacy_prescriptions,264,stateless_query,4550.65,1189.56,51
0,254, get_prescription_medication,265,stateless_query,4546.282,1187.976,54
0,255, get_staff_prescriptions,266,stateless_query,4961.366,1768.269,42
0,256, update_prescription_medication,267,apply,2816.154,891.253,407
0,257, get_prescription_medication,268,stateless_query,6458.21,2219.039,82
0,258, get_prescription,269,stateless_query,5463.794,1438.504,63
0,259, create_prescription,270,apply,3593.344,1214.226,431
0,260, get_staff_prescriptions,271,stateless_query,6595.856,2006.083,73
0,261, get_staff_prescriptions,272,stateless_query,4352.68,1093.23,73
0,262, get_pharmacy_prescriptions,273,stateless_query,5233.424,1950.508,45
0,263, get_pharmacy_prescriptions,274,stateless_query,5602.051,1608.852,73
0,264, get_pharmacy_prescriptions,275,stateless_query,5784.041,1131.711,81
0,265, process_prescription,276,apply,3460.196,1153.412,394
0,266, get_pharmacy_prescriptions,277,stateless_query,4746.335,1232.108,49
0,267, get_processed_pharmacy_prescriptions,278,stateless_query,5877.606,1294.074,102
0,268, get_pharmacy_prescriptions,279,stateless_query,4670.153,1282.864,54
0,269, update_prescription_medication,280,apply,2466.913,704.064,280
0,270, get_prescription_medication,281,stateless_query,4820.794,1151.708,61
0,271, get_prescription_medication,282,stateless_query,5328.542,1724.687,46
0,272, get_prescription_medication,283,stateless_query,4478.486,1371.638,48
0,273, get_pharmacy_prescriptions,284,stateless_query,4576.478,1269.588,53
0,274, get_staff_prescriptions,285,stateless_query,5796.916,1553.519,61
0,275, get_pharmacy_prescriptions,286,stateless_query,5658.046,1625.302,68
0,276, get_staff_prescriptions,287,stateless_query,5834.375,1242.829,74
0,277, process_prescription,288,apply,3164.344,936.507,312
0,278, create_prescription,289,apply,3157.852,1271.842,433
0,279, get_pharmacy_prescriptions,290,stateless_query,5405.836,1964.616,47
0,280, get_staff_prescriptions,291,stateless_query,6311.145,2084.359,74
0,281, create_prescription,292,apply,4540.061,1622.818,549
0,282, get_pharmacy_prescriptions,293,stateless_query,5757.342,1342.656,65
0,283, get_processed_pharmacy_prescriptions,294,stateless_query,4830.422,1261.272,67
0,284, get_processed_pharmacy_prescriptions,295,stateless_query,5063.607,1701.655,45
0,285, get_staff_prescriptions,296,stateless_query,5428.658,1700.353,59
0,286, get_pharmacy_prescriptions,297,stateless_query,4323.577,1274.078,48
0,287, get_prescription_medication,298,stateless_query,4397.925,1319.282,46
0,288, get_pharmacy_prescriptions,299,stateless_query,4113.886,1088.891,39
0,289, get_prescription_medication,300,stateless_query,4852.153,1584.737,44
0,290, get_pharmacy_prescriptions,301,stateless_query,5149.137,1787.064,48
0,291, get_staff_prescriptions,302,stateless_query,6104.409,1632.396,79
0,292, get_prescription,303,stateless_query,4568.834,1128.746,51
0,293, get_staff_prescriptions,304,stateless_query,4521.176,1175.101,47
0,294, get_prescription_medication,305,stateless_query,5019.105,1424.318,71
0,295, get_patient,306,stateless_query,5125.894,4381.965,65
0,296, get_staff_prescriptions,307,stateless_query,5525.91,1438.264,65
0,297, get_processed_pharmacy_prescriptions,308,stateless_query,4833.237,1180.562,89
0,298, get_processed_pharmacy_prescriptions,309,stateless_query,4832.537,1722.183,52
0,299, get_prescription_medication,310,stateless_query,4603.028,1398.058,49
0,300, update_prescription_medication,311,apply,2564.845,772.441,272
0,301, get_pharmacy_prescriptions,312,stateless_query,4937.452,1382.179,47
0,302, get_pharmacy_prescriptions,313,stateless_query,5539.335,1181.144,58
0,303, get_processed_pharmacy_prescriptions,314,stateless_query,4730.556,1361.43,53
0,304, update_prescription_medication,315,apply,2339.835,663.758,267
0,305, get_staff_prescriptions,316,stateless_query,4621.462,1226.849,48
0,306, get_prescription_medication,317,stateless_query,4660.976,1320.453,50
0,307, get_prescription,318,stateless_query,5633.501,1296.648,65
0,308, create_prescription,319,apply,3266.875,1320.183,464
0,309, get_prescription_medication,320,stateless_query,5296.051,1413.897,68
0,310, get_patient,321,stateless_query,4985.371,4554.518,55
0,311, process_prescription,322,apply,2600.241,769.345,269
0,312, get_processed_pharmacy_prescriptions,323,stateless_query,4965.815,1379.474,63
0,313, get_staff_prescriptions,324,stateless_query,4909.771,1292.131,51
0,314, get_prescription_medication,325,stateless_query,5727.336,1226.158,47
0,315, get_prescription,326,stateless_query,5963.185,1425.94,70
0,316, get_pharmacy_prescriptions,327,stateless_query,4698.947,1244.132,64
0,317, get_staff_prescriptions,328,stateless_query,4174.488,1155.667,46
0,318, get_prescription_medication,329,stateless_query,4339.095,1326.175,38
0,319, get_prescription_medication,330,stateless_query,4247.214,1136.81,39
0,320, get_pharmacy_prescriptions,331,stateless_query,4370.896,1228.482,45
0,321, get_processed_pharmacy_prescriptions,332,stateless_query,5084.155,1210.368,57
0,322, get_prescription_medication,333,stateless_query,4361.057,1187.907,46
0,323, get_prescription_medication,334,stateless_query,5133.127,1250.362,75
0,324, create_prescription,335,apply,2863.252,1052.413,344
0,325, get_processed_pharmacy_prescriptions,336,stateless_query,5158.054,1732.151,44
0,326, get_prescription,337,stateless_query,4994.178,1432.403,58
0,327, create_prescription,338,apply,3114.29,1151.108,443
0,328, update_prescription_medication,339,apply,2605.371,810.582,336
0,329, get_staff_prescriptions,340,stateless_query,5901.21,2251.521,49
0,330, create_prescription,341,apply,3537.621,1335.322,465
0,331, get_prescription_medication,342,stateless_query,5616.679,1733.745,55
0,332, get_prescription_medication,343,stateless_query,5285.261,1523.092,65
0,333, get_prescription_medication,344,stateless_query,4815.744,1385.575,55
0,334, get_staff_prescriptions,345,stateless_query,4850.5,1467.328,53
0,335, get_pharmacy_prescriptions,346,stateless_query,5508.828,1295.347,78
0,336, process_prescription,347,apply,3191.614,1239.673,498
0,337, get_pharmacy_prescriptions,348,stateless_query,5131.274,1364.065,56
0,338, get_pharmacy_prescriptions,349,stateless_query,6311.376,2214.682,78
0,339, get_prescription_medication,350,stateless_query,4767.865,1261.143,56
0,340, get_prescription,351,stateless_query,4940.357,1274.207,70
0,341, create_prescription,352,apply,3376.79,1175.884,334
0,342, process_prescription,353,apply,3277.675,1072.4,264
0,343, get_pharmacy_prescriptions,354,stateless_query,7131.546,1603.602,100
0,344, get_processed_pharmacy_prescriptions,355,stateless_query,6008.871,1993.579,61
0,345, get_staff_prescriptions,356,stateless_query,8252.487,2984.128,89
0,346, get_pharmacy_prescriptions,357,stateless_query,6681.185,1744.455,86
0,347, get_pharmacy_prescriptions,358,stateless_query,6043.656,1441.991,129
0,348, get_pharmacy_prescriptions,359,stateless_query,5974.737,2055.255,70
0,349, get_staff_prescriptions,360,stateless_query,6076.738,1332.757,101
0,350, get_pharmacy_prescriptions,361,stateless_query,5457.642,1569.027,75
0,351, get_staff_prescriptions,362,stateless_query,5456.37,1572.092,58
0,352, get_pharmacy_prescriptions,363,stateless_query,5492.588,1519.055,59
0,353, process_prescription,364,apply,3294.216,951.666,299
0,354, get_pharmacy_prescriptions,365,stateless_query,5045.664,1461.917,55
0,355, get_prescription_medication,366,stateless_query,5928.591,1635.191,69
0,356, get_prescription_medication,367,stateless_query,5677.623,1885.296,59
0,357, get_prescription_medication,368,stateless_query,5706.497,1350.279,77
0,358, get_staff_prescriptions,369,stateless_query,5196.144,1605.525,58
0,359, get_pharmacy_prescriptions,370,stateless_query,6797.202,2285.915,80
0,360, get_prescription_medication,371,stateless_query,6179.539,2003.989,85
0,361, get_prescription_medication,372,stateless_query,6388.54,2375.021,59
0,362, get_prescription_medication,373,stateless_query,6042.012,1433.225,82
0,363, get_staff_prescriptions,374,stateless_query,5115.464,1341.493,81
0,364, get_pharmacy_prescriptions,375,stateless_query,6149.613,1439.616,75
0,365, get_prescription_medication,376,stateless_query,5035.715,1427.643,53
0,366, create_prescription,377,apply,3167.239,1047.945,355
0,367, get_pharmacy_prescriptions,378,stateless_query,5305.89,1368.564,84
0,368, get_pharmacy_prescriptions,379,stateless_query,5040.113,1421.402,54
0,369, get_prescription_medication,380,stateless_query,5800.412,2210.435,54
0,370, get_pharmacy_prescriptions,381,stateless_query,6730.387,2131.837,76
0,371, get_pharmacy_prescriptions,382,stateless_query,5982.862,1730.52,84
0,372, get_staff_prescriptions,383,stateless_query,5658.748,2096.832,55
0,373, get_pharmacy_prescriptions,384,stateless_query,5754.216,1447.18,79
0,374, get_pharmacy_prescriptions,385,stateless_query,5025.907,1394.943,59
0,375, get_pharmacy_prescriptions,386,stateless_query,5244.425,1455.485,62
0,376, get_patient,387,stateless_query,5318.943,4763.117,57
0,377, update_prescription_medication,388,apply,2752.576,753.195,320
0,378, get_pharmacy_prescriptions,389,stateless_query,5334.963,1514.256,55
0,379, get_prescription_medication,390,stateless_query,5686.579,1790.01,52
0,380, get_pharmacy_prescriptions,391,stateless_query,4978.9,1406.473,123
0,381, get_prescription_medication,392,stateless_query,8744.385,3192.908,96
0,382, get_staff_prescriptions,393,stateless_query,5269.542,1377.509,70
0,383, get_processed_pharmacy_prescriptions,394,stateless_query,6440.517,2121.698,73
0,384, get_prescription_medication,395,stateless_query,5378.144,1573.766,64
0,385, update_prescription_medication,396,apply,2682.926,842.122,267
0,386, get_processed_pharmacy_prescriptions,397,stateless_query,5578.037,1481.323,79
0,387, get_pharmacy_prescriptions,398,stateless_query,5594.427,1658.975,64
0,388, get_pharmacy_prescriptions,399,stateless_query,5009.175,1393.25,81
0,389, create_prescription,400,apply,3358.586,1426.422,523
0,390, get_pharmacy_prescriptions,401,stateless_query,6000.726,2516.775,55
0,391, get_pharmacy_prescriptions,402,stateless_query,6467.126,1598.873,64
0,392, get_prescription_medication,403,stateless_query,5794.892,2036.399,59
0,393, get_pharmacy_prescriptions,404,stateless_query,5199.932,1395.764,70
0,394, get_staff_prescriptions,405,stateless_query,6491.421,2570.837,61
0,395, create_prescription,406,apply,3249.793,1219.916,337
0,396, get_prescription_medication,407,stateless_query,5932.598,1475.233,83
0,397, get_prescription_medication,408,stateless_query,5731.153,1853.558,62
0,398, create_prescription,409,apply,3266.895,1275.069,402
0,399, get_pharmacy_prescriptions,410,stateless_query,6714.889,2338.714,61
0,400, get_pharmacy_prescriptions,411,stateless_query,6764.541,1838.75,74
0,401, get_pharmacy_prescriptions,412,stateless_query,5616.84,1744.254,68
0,402, get_prescription_medication,413,stateless_query,5653.899,1487.977,61
0,403, get_prescription_medication,414,stateless_query,6300.294,2151.675,63
0,404, get_pharmacy_prescriptions,415,stateless_query,5337.118,1584.176,76
0,405, get_staff_prescriptions,416,stateless_query,5815.62,1516.299,58
0,406, get_prescription_medication,417,stateless_query,6800.057,2620.368,62
0,407, get_pharmacy_prescriptions,418,stateless_query,5372.975,1617.618,65
0,408, get_pharmacy_prescriptions,419,stateless_query,5760.528,1833.842,61
0,409, get_pharmacy_prescriptions,420,stateless_query,5529.456,1549.281,72
0,410, create_prescription,421,apply,3583.916,1283.595,334
0,411, update_prescription_medication,422,apply,2511.246,757.774,303
0,412, get_staff_prescriptions,423,stateless_query,5305.769,1787.496,61
0,413, process_prescription,424,apply,2673.408,926.318,399
0,414, get_prescription_medication,425,stateless_query,7139.941,2276.608,76
0,415, get_pharmacy_prescriptions,426,stateless_query,6263.546,2006.875,72
0,416, get_pharmacy_prescriptions,427,stateless_query,5997.6,1785.351,69
0,417, create_prescription,428,apply,2944.664,1013.28,387
0,418, process_prescription,429,apply,2282.769,714.503,289
0,419, get_staff_prescriptions,430,stateless_query,6181.233,2167.855,60
0,420, get_prescription_medication,431,stateless_query,6078.831,1645.551,66
0,421, get_prescription,432,stateless_query,7524.418,2870.726,77
0,422, create_prescription,433,apply,3105.795,1174.261,334
0,423, get_processed_pharmacy_prescriptions,434,stateless_query,5343.579,1591.099,65
0,424, create_prescription,435,apply,2629.065,979.237,327
0,425, get_staff_prescriptions,436,stateless_query,6378.19,1784.549,84
0,426, get_staff_prescriptions,437,stateless_query,7009.919,2482.803,63
0,427, get_prescription_medication,438,stateless_query,7158.626,2744.56,73
0,428, create_prescription,439,apply,3297.593,1406.525,528
0,429, get_prescription_medication,440,stateless_query,7978.375,3089.404,87
0,430, get_pharmacy_prescriptions,441,stateless_query,7076.533,2066.836,106
0,431, get_pharmacy_prescriptions,442,stateless_query,7562.72,1925.142,93
0,432, get_prescription_medication,443,stateless_query,5729.289,1585.347,78
0,433, process_prescription,444,apply,3548.38,1212.422,473
0,434, get_prescription_medication,445,stateless_query,5572.056,1732.102,64
0,435, get_pharmacy_prescriptions,446,stateless_query,5888.867,1635.611,88
0,436, get_prescription_medication,447,stateless_query,6221.347,1867.545,70
0,437, process_prescription,448,apply,2546.451,858.392,353
0,438, get_prescription_medication,449,stateless_query,6829.101,2815.173,67
0,439, get_pharmacy_prescriptions,450,stateless_query,6176.634,1860.401,76
0,440, get_staff_prescriptions,451,stateless_query,5673.836,1623.758,83
0,441, get_pharmacy_prescriptions,452,stateless_query,6395.963,1997.105,93
0,442, get_pharmacy_prescriptions,453,stateless_query,5805.511,1794.339,71
0,443, get_processed_pharmacy_prescriptions,454,stateless_query,5925.225,1644.208,71
0,444, get_prescription_medication,455,stateless_query,7750.791,2333.193,107
0,445, get_patient,456,stateless_query,6974.913,7002.195,104
0,446, update_prescription_medication,457,apply,2642.671,951.725,503
0,447, get_prescription_medication,458,stateless_query,6552.124,2206.736,84
0,448, get_staff_prescriptions,459,stateless_query,6802.842,2119.173,83
0,449, get_prescription,460,stateless_query,6248.297,1925.422,74
0,450, get_pharmacy_prescriptions,461,stateless_query,5561.506,1627.416,69
0,451, create_prescription,462,apply,2796.046,1027.367,415
0,452, create_prescription,463,apply,2916.652,1202.053,516
0,453, get_staff_prescriptions,464,stateless_query,6705.321,2512.457,73
0,454, get_staff_prescriptions,465,stateless_query,7723.65,2084.969,102
0,455, get_processed_pharmacy_prescriptions,466,stateless_query,6654.746,2194.584,69
0,456, get_prescription_medication,467,stateless_query,8343.437,2892.967,96
0,457, get_pharmacy_prescriptions,468,stateless_query,7324.265,2275.645,106
0,458, get_pharmacy_prescriptions,469,stateless_query,6284.214,1987.919,75
0,459, get_pharmacy_prescriptions,470,stateless_query,5927.229,1692.528,100
0,460, get_prescription,471,stateless_query,6817.39,2038.684,81
0,461, get_staff_prescriptions,472,stateless_query,5806.684,1716.322,79
0,462, get_prescription_medication,473,stateless_query,5753.815,1697.898,81
0,463, get_prescription_medication,474,stateless_query,5764.034,1707.405,76
0,464, process_prescription,475,apply,2971.324,1101.605,316
0,465, get_prescription_medication,476,stateless_query,6462.567,1870.25,92
0,466, get_processed_pharmacy_prescriptions,477,stateless_query,7870.104,3315.986,79
0,467, get_prescription_medication,478,stateless_query,6365.746,1767.699,79
0,468, get_prescription_medication,479,stateless_query,6412.755,1877.273,93
0,469, get_staff_prescriptions,480,stateless_query,6154.693,1724.517,98
0,470, process_prescription,481,apply,2621.992,744.399,275
0,471, get_pharmacy_prescriptions,482,stateless_query,6285.788,2179.807,66
0,472, get_pharmacy_prescriptions,483,stateless_query,7536.12,3188.118,79
0,473, create_prescription,484,apply,2847.162,1066.34,333
0,474, create_prescription,485,apply,3049.85,1130.649,496
0,475, get_pharmacy_prescriptions,486,stateless_query,7039.444,2075.513,95
0,476, get_pharmacy_prescriptions,487,stateless_query,6832.267,1932.435,83
0,477, get_pharmacy_prescriptions,488,stateless_query,6323.097,1904.473,77
0,478, get_pharmacy_prescriptions,489,stateless_query,6372.55,2026.771,73
0,479, get_processed_pharmacy_prescriptions,490,stateless_query,7397.592,2340.738,105
0,480, get_prescription_medication,491,stateless_query,8190.481,3074.848,85
0,481, get_staff_prescriptions,492,stateless_query,7311.772,1880.789,77
0,482, get_prescription_medication,493,stateless_query,6429.105,1956.19,87
0,483, get_pharmacy_prescriptions,494,stateless_query,7089.757,2288.6,81
0,484, get_prescription_medication,495,stateless_query,7631.84,2276.027,102
0,485, get_prescription_medication,496,stateless_query,6509.004,2069.862,78
0,486, get_prescription_medication,497,stateless_query,6750.624,2038.604,88
0,487, get_prescription_medication,498,stateless_query,7510.062,2656.486,83
0,488, get_prescription,499,stateless_query,7411.027,1975.415,102
0,489, get_staff_prescriptions,500,stateless_query,6278.023,1826.288,75
0,490, get_pharmacy_prescriptions,501,stateless_query,8913.811,3349.43,101
0,491, get_patient,502,stateless_query,6793.124,6785.991,76
0,492, create_prescription,503,apply,3109.782,1207.052,392
0,493, get_pharmacy_prescriptions,504,stateless_query,6310.273,2055.106,73
0,494, get_staff_prescriptions,505,stateless_query,7069.349,2241.412,84
0,495, get_processed_pharmacy_prescriptions,506,stateless_query,7036.248,1949.137,138
0,496, process_prescription,507,apply,3414.931,1160.295,409
0,497, get_staff_prescriptions,508,stateless_query,6484.317,1929.37,106
0,498, get_pharmacy_prescriptions,509,stateless_query,6724.957,2117.351,79
0,499, get_prescription_medication,510,stateless_query,6690.743,1979.573,93
0,500, get_pharmacy_prescriptions,511,stateless_query,8981.547,1958.203,110
0,501, get_prescription_medication,512,stateless_query,7027.411,2246.161,105
0,502, get_prescription_medication,513,stateless_query,7357.367,1971.208,108
0,503, get_staff_prescriptions,514,stateless_query,7123.791,2507.207,90
0,504, get_prescription_medication,515,stateless_query,7877.508,2584.532,129
0,505, get_pharmacy_prescriptions,516,stateless_query,7005.861,1852.106,119
0,506, get_patient,517,stateless_query,6417.503,6297.458,90
0,507, create_prescription,518,apply,3435.53,1229.854,524
0,508, get_prescription,519,stateless_query,7209.451,2149.842,99
0,509, get_staff_prescriptions,520,stateless_query,6755.925,1842.126,83
0,510, create_prescription,521,apply,2724.443,980.679,333
0,511, get_pharmacy_prescriptions,522,stateless_query,6804.675,2403.805,72
0,512, create_prescription,523,apply,3737.884,1245.323,344
0,513, get_patient,524,stateless_query,6515.466,6718.446,75
0,514, create_prescription,525,apply,3354.369,1298.633,541
0,515, get_prescription_medication,526,stateless_query,6896.116,2127.319,79
0,516, get_prescription_medication,527,stateless_query,6618.829,2044.354,83
0,517, get_patient,528,stateless_query,6583.543,6766.966,80
0,518, get_staff_prescriptions,529,stateless_query,6917.035,1967.831,115
0,519, get_pharmacy_prescriptions,530,stateless_query,6226.106,1915.724,78
0,520, get_prescription_medication,531,stateless_query,7300.611,2817.917,74
0,521, get_prescription_medication,532,stateless_query,6300.686,1893.733,90
0,522, get_prescription,533,stateless_query,6991.895,2224.43,96
0,523, update_prescription_medication,534,apply,2754.88,889.96,402
0,524, get_prescription,535,stateless_query,6380.985,2038.083,76
0,525, get_prescription_medication,536,stateless_query,6280.799,2061.606,74
0,526, get_pharmacy_prescriptions,537,stateless_query,6849.439,2367.748,84
0,527, get_patient,538,stateless_query,7474.516,7496.666,112
0,528, get_pharmacy_prescriptions,539,stateless_query,6327.676,1926.815,79
0,529, create_prescription,540,apply,3027.639,1212.452,525
0,530, update_prescription_medication,541,apply,2634.035,680.981,261
0,531, get_pharmacy_prescriptions,542,stateless_query,6593.381,2150.303,132
0,532, get_prescription_medication,543,stateless_query,7135.433,2137.048,84
0,533, get_prescription_medication,544,stateless_query,6361.038,1924.801,89
0,534, get_prescription_medication,545,stateless_query,7257.63,2016.462,95
0,535, get_pharmacy_prescriptions,546,stateless_query,7602.424,2015.822,102
0,536, get_staff_prescriptions,547,stateless_query,7776.77,2707.742,107
0,537, create_prescription,548,apply,2929.576,1023.028,342
0,538, get_pharmacy_prescriptions,549,stateless_query,6181.994,2113.904,77
0,539, get_staff_prescriptions,550,stateless_query,6881.189,1960.318,87
0,540, update_prescription_medication,551,apply,3209.919,1019.082,414
0,541, get_pharmacy_prescriptions,552,stateless_query,6768.328,2032.592,102
0,542, get_prescription_medication,553,stateless_query,6828.76,2028.003,83
0,543, get_prescription_medication,554,stateless_query,7043.761,2054.664,108
0,544, get_prescription_medication,555,stateless_query,6568.234,2017.774,87
0,545, get_prescription_medication,556,stateless_query,7394.807,2046.809,111
0,546, get_prescription,557,stateless_query,6505.708,1994.471,83
0,547, update_prescription_medication,558,apply,2616.101,805.153,271
0,548, get_staff_prescriptions,559,stateless_query,6867.383,2065.354,85
0,549, get_staff_prescriptions,560,stateless_query,9021.682,3914.083,86
0,550, get_prescription_medication,561,stateless_query,6855.381,2338.423,88
0,551, get_patient,562,stateless_query,7006.803,7538.916,93
0,552, get_staff_prescriptions,563,stateless_query,7975.44,3019.974,83
0,553, get_prescription_medication,564,stateless_query,7485.356,2420.146,86
0,554, get_pharmacy_prescriptions,565,stateless_query,6394.871,1945.129,101
0,555, get_pharmacy_prescriptions,566,stateless_query,6052.723,1948.586,85
0,556, get_prescription_medication,567,stateless_query,6023.909,1941.081,77
0,557, get_pharmacy_prescriptions,568,stateless_query,7442.185,3060.18,79
0,558, get_prescription_medication,569,stateless_query,6467.145,2008.057,85
0,559, update_prescription_medication,570,apply,2544.898,825.029,324
0,560, get_prescription_medication,571,stateless_query,7531.922,2081.885,76
0,561, get_prescription,572,stateless_query,6903.67,2425.996,88
0,562, get_prescription_medication,573,stateless_query,7701.549,3242.6,88
0,563, get_processed_pharmacy_prescriptions,574,stateless_query,7815.742,3438.506,83
0,564, get_staff_prescriptions,575,stateless_query,6965.866,2313.507,88
0,565, get_processed_pharmacy_prescriptions,576,stateless_query,7078.987,2034.205,106
0,566, process_prescription,577,apply,2878.61,880.082,280
0,567, get_prescription_medication,578,stateless_query,7022.412,2251.54,79
0,568, get_prescription_medication,579,stateless_query,7233.005,2152.166,90
0,569, process_prescription,580,apply,2681.353,803.068,320
0,570, get_pharmacy_prescriptions,581,stateless_query,7260.796,2340.988,87
0,571, get_staff_prescriptions,582,stateless_query,6663.412,2213.359,95
0,572, get_staff_prescriptions,583,stateless_query,7440.241,2138.27,91
0,573, get_staff_prescriptions,584,stateless_query,8082.009,3495.361,94
0,574, get_prescription_medication,585,stateless_query,6809.665,2045.396,105
0,575, get_pharmacy_prescriptions,586,stateless_query,7409.034,2439.551,92
0,576, get_prescription,587,stateless_query,9171.532,2780.307,122
0,577, get_prescription_medication,588,stateless_query,6933.937,2172.824,87
0,578, get_pharmacy_prescriptions,589,stateless_query,6664.364,2197.078,101
0,579, get_staff_prescriptions,590,stateless_query,7279.281,2523.007,102
0,580, get_staff_prescriptions,591,stateless_query,7957.848,2090.48,123
0,581, get_staff_prescriptions,592,stateless_query,6824.773,2078.117,88
0,582, get_prescription_medication,593,stateless_query,7632.28,2340.226,119
0,583, get_prescription_medication,594,stateless_query,7818.267,2159.148,85
0,584, get_staff_prescriptions,595,stateless_query,7301.183,2093.656,93
0,585, get_prescription,596,stateless_query,8115.301,2985.751,87
0,586, get_pharmacy_prescriptions,597,stateless_query,7048.751,2407.001,101
0,587, get_prescription,598,stateless_query,7663.608,2160.751,118
0,588, process_prescription,599,apply,2614.147,747.645,262
0,589, get_pharmacy_prescriptions,600,stateless_query,7412.479,2244.408,111
0,590, get_pharmacy_prescriptions,601,stateless_query,6939.878,2222.477,86
0,591, get_prescription_medication,602,stateless_query,7486.087,2082.945,124
0,592, get_staff_prescriptions,603,stateless_query,6933.195,2143.158,86
0,593, get_pharmacy_prescriptions,604,stateless_query,7813.217,2559.164,91
0,594, get_pharmacy_prescriptions,605,stateless_query,7321.66,2477.042,121
0,595, process_prescription,606,apply,2789.375,936.337,396
0,596, get_prescription_medication,607,stateless_query,7341.508,2373.107,85
0,597, get_prescription_medication,608,stateless_query,7223.176,2524.199,87
0,598, get_pharmacy_prescriptions,609,stateless_query,7050.604,2119.012,89
0,599, get_processed_pharmacy_prescriptions,610,stateless_query,7659.811,2376.864,127
0,600, process_prescription,611,apply,2839.638,947.047,381
0,601, get_prescription,612,stateless_query,6618.92,2209.382,86
0,602, get_prescription_medication,613,stateless_query,8382.55,2837.254,129
0,603, get_patient,614,stateless_query,8151.879,9204.023,89
0,604, get_pharmacy_prescriptions,615,stateless_query,7024.646,2157.605,91
0,605, get_staff_prescriptions,616,stateless_query,9322.593,4107.062,91
0,606, get_pharmacy_prescriptions,617,stateless_query,7203.76,2171.722,92
0,607, process_prescription,618,apply,2629.125,827.214,325
0,608, get_staff_prescriptions,619,stateless_query,7547.692,2274.472,80
0,609, get_prescription_medication,620,stateless_query,8980.666,2797.198,121
0,610, get_prescription_medication,621,stateless_query,8355.479,2878.369,122
0,611, get_prescription_medication,622,stateless_query,8069.165,2797.59,95
0,612, get_patient,623,stateless_query,6732.631,7032.791,95
0,613, get_patient,624,stateless_query,9105.068,9118.312,120
0,614, create_prescription,625,apply,3589.828,1208.815,334
0,615, process_prescription,626,apply,3027.769,891.113,369
0,616, process_prescription,627,apply,2639.194,957.967,402
0,617, create_prescription,628,apply,2676.664,1041.884,322
0,618, get_prescription_medication,629,stateless_query,7778.773,2370.493,118
0,619, get_prescription_medication,630,stateless_query,8226.468,2664.933,124
0,620, get_staff_prescriptions,631,stateless_query,9389.137,3886.341,107
0,621, get_staff_prescriptions,632,stateless_query,7523.547,2231.834,91
0,622, get_staff_prescriptions,633,stateless_query,7647.438,2758.086,94
0,623, get_pharmacy_prescriptions,634,stateless_query,8594.305,2570.005,99
0,624, get_processed_pharmacy_prescriptions,635,stateless_query,7299.328,2365.765,93
0,625, get_prescription_medication,636,stateless_query,7877.096,2262.641,90
0,626, get_pharmacy_prescriptions,637,stateless_query,7713.0,2556.07,91
0,627, get_pharmacy_prescriptions,638,stateless_query,7030.347,2377.927,113
0,628, get_pharmacy_prescriptions,639,stateless_query,6963.752,2192.591,86
0,629, get_pharmacy_prescriptions,640,stateless_query,7044.704,2232.926,88
0,630, get_pharmacy_prescriptions,641,stateless_query,8401.976,2538.445,111
0,631, get_prescription_medication,642,stateless_query,7574.211,2556.24,91
0,632, get_staff_prescriptions,643,stateless_query,8392.388,2510.343,124
0,633, get_prescription_medication,644,stateless_query,7751.462,2250.859,102
0,634, create_prescription,645,apply,3334.902,1271.032,559
0,635, get_processed_pharmacy_prescriptions,646,stateless_query,7598.466,2335.817,94
0,636, get_prescription_medication,647,stateless_query,7114.144,2164.268,100
0,637, get_prescription,648,stateless_query,7760.98,2205.876,95
0,638, get_prescription_medication,649,stateless_query,7713.883,2716.489,97
0,639, get_prescription_medication,650,stateless_query,7170.368,2340.627,96
0,640, get_prescription_medication,651,stateless_query,7056.796,2263.433,94
0,641, create_prescription,652,apply,2974.159,1175.463,449
0,642, get_pharmacy_prescriptions,653,stateless_query,8588.454,2609.008,121
0,643, get_patient,654,stateless_query,7075.15,7692.071,96
0,644, get_prescription,655,stateless_query,7211.134,2572.219,78
0,645, get_prescription_medication,656,stateless_query,6997.746,2345.176,79
0,646, get_prescription_medication,657,stateless_query,7364.991,2469.237,94
0,647, get_prescription_medication,658,stateless_query,7380.65,2505.684,86
0,648, get_pharmacy_prescriptions,659,stateless_query,7385.339,2269.214,135
0,649, create_prescription,660,apply,3465.957,1215.397,520
0,650, get_pharmacy_prescriptions,661,stateless_query,7477.441,2266.629,102
0,651, get_pharmacy_prescriptions,662,stateless_query,7386.141,2451.022,128
0,652, get_staff_prescriptions,663,stateless_query,8044.259,2463.948,97
0,653, get_pharmacy_prescriptions,664,stateless_query,8388.07,3321.927,98
0,654, get_staff_prescriptions,665,stateless_query,7832.704,2673.057,97
0,655, get_prescription_medication,666,stateless_query,7671.102,2301.704,131
0,656, get_patient,667,stateless_query,7319.156,7726.305,94
0,657, get_prescription_medication,668,stateless_query,7430.363,2432.53,93
0,658, update_prescription_medication,669,apply,2290.944,664.55,272
0,659, get_prescription,670,stateless_query,8252.416,2256.801,120
0,660, get_prescription_medication,671,stateless_query,7283.699,2293.258,108
0,661, get_pharmacy_prescriptions,672,stateless_query,9126.308,3779.151,100
0,662, get_prescription_medication,673,stateless_query,7421.016,2292.418,97
0,663, get_processed_pharmacy_prescriptions,674,stateless_query,8352.634,3264.331,96
0,664, get_pharmacy_prescriptions,675,stateless_query,8658.705,2231.224,152
0,665, get_prescription_medication,676,stateless_query,7547.541,2501.497,127
0,666, process_prescription,677,apply,3416.865,1169.011,422
0,667, get_prescription_medication,678,stateless_query,8008.482,2927.673,89
0,668, get_pharmacy_prescriptions,679,stateless_query,8012.258,2262.742,112
0,669, get_pharmacy_prescriptions,680,stateless_query,7463.846,2530.119,196
0,670, get_prescription_medication,681,stateless_query,7264.574,2358.41,88
0,671, create_prescription,682,apply,2787.241,1123.275,401
0,672, create_prescription,683,apply,2626.801,1117.445,497
0,673, get_prescription_medication,684,stateless_query,6815.246,2270.235,92
0,674, get_patient,685,stateless_query,6963.252,7515.672,91
0,675, get_pharmacy_prescriptions,686,stateless_query,7231.832,2317.643,97
0,676, get_staff_prescriptions,687,stateless_query,8171.275,2314.848,136
0,677, get_pharmacy_prescriptions,688,stateless_query,7229.298,2279.363,98
0,678, create_prescription,689,apply,3017.55,1051.632,341
0,679, get_patient,690,stateless_query,8586.22,9116.008,125
0,680, get_prescription_medication,691,stateless_query,8180.202,2419.825,155
0,681, get_pharmacy_prescriptions,692,stateless_query,7584.31,2395.83,98
0,682, get_processed_pharmacy_prescriptions,693,stateless_query,9914.477,4157.676,147
0,683, get_staff_prescriptions,694,stateless_query,7727.528,2355.254,138
0,684, get_prescription_medication,695,stateless_query,7433.289,2471.641,149
0,685, get_prescription_medication,696,stateless_query,8982.138,2742.907,119
0,686, get_pharmacy_prescriptions,697,stateless_query,8616.877,2337.621,132
0,687, get_pharmacy_prescriptions,698,stateless_query,7710.205,2643.582,122
0,688, get_prescription_medication,699,stateless_query,7540.538,2422.61,94
0,689, process_prescription,700,apply,2761.763,891.453,328
0,690, get_prescription_medication,701,stateless_query,9023.956,3684.483,107
0,691, get_pharmacy_prescriptions,702,stateless_query,7316.871,2377.115,100
0,692, get_staff_prescriptions,703,stateless_query,8620.353,3155.778,100
0,693, create_prescription,704,apply,3037.347,1118.557,332
0,694, get_prescription_medication,705,stateless_query,7914.186,2497.479,94
0,695, get_pharmacy_prescriptions,706,stateless_query,8261.002,2420.285,105
0,696, get_prescription_medication,707,stateless_query,7445.371,2396.591,107
0,697, get_prescription_medication,708,stateless_query,7498.27,2441.475,104
0,698, create_prescription,709,apply,3068.004,1406.173,399
0,699, get_prescription_medication,710,stateless_query,8035.071,2952.919,88
0,700, get_staff_prescriptions,711,stateless_query,8347.774,2734.432,105
0,701, get_prescription_medication,712,stateless_query,8987.428,2961.534,149
0,702, get_prescription_medication,713,stateless_query,7582.396,2491.327,117
0,703, get_prescription_medication,714,stateless_query,11034.147,4732.831,140
0,704, get_prescription,715,stateless_query,8874.808,2530.12,140
0,705, get_prescription,716,stateless_query,7697.952,2571.186,103
0,706, get_prescription_medication,717,stateless_query,7942.109,2408.764,104
0,707, get_pharmacy_prescriptions,718,stateless_query,9381.423,3033.719,134
0,708, get_pharmacy_prescriptions,719,stateless_query,7745.2,2363.308,111
0,709, get_prescription_medication,720,stateless_query,9721.578,3143.944,132
0,710, get_pharmacy_prescriptions,721,stateless_query,7674.298,2439.471,117
0,711, get_processed_pharmacy_prescriptions,722,stateless_query,8043.397,2753.989,108
0,712, get_prescription_medication,723,stateless_query,7992.331,2414.075,116
0,713, get_prescription_medication,724,stateless_query,9541.863,3217.163,150
0,714, get_staff_prescriptions,725,stateless_query,8053.276,2644.584,101
0,715, get_prescription,726,stateless_query,8467.869,2420.666,114
0,716, get_staff_prescriptions,727,stateless_query,7996.88,2533.196,106
0,717, get_prescription_medication,728,stateless_query,8491.643,2764.638,113
0,718, get_prescription_medication,729,stateless_query,7788.181,2398.976,102
0,719, get_prescription_medication,730,stateless_query,7563.943,2355.304,151
0,720, get_staff_prescriptions,731,stateless_query,10729.729,4326.062,139
0,721, get_staff_prescriptions,732,stateless_query,7220.131,2471.3,109
0,722, get_prescription_medication,733,stateless_query,8024.601,3045.882,100
0,723, get_pharmacy_prescriptions,734,stateless_query,7249.846,2367.517,108
0,724, get_pharmacy_prescriptions,735,stateless_query,7367.145,2366.846,94
0,725, get_pharmacy_prescriptions,736,stateless_query,7845.147,2437.438,122
0,726, get_pharmacy_prescriptions,737,stateless_query,9615.059,3412.577,141
0,727, get_prescription_medication,738,stateless_query,8480.493,3013.112,134
0,728, get_pharmacy_prescriptions,739,stateless_query,7765.629,2428.791,105
0,729, get_prescription_medication,740,stateless_query,7494.483,2463.806,106
0,730, get_prescription,741,stateless_query,7602.214,2446.325,102
0,731, get_pharmacy_prescriptions,742,stateless_query,8157.64,2621.852,125
0,732, create_prescription,743,apply,2763.256,1023.82,333
0,733, get_prescription_medication,744,stateless_query,8662.191,2880.885,99
0,734, get_pharmacy_prescriptions,745,stateless_query,8226.579,2655.604,111
0,735, get_pharmacy_prescriptions,746,stateless_query,8612.038,2519.561,129
0,736, get_staff_prescriptions,747,stateless_query,8635.962,2756.914,100
0,737, get_prescription_medication,748,stateless_query,8210.849,2994.596,101
0,738, process_prescription,749,apply,2877.649,1024.632,397
0,739, update_prescription_medication,750,apply,2377.937,719.022,281
0,740, get_staff_prescriptions,751,stateless_query,9115.056,3987.509,99
0,741, get_pharmacy_prescriptions,752,stateless_query,9295.363,2941.799,108
0,742, get_staff_prescriptions,753,stateless_query,8058.134,2634.175,109
0,743, get_pharmacy_prescriptions,754,stateless_query,8873.936,3532.111,106
0,744, get_patient,755,stateless_query,8175.713,8415.771,107
0,745, process_prescription,756,apply,2587.969,784.864,268
0,746, get_patient,757,stateless_query,8933.648,11108.676,103
0,747, get_prescription_medication,758,stateless_query,9340.517,2811.626,156
0,748, get_prescription_medication,759,stateless_query,8379.584,2732.288,110
0,749, get_pharmacy_prescriptions,760,stateless_query,9338.803,3892.493,122
0,750, create_prescription,761,apply,3141.662,1205.97,511
0,751, get_prescription_medication,762,stateless_query,8949.427,3262.927,144
0,752, get_prescription_medication,763,stateless_query,8992.268,3195.471,108
0,753, get_pharmacy_prescriptions,764,stateless_query,8910.925,3473.42,104
0,754, get_staff_prescriptions,765,stateless_query,11432.019,3618.521,158
0,755, get_pharmacy_prescriptions,766,stateless_query,9689.598,3356.042,112
0,756, get_prescription_medication,767,stateless_query,9122.891,3143.154,110
0,757, get_prescription_medication,768,stateless_query,9895.502,3881.101,120
0,758, create_prescription,769,apply,3703.31,1583.555,497
0,759, update_prescription_medication,770,apply,2461.222,637.38,259
0,760, get_staff_prescriptions,771,stateless_query,8881.711,2960.253,159
0,761, get_prescription_medication,772,stateless_query,9918.255,2924.026,167
0,762, update_prescription_medication,773,apply,2615.26,780.757,342
0,763, get_patient,774,stateless_query,8598.773,10111.626,110
0,764, get_prescription_medication,775,stateless_query,9373.157,3072.813,107
0,765, create_prescription,776,apply,3288.004,1218.934,534
0,766, get_prescription_medication,777,stateless_query,8151.509,2935.747,104
0,767, get_pharmacy_prescriptions,778,stateless_query,7926.018,2711.359,108
0,768, get_pharmacy_prescriptions,779,stateless_query,10100.796,2936.128,107
0,769, process_prescription,780,apply,2868.622,798.56,269
0,770, get_pharmacy_prescriptions,781,stateless_query,8153.522,2690.009,114
0,771, get_pharmacy_prescriptions,782,stateless_query,8426.402,2903.987,111
0,772, get_pharmacy_prescriptions,783,stateless_query,8911.607,3070.92,108
0,773, get_patient,784,stateless_query,8004.885,8906.267,107
0,774, create_prescription,785,apply,3020.194,1045.24,348
0,775, get_staff_prescriptions,786,stateless_query,8668.152,3108.62,105
0,776, update_prescription_medication,787,apply,3058.706,888.938,297
0,777, get_patient,788,stateless_query,9559.826,10583.466,124
0,778, get_staff_prescriptions,789,stateless_query,8468.119,2764.678,127
0,779, get_patient,790,stateless_query,8258.408,9025.359,113
0,780, get_staff_prescriptions,791,stateless_query,9751.614,2893.829,148
0,781, get_pharmacy_prescriptions,792,stateless_query,8007.239,2643.803,118
0,782, get_staff_prescriptions,793,stateless_query,9069.03,3095.175,117
0,783, get_staff_prescriptions,794,stateless_query,8023.439,2581.055,121
0,784, get_prescription_medication,795,stateless_query,9498.762,3795.151,110
0,785, get_prescription_medication,796,stateless_query,10335.704,3642.306,155
0,786, get_pharmacy_prescriptions,797,stateless_query,10237.17,3564.059,114
0,787, get_processed_pharmacy_prescriptions,798,stateless_query,10273.638,4174.839,119
0,788, get_pharmacy_prescriptions,799,stateless_query,10036.125,3696.216,116
0,789, get_processed_pharmacy_prescriptions,800,stateless_query,9148.158,3508.415,112
0,790, get_pharmacy_prescriptions,801,stateless_query,9233.908,3445.558,119
0,791, get_prescription_medication,802,stateless_query,8509.897,2708.995,111
0,792, create_prescription,803,apply,3168.823,1070.327,360
0,793, get_pharmacy_prescriptions,804,stateless_query,8136.49,3059.199,118
0,794, get_staff_prescriptions,805,stateless_query,8065.469,2752.425,135
0,795, get_prescription_medication,806,stateless_query,7989.726,2767.143,100
0,796, get_staff_prescriptions,807,stateless_query,8237.649,2626.962,107
0,797, get_pharmacy_prescriptions,808,stateless_query,10221.861,4156.385,106
0,798, get_prescription_medication,809,stateless_query,8595.166,2900.251,116
0,799, get_staff_prescriptions,810,stateless_query,8386.627,2898.998,117
0,800, get_prescription_medication,811,stateless_query,9333.954,3716.434,110
0,801, get_patient,812,stateless_query,9028.776,10191.726,118
0,802, get_staff_prescriptions,813,stateless_query,8210.068,2798.01,115
0,803, get_processed_pharmacy_prescriptions,814,stateless_query,8433.014,3025.505,111
0,804, create_prescription,815,apply,3060.6,1188.788,447
0,805, get_pharmacy_prescriptions,816,stateless_query,9018.887,2809.581,108
0,806, get_pharmacy_prescriptions,817,stateless_query,9664.692,2720.496,195
0,807, get_prescription_medication,818,stateless_query,8647.935,2788.582,122
0,808, get_pharmacy_prescriptions,819,stateless_query,8188.247,2755.671,117
0,809, create_prescription,820,apply,3253.611,1249.611,454
0,810, get_prescription_medication,821,stateless_query,8995.534,2729.463,146
0,811, get_processed_pharmacy_prescriptions,822,stateless_query,10640.402,4386.454,149
0,812, create_prescription,823,apply,3059.899,1160.735,492
0,813, get_staff_prescriptions,824,stateless_query,9573.501,3043.669,181
0,814, process_prescription,825,apply,2841.241,923.924,268
0,815, get_prescription_medication,826,stateless_query,9511.576,2865.526,148
0,816, get_staff_prescriptions,827,stateless_query,8727.584,2880.293,112
0,817, get_staff_prescriptions,828,stateless_query,9757.935,3735.771,113
0,818, get_prescription_medication,829,stateless_query,8651.661,2726.598,126
0,819, get_pharmacy_prescriptions,830,stateless_query,8950.219,3135.91,116
0,820, get_pharmacy_prescriptions,831,stateless_query,10501.804,3939.761,160
0,821, get_pharmacy_prescriptions,832,stateless_query,8760.194,2996.972,132
0,822, get_prescription_medication,833,stateless_query,9661.215,3558.189,154
0,823, get_prescription_medication,834,stateless_query,10062.083,3058.596,128
0,824, get_pharmacy_prescriptions,835,stateless_query,8477.537,2817.206,119
0,825, get_staff_prescriptions,836,stateless_query,10060.721,2767.014,145
0,826, get_staff_prescriptions,837,stateless_query,9390.62,2776.48,181
0,827, get_patient,838,stateless_query,8386.517,9234.017,114
0,828, get_prescription,839,stateless_query,9076.765,2722.49,115
0,829, get_prescription_medication,840,stateless_query,11334.407,4980.242,119
0,830, get_prescription_medication,841,stateless_query,9347.49,2813.098,129
0,831, get_pharmacy_prescriptions,842,stateless_query,10928.901,4649.454,253
0,832, create_prescription,843,apply,3180.815,1077.52,357
0,833, get_prescription_medication,844,stateless_query,9204.653,3031.085,136
0,834, get_pharmacy_prescriptions,845,stateless_query,9668.86,2861.778,157
0,835, get_prescription_medication,846,stateless_query,8669.645,2756.232,112
0,836, get_pharmacy_prescriptions,847,stateless_query,8324.481,2664.491,116
0,837, get_prescription_medication,848,stateless_query,8655.729,2705.288,164
0,838, get_prescription_medication,849,stateless_query,8595.357,2860.256,110
0,839, get_staff_prescriptions,850,stateless_query,8622.498,2642.47,114
0,840, get_patient,851,stateless_query,8087.94,8980.265,116
0,841, get_pharmacy_prescriptions,852,stateless_query,8578.395,2860.397,116
0,842, get_patient,853,stateless_query,8080.636,8854.84,117
0,843, get_pharmacy_prescriptions,854,stateless_query,8652.663,2739.511,137
0,844, get_prescription_medication,855,stateless_query,9475.438,3297.743,121
0,845, get_prescription_medication,856,stateless_query,8334.971,2799.173,115
0,846, get_staff_prescriptions,857,stateless_query,9871.176,4136.208,133
0,847, get_pharmacy_prescriptions,858,stateless_query,10042.187,4142.268,127
0,848, create_prescription,859,apply,2930.417,1077.079,331
0,849, get_prescription,860,stateless_query,8804.437,3060.61,106
0,850, get_pharmacy_prescriptions,861,stateless_query,9643.122,3311.878,171
0,851, get_pharmacy_prescriptions,862,stateless_query,8948.706,2952.219,161
0,852, get_pharmacy_prescriptions,863,stateless_query,8122.354,2677.265,115
0,853, get_pharmacy_prescriptions,864,stateless_query,9581.196,3699.422,127
0,854, get_patient,865,stateless_query,9507.518,10413.809,189
0,855, get_prescription_medication,866,stateless_query,9443.539,3145.258,157
0,856, get_patient,867,stateless_query,10539.243,12327.649,143
0,857, get_prescription_medication,868,stateless_query,9535.911,3477.999,155
0,858, create_prescription,869,apply,2925.368,1055.299,346
0,859, get_processed_pharmacy_prescriptions,870,stateless_query,9407.652,2993.685,109
0,860, get_pharmacy_prescriptions,871,stateless_query,10997.148,4620.661,156
0,861, get_prescription_medication,872,stateless_query,9211.225,2988.816,123
0,862, process_prescription,873,apply,3001.63,946.626,419
0,863, get_pharmacy_prescriptions,874,stateless_query,9257.492,3238.633,139
0,864, get_prescription_medication,875,stateless_query,9153.528,2995.849,122
0,865, get_pharmacy_prescriptions,876,stateless_query,9109.646,2709.035,118
0,866, get_prescription_medication,877,stateless_query,9274.283,3118.779,121
0,867, get_prescription_medication,878,stateless_query,9804.593,3024.212,121
0,868, get_patient,879,stateless_query,11486.38,13626.764,160
0,869, create_prescription,880,apply,3705.123,1499.428,350
0,870, get_pharmacy_prescriptions,881,stateless_query,9950.605,3305.547,128
0,871, get_pharmacy_prescriptions,882,stateless_query,9569.414,3484.882,133
0,872, get_staff_prescriptions,883,stateless_query,8819.475,2740.593,132
0,873, process_prescription,884,apply,3099.232,991.68,301
0,874, get_prescription_medication,885,stateless_query,8398.088,2820.251,127
0,875, process_prescription,886,apply,3337.557,1144.144,422
0,876, create_prescription,887,apply,3237.791,1126.512,479
0,877, get_prescription_medication,888,stateless_query,12176.558,5452.343,136
0,878, get_patient,889,stateless_query,9343.883,10191.095,146
0,879, get_prescription_medication,890,stateless_query,8926.684,2859.785,167
0,880, get_staff_prescriptions,891,stateless_query,10411.054,3337.106,176
0,881, get_patient,892,stateless_query,9532.696,10936.294,157
0,882, get_pharmacy_prescriptions,893,stateless_query,9341.228,3102.769,122
0,883, get_prescription_medication,894,stateless_query,9699.847,3555.793,127
0,884, get_staff_prescriptions,895,stateless_query,8701.074,2936.439,128
0,885, create_prescription,896,apply,3009.235,989.957,335
0,886, get_prescription_medication,897,stateless_query,9963.69,2968.217,115
0,887, get_pharmacy_prescriptions,898,stateless_query,9277.389,3025.625,124
0,888, get_prescription_medication,899,stateless_query,10026.857,2818.158,174
0,889, get_prescription_medication,900,stateless_query,8861.664,2845.009,150
0,890, get_staff_prescriptions,901,stateless_query,8664.385,3023.561,120
0,891, get_staff_prescriptions,902,stateless_query,10404.402,3382.782,166
0,892, get_pharmacy_prescriptions,903,stateless_query,9591.274,2872.158,169
0,893, get_prescription_medication,904,stateless_query,8866.583,2952.819,121
0,894, get_processed_pharmacy_prescriptions,905,stateless_query,9402.252,3140.409,237
0,895, get_pharmacy_prescriptions,906,stateless_query,10185.523,4147.327,126
0,896, process_prescription,907,apply,2592.947,804.842,313
0,897, get_pharmacy_prescriptions,908,stateless_query,8352.934,2862.902,143
0,898, get_prescription_medication,909,stateless_query,9360.785,3340.082,122
0,899, get_patient,910,stateless_query,9419.545,10562.015,132
0,900, get_staff_prescriptions,911,stateless_query,9974.029,2941.008,118
0,901, get_prescription_medication,912,stateless_query,10254.181,4126.379,124
0,902, get_pharmacy_prescriptions,913,stateless_query,8739.135,2816.635,121
0,903, create_prescription,914,apply,4012.736,1536.466,531
0,904, get_staff_prescriptions,915,stateless_query,10946.673,4410.629,128
0,905, get_pharmacy_prescriptions,916,stateless_query,10008.333,3181.897,129
0,906, get_pharmacy_prescriptions,917,stateless_query,9995.048,2965.602,128
0,907, get_pharmacy_prescriptions,918,stateless_query,9180.048,2996.581,123
0,908, get_prescription_medication,919,stateless_query,9214.241,3029.513,124
0,909, process_prescription,920,apply,3135.47,1106.194,551
0,910, get_processed_pharmacy_prescriptions,921,stateless_query,9548.065,3253.711,155
0,911, get_prescription_medication,922,stateless_query,9174.006,3039.681,125
0,912, update_prescription_medication,923,apply,2168.095,548.414,306
0,913, get_staff_prescriptions,924,stateless_query,10168.562,4131.91,117
0,914, get_processed_pharmacy_prescriptions,925,stateless_query,10811.551,4167.295,176
0,915, get_pharmacy_prescriptions,926,stateless_query,9797.339,3324.794,128
0,916, get_prescription_medication,927,stateless_query,11118.575,4917.876,123
0,917, create_prescription,928,apply,2922.072,1024.392,353
0,918, get_prescription_medication,929,stateless_query,9365.724,2966.685,155
0,919, get_prescription,930,stateless_query,10274.349,3578.947,127
0,920, get_pharmacy_prescriptions,931,stateless_query,9114.244,2984.138,141
0,921, get_staff_prescriptions,932,stateless_query,9107.041,2864.274,138
0,922, get_prescription,933,stateless_query,10026.066,3116.865,170
0,923, get_prescription_medication,934,stateless_query,8942.263,2862.66,137
0,924, get_prescription_medication,935,stateless_query,8849.871,2872.74,132
0,925, get_pharmacy_prescriptions,936,stateless_query,9378.167,3304.445,134
0,926, create_prescription,937,apply,3351.693,1331.655,350
0,927, get_prescription_medication,938,stateless_query,9814.041,3428.457,132
0,928, process_prescription,939,apply,2607.284,785.515,284
0,929, get_staff_prescriptions,940,stateless_query,9201.638,3218.125,157
0,930, get_prescription_medication,941,stateless_query,9831.714,3513.886,127
0,931, get_staff_prescriptions,942,stateless_query,10231.559,3430.539,133
0,932, get_pharmacy_prescriptions,943,stateless_query,11256.852,3034.422,174
0,933, get_processed_pharmacy_prescriptions,944,stateless_query,10274.399,4011.655,183
0,934, process_prescription,945,apply,2917.002,899.028,270
0,935, get_staff_prescriptions,946,stateless_query,10174.653,3634.11,121
0,936, get_pharmacy_prescriptions,947,stateless_query,10887.503,3730.842,176
0,937, get_prescription_medication,948,stateless_query,10095.235,4091.003,146
0,938, get_prescription_medication,949,stateless_query,10406.806,3905.066,130
0,939, get_prescription_medication,950,stateless_query,9525.181,3097.78,169
0,940, get_prescription_medication,951,stateless_query,10146.921,2937.721,177
0,941, get_prescription_medication,952,stateless_query,9893.218,3060.24,162
0,942, get_pharmacy_prescriptions,953,stateless_query,9238.076,3230.286,185
0,943, get_prescription,954,stateless_query,10061.231,3349.199,131
0,944, get_prescription_medication,955,stateless_query,9701.57,3183.651,138
0,945, get_pharmacy_prescriptions,956,stateless_query,9435.995,3075.438,137
0,946, create_prescription,957,apply,3000.709,1161.998,503
0,947, get_prescription,958,stateless_query,11237.416,4734.863,121
0,948, get_pharmacy_prescriptions,959,stateless_query,9575.766,2961.556,145
0,949, get_pharmacy_prescriptions,960,stateless_query,10233.162,4033.476,178
0,950, get_processed_pharmacy_prescriptions,961,stateless_query,10811.422,3087.57,182
0,951, get_pharmacy_prescriptions,962,stateless_query,9209.301,3058.616,145
0,952, get_prescription,963,stateless_query,10064.748,3156.489,169
0,953, get_staff_prescriptions,964,stateless_query,9434.593,3204.469,138
0,954, get_staff_prescriptions,965,stateless_query,10214.767,3871.092,129
0,955, get_staff_prescriptions,966,stateless_query,13336.943,5984.986,143
0,956, get_pharmacy_prescriptions,967,stateless_query,9354.563,3155.919,132
0,957, get_prescription_medication,968,stateless_query,9834.448,3397.058,138
0,958, process_prescription,969,apply,2889.381,988.374,437
0,959, get_pharmacy_prescriptions,970,stateless_query,9569.865,3059.779,137
0,960, get_pharmacy_prescriptions,971,stateless_query,9301.053,3191.094,137
0,961, get_processed_pharmacy_prescriptions,972,stateless_query,9361.086,3032.197,133
0,962, get_processed_pharmacy_prescriptions,973,stateless_query,9400.96,3054.038,139
0,963, get_prescription_medication,974,stateless_query,11716.951,3560.022,131
0,964, get_pharmacy_prescriptions,975,stateless_query,10492.526,3181.595,131
0,965, get_pharmacy_prescriptions,976,stateless_query,10717.686,3828.694,156
0,966, get_pharmacy_prescriptions,977,stateless_query,9498.421,3280.742,130
0,967, get_prescription,978,stateless_query,9295.042,3132.093,132
0,968, get_processed_pharmacy_prescriptions,979,stateless_query,9676.273,3329.863,136
0,969, get_pharmacy_prescriptions,980,stateless_query,9272.68,3018.271,136
0,970, get_staff_prescriptions,981,stateless_query,10430.01,3538.121,143
0,971, create_prescription,982,apply,3530.356,1328.429,422
0,972, get_patient,983,stateless_query,9786.539,11529.661,159
0,973, get_processed_pharmacy_prescriptions,984,stateless_query,9629.666,3225.858,126
0,974, get_staff_prescriptions,985,stateless_query,9789.505,3316.929,135
0,975, get_pharmacy_prescriptions,986,stateless_query,10463.051,3885.82,130
0,976, get_prescription_medication,987,stateless_query,10010.677,3380.436,156
0,977, get_staff_prescriptions,988,stateless_query,11919.078,3673.474,175
0,978, get_prescription_medication,989,stateless_query,9846.771,3161.889,149
0,979, get_prescription_medication,990,stateless_query,9786.208,3187.126,132
0,980, get_pharmacy_prescriptions,991,stateless_query,12952.415,6270.509,134
0,981, create_prescription,992,apply,3100.524,1020.453,349
0,982, get_prescription_medication,993,stateless_query,11950.957,4774.959,175
0,983, get_pharmacy_prescriptions,994,stateless_query,10270.773,3969.966,134
0,984, get_staff_prescriptions,995,stateless_query,8986.056,2993.696,129
0,985, get_patient,996,stateless_query,12498.058,14515.451,181
0,986, get_prescription_medication,997,stateless_query,10584.288,3836.769,151
0,987, get_pharmacy_prescriptions,998,stateless_query,9736.435,3139.108,133
0,988, get_prescription,999,stateless_query,11398.847,4172.575,177
0,989, get_processed_pharmacy_prescriptions,1000,stateless_query,9115.106,3008.753,139
0,990, get_patient,1001,stateless_query,10209.147,11154.872,191
0,991, get_pharmacy_prescriptions,1002,stateless_query,10708.179,3444.136,186
0,992, create_prescription,1003,apply,3256.255,1265.24,463
0,993, get_pharmacy_prescriptions,1004,stateless_query,10891.701,4025.872,186
0,994, get_pharmacy_prescriptions,1005,stateless_query,9934.625,3216.28,151
0,995, get_prescription_medication,1006,stateless_query,9781.169,3082.491,145
0,996, get_prescription,1007,stateless_query,10468.822,3768.311,136
0,997, update_prescription_medication,1008,apply,2467.184,704.925,295
0,998, get_pharmacy_prescriptions,1009,stateless_query,10134.799,3169.904,125
0,999, get_prescription_medication,1010,stateless_query,10370.819,4185.289,149
0,1000, get_pharmacy_prescriptions,1011,stateless_query,10102.448,3451.93,159
0,1001, get_processed_pharmacy_prescriptions,1012,stateless_query,10070.369,3305.217,148
0,1002, get_patient,1013,stateless_query,11041.901,12246.619,182
0,1003, get_pharmacy_prescriptions,1014,stateless_query,9848.475,3341.104,178
0,1004, get_prescription_medication,1015,stateless_query,10185.793,3487.055,159
0,1005, get_staff_prescriptions,1016,stateless_query,9755.922,3143.555,187
0,1006, update_prescription_medication,1017,apply,2674.44,751.002,295
0,1007, get_prescription_medication,1018,stateless_query,9469.808,3401.656,141
0,1008, get_staff_prescriptions,1019,stateless_query,9600.191,3301.569,137
0,1009, get_staff_prescriptions,1020,stateless_query,10557.237,4098.807,134
0,1010, get_pharmacy_prescriptions,1021,stateless_query,9012.074,3011.92,140
0,1011, get_prescription_medication,1022,stateless_query,9182.352,3114.1,128
0,1012, get_prescription_medication,1023,stateless_query,9417.681,3028.802,125
0,1013, get_staff_prescriptions,1024,stateless_query,12046.406,4348.142,174
0,1014, get_staff_prescriptions,1025,stateless_query,10958.826,3755.236,143
0,1015, get_processed_pharmacy_prescriptions,1026,stateless_query,9322.273,3267.377,149
0,1016, get_staff_prescriptions,1027,stateless_query,9393.566,3245.715,117
0,1017, get_staff_prescriptions,1028,stateless_query,9047.56,3032.518,126
0,1018, get_prescription,1029,stateless_query,11322.805,3576.382,204
0,1019, get_prescription_medication,1030,stateless_query,10693.291,3568.688,188
0,1020, get_prescription_medication,1031,stateless_query,11233.529,4486.71,133
0,1021, create_prescription,1032,apply,3335.272,1182.707,352
0,1022, get_prescription_medication,1033,stateless_query,10648.498,3781.596,133
0,1023, get_prescription,1034,stateless_query,11079.822,4540.1,146
0,1024, update_prescription_medication,1035,apply,2895.041,787.619,270
0,1025, get_processed_pharmacy_prescriptions,1036,stateless_query,9278.341,3092.741,164
0,1026, get_prescription_medication,1037,stateless_query,11635.739,4010.643,135
0,1027, get_prescription_medication,1038,stateless_query,9923.665,3254.863,219
0,1028, get_pharmacy_prescriptions,1039,stateless_query,10744.045,3088.432,187
0,1029, get_processed_pharmacy_prescriptions,1040,stateless_query,13586.449,5755.499,132
0,1030, process_prescription,1041,apply,3232.22,1102.868,313
0,1031, get_pharmacy_prescriptions,1042,stateless_query,10201.914,3348.587,156
0,1032, get_pharmacy_prescriptions,1043,stateless_query,11005.163,3766.287,151
0,1033, get_pharmacy_prescriptions,1044,stateless_query,9510.635,3122.475,168
0,1034, get_processed_pharmacy_prescriptions,1045,stateless_query,10294.667,3608.061,135
0,1035, get_prescription_medication,1046,stateless_query,10064.557,3189.971,134
0,1036, get_pharmacy_prescriptions,1047,stateless_query,9944.504,3288.636,188
0,1037, get_pharmacy_prescriptions,1048,stateless_query,10361.271,3330.915,223
0,1038, get_pharmacy_prescriptions,1049,stateless_query,10250.254,3614.564,161
0,1039, get_pharmacy_prescriptions,1050,stateless_query,10355.219,3182.488,179
0,1040, get_prescription,1051,stateless_query,10374.497,3666.04,146
0,1041, get_pharmacy_prescriptions,1052,stateless_query,10095.655,3538.933,144
0,1042, get_pharmacy_prescriptions,1053,stateless_query,9876.988,3185.894,135
0,1043, get_prescription_medication,1054,stateless_query,10672.902,3213.265,138
0,1044, get_staff_prescriptions,1055,stateless_query,9794.805,3361.522,138
0,1045, get_pharmacy_prescriptions,1056,stateless_query,10857.267,3488.938,177
0,1046, get_prescription_medication,1057,stateless_query,10289.247,3204.618,211
0,1047, update_prescription_medication,1058,apply,2540.259,832.212,333
0,1048, get_processed_pharmacy_prescriptions,1059,stateless_query,9980.772,3775.884,145
0,1049, get_prescription_medication,1060,stateless_query,9350.215,3189.21,147
0,1050, get_prescription_medication,1061,stateless_query,10196.114,3316.587,150
0,1051, get_pharmacy_prescriptions,1062,stateless_query,10285.42,3439.206,136
0,1052, get_processed_pharmacy_prescriptions,1063,stateless_query,9870.305,3345.882,147
0,1053, get_pharmacy_prescriptions,1064,stateless_query,10028.601,3270.963,179
0,1054, get_processed_pharmacy_prescriptions,1065,stateless_query,11474.498,3410.062,194
0,1055, get_pharmacy_prescriptions,1066,stateless_query,10743.474,3300.106,163
0,1056, get_prescription_medication,1067,stateless_query,11819.843,4459.94,184
0,1057, get_processed_pharmacy_prescriptions,1068,stateless_query,10386.879,3504.879,154
0,1058, get_prescription_medication,1069,stateless_query,10829.044,3922.657,136
0,1059, get_staff_prescriptions,1070,stateless_query,11890.224,3337.647,165
0,1060, get_pharmacy_prescriptions,1071,stateless_query,10041.796,3616.347,158
0,1061, get_pharmacy_prescriptions,1072,stateless_query,9542.183,3132.124,164
0,1062, get_staff_prescriptions,1073,stateless_query,9585.053,3220.208,151
0,1063, get_prescription,1074,stateless_query,9830.13,3142.063,184
0,1064, get_pharmacy_prescriptions,1075,stateless_query,12221.151,3434.148,196
0,1065, get_prescription_medication,1076,stateless_query,9987.214,3365.719,154
0,1066, get_processed_pharmacy_prescriptions,1077,stateless_query,9358.691,3220.549,140
0,1067, get_pharmacy_prescriptions,1078,stateless_query,9878.029,3278.486,169
0,1068, get_prescription_medication,1079,stateless_query,9643.142,3126.643,142
0,1069, get_pharmacy_prescriptions,1080,stateless_query,11180.499,3841.978,187
0,1070, get_prescription_medication,1081,stateless_query,10249.142,3695.164,278
0,1071, get_patient,1082,stateless_query,10358.716,12678.584,138
0,1072, get_prescription_medication,1083,stateless_query,13512.781,5146.512,191
0,1073, get_prescription_medication,1084,stateless_query,10589.057,3822.202,171
0,1074, create_prescription,1085,apply,2878.831,1039.8,371
0,1075, get_prescription_medication,1086,stateless_query,11551.702,3781.686,138
0,1076, create_prescription,1087,apply,3138.105,1332.756,352
0,1077, get_pharmacy_prescriptions,1088,stateless_query,10983.582,4522.598,143
0,1078, get_patient,1089,stateless_query,10510.74,12566.135,183
0,1079, get_staff_prescriptions,1090,stateless_query,10098.671,3149.797,178
0,1080, get_prescription_medication,1091,stateless_query,13629.369,6325.521,182
0,1081, get_staff_prescriptions,1092,stateless_query,10340.763,3565.262,146
0,1082, get_staff_prescriptions,1093,stateless_query,11152.578,4283.231,142
0,1083, get_processed_pharmacy_prescriptions,1094,stateless_query,10868.197,3439.277,148
0,1084, get_patient,1095,stateless_query,10304.054,11484.257,202
0,1085, get_prescription,1096,stateless_query,11908.678,3510.088,136
0,1086, create_prescription,1097,apply,3011.699,1113.347,368
0,1087, get_prescription_medication,1098,stateless_query,9626.08,3234.235,128
0,1088, get_processed_pharmacy_prescriptions,1099,stateless_query,9688.997,3370.519,146
0,1089, get_processed_pharmacy_prescriptions,1100,stateless_query,9268.162,3159.063,129
0,1090, get_staff_prescriptions,1101,stateless_query,10018.201,3514.657,121
0,1091, create_prescription,1102,apply,3175.786,1085.365,362
0,1092, get_staff_prescriptions,1103,stateless_query,10454.906,3824.947,168
0,1093, get_patient,1104,stateless_query,10171.167,11389.058,199
0,1094, get_patient,1105,stateless_query,11521.786,12733.627,178
0,1095, get_processed_pharmacy_prescriptions,1106,stateless_query,10338.97,3419.561,143
0,1096, get_prescription_medication,1107,stateless_query,12113.53,3565.652,205
0,1097, create_prescription,1108,apply,3158.272,1221.138,505
0,1098, get_prescription_medication,1109,stateless_query,11287.369,3262.797,139
0,1099, get_patient,1110,stateless_query,11071.727,13018.589,146
0,1100, get_staff_prescriptions,1111,stateless_query,10128.647,3426.854,180
0,1101, get_prescription_medication,1112,stateless_query,10424.5,3301.991,157
0,1102, get_pharmacy_prescriptions,1113,stateless_query,10678.322,4149.772,164
0,1103, get_prescription,1114,stateless_query,12196.525,4632.362,184
0,1104, create_prescription,1115,apply,2954.312,1189.92,336
0,1105, get_pharmacy_prescriptions,1116,stateless_query,9922.343,3553.871,223
0,1106, get_staff_prescriptions,1117,stateless_query,10382.05,3388.693,221
0,1107, get_processed_pharmacy_prescriptions,1118,stateless_query,11455.814,4183.846,142
0,1108, get_prescription,1119,stateless_query,10631.436,3488.649,156
0,1109, get_staff_prescriptions,1120,stateless_query,10758.332,3604.545,192
0,1110, get_pharmacy_prescriptions,1121,stateless_query,11872.842,3649.288,152
0,1111, get_staff_prescriptions,1122,stateless_query,12965.65,3859.6,147
0,1112, update_prescription_medication,1123,apply,2910.681,927.5,431
0,1113, update_prescription_medication,1124,apply,2301.023,676.131,275
0,1114, get_staff_prescriptions,1125,stateless_query,10034.902,3529.926,142
0,1115, get_staff_prescriptions,1126,stateless_query,9491.859,3308.383,147
0,1116, get_prescription,1127,stateless_query,9407.261,3267.646,153
0,1117, get_prescription_medication,1128,stateless_query,9789.274,3376.349,129
0,1118, get_pharmacy_prescriptions,1129,stateless_query,13698.999,4294.503,206
0,1119, get_prescription_medication,1130,stateless_query,11327.624,4155.283,205
0,1120, get_pharmacy_prescriptions,1131,stateless_query,10166.648,3489.15,146
0,1121, get_pharmacy_prescriptions,1132,stateless_query,10393.241,3482.237,156
0,1122, create_prescription,1133,apply,3079.065,1113.057,353
0,1123, get_pharmacy_prescriptions,1134,stateless_query,9760.621,3357.304,138
0,1124, update_prescription_medication,1135,apply,2598.078,789.724,270
0,1125, get_prescription_medication,1136,stateless_query,9789.925,3547.638,140
0,1126, process_prescription,1137,apply,2822.626,856.538,314
0,1127, create_prescription,1138,apply,2606.684,917.482,321
0,1128, get_processed_pharmacy_prescriptions,1139,stateless_query,9750.872,3454.345,141
0,1129, create_prescription,1140,apply,3373.774,1130.048,341
0,1130, get_prescription_medication,1141,stateless_query,10593.354,3721.554,189
0,1131, create_prescription,1142,apply,2908.286,1032.606,342
0,1132, get_patient,1143,stateless_query,9527.777,11495.478,139
0,1133, get_prescription_medication,1144,stateless_query,10154.125,3739.316,144
0,1134, get_prescription_medication,1145,stateless_query,9800.545,3381.499,144
0,1135, get_prescription_medication,1146,stateless_query,10136.552,3393.702,149
0,1136, get_pharmacy_prescriptions,1147,stateless_query,10260.143,3594.908,149
0,1137, get_staff_prescriptions,1148,stateless_query,10257.858,3511.642,158
0,1138, get_prescription_medication,1149,stateless_query,10627.398,3724.559,152
0,1139, get_prescription_medication,1150,stateless_query,10855.584,3898.263,145
0,1140, get_pharmacy_prescriptions,1151,stateless_query,11961.287,4432.199,203
0,1141, create_prescription,1152,apply,2958.54,1034.109,335
0,1142, get_staff_prescriptions,1153,stateless_query,11488.625,3689.745,141
0,1143, get_pharmacy_prescriptions,1154,stateless_query,10833.021,3724.939,193
0,1144, process_prescription,1155,apply,2713.292,935.575,401
0,1145, get_processed_pharmacy_prescriptions,1156,stateless_query,9936.589,3553.83,134
0,1146, get_staff_prescriptions,1157,stateless_query,11496.198,4463.739,154
0,1147, get_staff_prescriptions,1158,stateless_query,11443.841,4222.889,188
0,1148, get_pharmacy_prescriptions,1159,stateless_query,10545.656,3492.085,204
0,1149, get_staff_prescriptions,1160,stateless_query,10844.903,3606.799,178
0,1150, get_processed_pharmacy_prescriptions,1161,stateless_query,11074.693,3757.772,216
0,1151, get_prescription_medication,1162,stateless_query,12505.182,5007.292,148
0,1152, get_processed_pharmacy_prescriptions,1163,stateless_query,11243.117,4012.156,199
0,1153, get_staff_prescriptions,1164,stateless_query,11661.658,4322.906,205
0,1154, get_pharmacy_prescriptions,1165,stateless_query,11278.012,3626.516,151
0,1155, get_pharmacy_prescriptions,1166,stateless_query,13079.733,5367.534,207
0,1156, get_prescription_medication,1167,stateless_query,13971.947,4974.993,240
0,1157, get_pharmacy_prescriptions,1168,stateless_query,12316.69,3709.14,206
0,1158, get_pharmacy_prescriptions,1169,stateless_query,11372.919,4338.706,159
0,1159, get_prescription_medication,1170,stateless_query,11832.507,4972.628,178
0,1160, get_processed_pharmacy_prescriptions,1171,stateless_query,12422.367,4231.986,176
0,1161, get_prescription_medication,1172,stateless_query,11076.596,3972.122,150
0,1162, get_prescription_medication,1173,stateless_query,12835.828,4838.888,177
0,1163, get_pharmacy_prescriptions,1174,stateless_query,10598.474,3524.726,159
0,1164, get_staff_prescriptions,1175,stateless_query,10718.077,3754.223,168
0,1165, get_staff_prescriptions,1176,stateless_query,11643.464,4203.021,161
0,1166, get_processed_pharmacy_prescriptions,1177,stateless_query,10893.053,3865.021,162
0,1167, create_prescription,1178,apply,2896.243,1030.112,364
0,1168, get_pharmacy_prescriptions,1179,stateless_query,10804.709,3742.041,181
0,1169, get_staff_prescriptions,1180,stateless_query,10502.545,3425.932,177
0,1170, get_prescription_medication,1181,stateless_query,10416.484,3784.652,141
0,1171, get_prescription_medication,1182,stateless_query,10510.91,3485.743,170
0,1172, get_staff_prescriptions,1183,stateless_query,11500.327,3900.156,148
0,1173, get_pharmacy_prescriptions,1184,stateless_query,10494.36,3548.361,211
0,1174, process_prescription,1185,apply,2776.84,786.478,283
0,1175, get_prescription_medication,1186,stateless_query,12519.598,4155.964,198
0,1176, get_staff_prescriptions,1187,stateless_query,12280.352,4374.652,220
0,1177, get_patient,1188,stateless_query,10661.101,12445.119,155
0,1178, get_prescription_medication,1189,stateless_query,10934.0,3957.393,196
0,1179, get_pharmacy_prescriptions,1190,stateless_query,10604.636,3547.048,163
0,1180, get_processed_pharmacy_prescriptions,1191,stateless_query,12050.724,4031.241,225
0,1181, get_pharmacy_prescriptions,1192,stateless_query,11053.132,3743.374,208
0,1182, get_prescription,1193,stateless_query,11617.515,3868.898,184
0,1183, get_prescription_medication,1194,stateless_query,10861.735,3682.15,212
0,1184, create_prescription,1195,apply,2925.649,1023.149,378
0,1185, process_prescription,1196,apply,2745.031,917.251,456
0,1186, process_prescription,1197,apply,2924.456,929.725,347
0,1187, create_prescription,1198,apply,2718.942,931.528,326
0,1188, update_prescription_medication,1199,apply,2551.44,685.589,252
0,1189, get_pharmacy_prescriptions,1200,stateless_query,11575.517,3951.302,265
0,1190, get_patient,1201,stateless_query,14284.07,18313.317,172
0,1191, get_pharmacy_prescriptions,1202,stateless_query,13484.769,6297.228,204
0,1192, create_prescription,1203,apply,2959.041,1150.527,415
0,1193, get_prescription_medication,1204,stateless_query,12464.716,4344.586,145
0,1194, get_prescription_medication,1205,stateless_query,12111.377,4141.477,219
0,1195, get_patient,1206,stateless_query,11649.875,13858.225,157
0,1196, get_prescription_medication,1207,stateless_query,15143.714,6500.008,155
0,1197, get_staff_prescriptions,1208,stateless_query,11141.847,3876.542,209
0,1198, get_prescription_medication,1209,stateless_query,12895.54,4960.465,158
0,1199, get_staff_prescriptions,1210,stateless_query,11243.016,3890.649,164
0,1200, get_processed_pharmacy_prescriptions,1211,stateless_query,13006.216,3852.418,218
0,1201, get_patient,1212,stateless_query,11330.058,12865.574,154
0,1202, get_pharmacy_prescriptions,1213,stateless_query,11187.472,3729.558,157
0,1203, get_prescription_medication,1214,stateless_query,11012.296,3800.05,219
0,1204, get_pharmacy_prescriptions,1215,stateless_query,11689.82,3762.89,168
0,1205, get_pharmacy_prescriptions,1216,stateless_query,12609.807,4291.857,223
0,1206, get_pharmacy_prescriptions,1217,stateless_query,11923.586,4111.722,157
0,1207, get_staff_prescriptions,1218,stateless_query,11843.377,4114.867,157
0,1208, get_prescription_medication,1219,stateless_query,12736.403,5394.704,154
0,1209, get_prescription_medication,1220,stateless_query,11610.482,3667.152,194
0,1210, get_pharmacy_prescriptions,1221,stateless_query,10887.022,3624.973,204
0,1211, get_pharmacy_prescriptions,1222,stateless_query,11442.328,3999.281,151
0,1212, get_staff_prescriptions,1223,stateless_query,12367.234,3821.861,205
0,1213, get_prescription_medication,1224,stateless_query,11517.93,3830.457,149
0,1214, get_prescription,1225,stateless_query,11671.165,4572.922,154
0,1215, get_staff_prescriptions,1226,stateless_query,12045.764,4583.002,169
0,1216, get_prescription_medication,1227,stateless_query,11637.693,3777.538,221
0,1217, get_staff_prescriptions,1228,stateless_query,13714.007,5223.977,228
0,1218, get_prescription,1229,stateless_query,14168.675,4687.746,208
0,1219, get_staff_prescriptions,1230,stateless_query,12154.237,4803.341,171
0,1220, get_processed_pharmacy_prescriptions,1231,stateless_query,12015.277,3855.804,202
0,1221, get_pharmacy_prescriptions,1232,stateless_query,11079.28,3649.69,153
0,1222, create_prescription,1233,apply,3112.737,1115.912,353
0,1223, get_pharmacy_prescriptions,1234,stateless_query,10785.673,3684.615,148
0,1224, get_pharmacy_prescriptions,1235,stateless_query,11143.591,3707.838,155
0,1225, get_pharmacy_prescriptions,1236,stateless_query,13550.802,5397.981,227
0,1226, get_pharmacy_prescriptions,1237,stateless_query,10940.001,4031.882,179
0,1227, get_pharmacy_prescriptions,1238,stateless_query,13504.065,4596.846,208
0,1228, get_patient,1239,stateless_query,11267.011,13198.194,220
0,1229, update_prescription_medication,1240,apply,2594.521,810.983,327
0,1230, get_pharmacy_prescriptions,1241,stateless_query,11395.631,3945.191,201
0,1231, get_pharmacy_prescriptions,1242,stateless_query,14282.778,4450.493,219
0,1232, get_processed_pharmacy_prescriptions,1243,stateless_query,11960.655,4077.308,154
0,1233, get_pharmacy_prescriptions,1244,stateless_query,13060.146,4657.731,214
0,1234, get_processed_pharmacy_prescriptions,1245,stateless_query,11286.407,3671.169,179
0,1235, get_prescription_medication,1246,stateless_query,12012.502,3763.191,197
0,1236, get_prescription_medication,1247,stateless_query,12822.513,5169.355,204
0,1237, get_patient,1248,stateless_query,10897.772,12737.455,154
0,1238, get_prescription_medication,1249,stateless_query,11506.929,3844.092,212
0,1239, get_patient,1250,stateless_query,11689.8,14046.116,151
0,1240, get_pharmacy_prescriptions,1251,stateless_query,11830.342,3613.051,187
0,1241, get_staff_prescriptions,1252,stateless_query,12516.702,5080.379,174
0,1242, get_staff_prescriptions,1253,stateless_query,12670.911,3782.336,229
0,1243, update_prescription_medication,1254,apply,2716.518,822.123,363
0,1244, get_prescription_medication,1255,stateless_query,11809.283,3921.867,203
0,1245, get_patient,1256,stateless_query,11324.629,12877.545,163
0,1246, get_prescription_medication,1257,stateless_query,11809.253,3751.23,156
0,1247, process_prescription,1258,apply,2960.364,1030.402,279
0,1248, process_prescription,1259,apply,3280.751,1113.648,445
0,1249, get_staff_prescriptions,1260,stateless_query,11913.597,4090.341,231
0,1250, process_prescription,1261,apply,3615.175,1216.76,433
0,1251, get_prescription_medication,1262,stateless_query,12162.482,3805.841,214
0,1252, get_staff_prescriptions,1263,stateless_query,11777.654,3780.232,215
0,1253, get_staff_prescriptions,1264,stateless_query,12012.442,4520.424,154
0,1254, get_staff_prescriptions,1265,stateless_query,12008.935,4029.227,186
0,1255, get_prescription_medication,1266,stateless_query,12068.326,3963.625,154
0,1256, get_prescription_medication,1267,stateless_query,11363.201,3948.176,234
0,1257, get_staff_prescriptions,1268,stateless_query,11110.96,3809.708,181
0,1258, get_staff_prescriptions,1269,stateless_query,11317.916,3995.795,159
0,1259, get_staff_prescriptions,1270,stateless_query,11718.143,4112.112,159
0,1260, create_prescription,1271,apply,2889.421,989.186,334
0,1261, get_prescription_medication,1272,stateless_query,12054.981,3830.457,222
0,1262, get_prescription_medication,1273,stateless_query,12778.672,4639.196,216
0,1263, get_prescription_medication,1274,stateless_query,12933.661,3800.521,283
0,1264, get_prescription_medication,1275,stateless_query,12690.707,4865.979,233
0,1265, get_pharmacy_prescriptions,1276,stateless_query,11557.263,4147.259,161
0,1266, get_prescription_medication,1277,stateless_query,12774.013,5388.934,155
0,1267, get_pharmacy_prescriptions,1278,stateless_query,11612.856,4165.842,158
0,1268, get_prescription_medication,1279,stateless_query,12287.935,3890.439,233
0,1269, get_pharmacy_prescriptions,1280,stateless_query,12365.2,3826.348,211
0,1270, get_prescription_medication,1281,stateless_query,13125.098,5222.995,217
0,1271, get_staff_prescriptions,1282,stateless_query,11060.205,3817.372,178
0,1272, get_patient,1283,stateless_query,11837.876,13907.697,165
0,1273, get_pharmacy_prescriptions,1284,stateless_query,10949.268,3846.167,162
0,1274, get_staff_prescriptions,1285,stateless_query,11537.235,4061.208,161
0,1275, get_staff_prescriptions,1286,stateless_query,11162.877,3817.943,158
0,1276, get_pharmacy_prescriptions,1287,stateless_query,11466.734,4006.615,193
0,1277, create_prescription,1288,apply,3265.854,1131.17,345
0,1278, get_pharmacy_prescriptions,1289,stateless_query,11130.907,3872.054,154
0,1279, get_staff_prescriptions,1290,stateless_query,13408.567,5497.076,220
0,1280, get_pharmacy_prescriptions,1291,stateless_query,12782.749,4834.03,217
0,1281, get_prescription_medication,1292,stateless_query,13888.673,4490.447,236
0,1282, get_pharmacy_prescriptions,1293,stateless_query,12470.687,4065.386,227
0,1283, get_pharmacy_prescriptions,1294,stateless_query,12705.776,4276.218,247
0,1284, get_staff_prescriptions,1295,stateless_query,11693.357,4156.494,221
0,1285, get_prescription_medication,1296,stateless_query,12527.223,4234.62,176
0,1286, get_pharmacy_prescriptions,1297,stateless_query,13793.265,4705.69,202
0,1287, get_patient,1298,stateless_query,12354.42,14205.453,203
0,1288, get_prescription_medication,1299,stateless_query,12539.485,4493.493,202
0,1289, get_prescription_medication,1300,stateless_query,11338.465,4024.699,174
0,1290, get_pharmacy_prescriptions,1301,stateless_query,11735.185,3824.727,175
0,1291, get_prescription_medication,1302,stateless_query,12408.431,4332.353,238
0,1292, create_prescription,1303,apply,2956.786,1103.078,362
0,1293, get_pharmacy_prescriptions,1304,stateless_query,13405.922,5724.25,155
0,1294, get_prescription_medication,1305,stateless_query,12165.488,4429.766,160
0,1295, get_prescription,1306,stateless_query,12424.22,4438.262,168
0,1296, get_prescription_medication,1307,stateless_query,11387.276,3853.109,209
0,1297, get_prescription_medication,1308,stateless_query,12453.384,4204.505,156
0,1298, get_staff_prescriptions,1309,stateless_query,11514.142,3830.025,163
0,1299, get_pharmacy_prescriptions,1310,stateless_query,13366.668,5019.775,221
0,1300, update_prescription_medication,1311,apply,2856.229,913.394,410
0,1301, get_prescription_medication,1312,stateless_query,11392.556,3997.818,157
0,1302, create_prescription,1313,apply,3448.474,1313.761,360
0,1303, get_prescription_medication,1314,stateless_query,12413.41,3975.487,201
0,1304, create_prescription,1315,apply,3096.407,1182.927,334
0,1305, get_pharmacy_prescriptions,1316,stateless_query,11883.731,4494.466,152
0,1306, get_pharmacy_prescriptions,1317,stateless_query,13703.477,6019.661,162
0,1307, create_prescription,1318,apply,2990.579,1144.475,337
0,1308, get_patient,1319,stateless_query,11986.213,14607.734,158
0,1309, get_staff_prescriptions,1320,stateless_query,11817.388,4196.279,162
0,1310, get_staff_prescriptions,1321,stateless_query,12594.027,4825.133,168
0,1311, get_prescription_medication,1322,stateless_query,12311.309,4139.713,179
0,1312, get_processed_pharmacy_prescriptions,1323,stateless_query,12218.667,3945.631,161
0,1313, get_pharmacy_prescriptions,1324,stateless_query,11251.563,3789.53,176
0,1314, get_prescription_medication,1325,stateless_query,11185.93,3891.34,248
0,1315, get_prescription_medication,1326,stateless_query,12168.233,4129.825,158
0,1316, get_pharmacy_prescriptions,1327,stateless_query,13204.305,4080.634,217
0,1317, get_pharmacy_prescriptions,1328,stateless_query,12906.741,4909.038,162
0,1318, update_prescription_medication,1329,apply,2641.578,781.457,409
0,1319, get_staff_prescriptions,1330,stateless_query,12218.256,4932.123,156
0,1320, get_patient,1331,stateless_query,12204.851,14235.198,220
0,1321, create_prescription,1332,apply,3124.069,1180.582,443
0,1322, get_processed_pharmacy_prescriptions,1333,stateless_query,12988.723,5329.945,172
0,1323, update_prescription_medication,1334,apply,2417.531,690.177,268
0,1324, get_pharmacy_prescriptions,1335,stateless_query,11390.952,4147.659,153
0,1325, get_pharmacy_prescriptions,1336,stateless_query,11101.763,3875.27,167
0,1326, create_prescription,1337,apply,2690.109,954.941,331
0,1327, get_prescription_medication,1338,stateless_query,11651.238,4577.111,151
0,1328, create_prescription,1339,apply,3048.488,1057.082,333
0,1329, get_staff_prescriptions,1340,stateless_query,14018.054,6190.65,177
0,1330, get_patient,1341,stateless_query,11713.264,13405.02,169
0,1331, create_prescription,1342,apply,3221.22,1228.522,445
0,1332, get_prescription_medication,1343,stateless_query,12469.304,4479.257,161
0,1333, get_pharmacy_prescriptions,1344,stateless_query,12478.372,4253.856,188
0,1334, get_prescription_medication,1345,stateless_query,13491.211,5144.729,182
0,1335, get_patient,1346,stateless_query,12204.55,14303.526,173
0,1336, get_processed_pharmacy_prescriptions,1347,stateless_query,14112.149,4526.625,253
0,1337, get_prescription_medication,1348,stateless_query,11969.291,4073.81,216
0,1338, get_prescription_medication,1349,stateless_query,12513.687,4236.084,229
0,1339, get_patient,1350,stateless_query,14054.742,15989.271,239
0,1340, update_prescription_medication,1351,apply,3332.788,1036.194,417
0,1341, get_prescription_medication,1352,stateless_query,12327.369,4159.371,159
0,1342, get_prescription_medication,1353,stateless_query,12665.81,4388.769,170
0,1343, get_prescription_medication,1354,stateless_query,13530.614,4486.38,184
0,1344, get_patient,1355,stateless_query,11824.331,13934.168,171
0,1345, get_pharmacy_prescriptions,1356,stateless_query,12554.092,4367.969,174
0,1346, get_staff_prescriptions,1357,stateless_query,12457.252,4379.992,175
0,1347, get_prescription_medication,1358,stateless_query,11833.889,4265.408,165
0,1348, get_prescription_medication,1359,stateless_query,12188.17,4316.754,233
0,1349, get_pharmacy_prescriptions,1360,stateless_query,15769.992,6816.156,217
0,1350, get_staff_prescriptions,1361,stateless_query,12684.095,4715.067,171
0,1351, get_staff_prescriptions,1362,stateless_query,13000.185,4322.094,171
0,1352, get_pharmacy_prescriptions,1363,stateless_query,13943.364,4288.271,235
0,1353, process_prescription,1364,apply,2916.491,1024.191,375
0,1354, get_processed_pharmacy_prescriptions,1365,stateless_query,12561.176,4169.469,190
0,1355, get_pharmacy_prescriptions,1366,stateless_query,11473.417,4130.147,182
0,1356, get_staff_prescriptions,1367,stateless_query,11629.026,4054.445,197
0,1357, get_staff_prescriptions,1368,stateless_query,12740.039,4345.948,237
0,1358, get_pharmacy_prescriptions,1369,stateless_query,14160.069,4990.31,166
0,1359, get_prescription_medication,1370,stateless_query,12984.094,4568.684,232
0,1360, get_pharmacy_prescriptions,1371,stateless_query,14072.806,6292.159,173
0,1361, get_prescription_medication,1372,stateless_query,13941.23,5055.672,243
0,1362, get_pharmacy_prescriptions,1373,stateless_query,11962.369,4142.189,174
0,1363, get_pharmacy_prescriptions,1374,stateless_query,13090.784,4360.636,240
0,1364, update_prescription_medication,1375,apply,2461.112,698.042,274
0,1365, get_patient,1376,stateless_query,11892.548,14238.726,182
0,1366, get_pharmacy_prescriptions,1377,stateless_query,12199.832,4078.038,174
0,1367, get_prescription_medication,1378,stateless_query,15819.624,6928.587,171
0,1368, get_pharmacy_prescriptions,1379,stateless_query,12054.04,4262.934,195
0,1369, get_pharmacy_prescriptions,1380,stateless_query,12504.671,4386.313,236
0,1370, get_processed_pharmacy_prescriptions,1381,stateless_query,12672.213,4541.282,172
0,1371, get_pharmacy_prescriptions,1382,stateless_query,14684.658,5376.141,169
0,1372, get_processed_pharmacy_prescriptions,1383,stateless_query,12150.76,4521.206,174
0,1373, get_prescription_medication,1384,stateless_query,12577.956,4285.596,236
0,1374, get_prescription_medication,1385,stateless_query,13388.579,5068.878,178
0,1375, get_prescription,1386,stateless_query,14713.682,5501.835,234
0,1376, process_prescription,1387,apply,3114.35,879.662,301
0,1377, get_prescription_medication,1388,stateless_query,12723.479,4239.48,195
0,1378, get_prescription_medication,1389,stateless_query,13869.967,5143.767,254
0,1379, get_pharmacy_prescriptions,1390,stateless_query,12394.244,4238.688,266
0,1380, get_prescription_medication,1391,stateless_query,12198.138,4350.427,175
0,1381, get_prescription_medication,1392,stateless_query,12928.351,4749.892,174
0,1382, get_prescription_medication,1393,stateless_query,12579.12,4479.498,234
0,1383, get_processed_pharmacy_prescriptions,1394,stateless_query,12120.013,4301.706,252
0,1384, get_pharmacy_prescriptions,1395,stateless_query,13407.895,4529.25,174
0,1385, create_prescription,1396,apply,3536.147,1338.317,352
0,1386, get_staff_prescriptions,1397,stateless_query,13159.632,5181.316,179
0,1387, get_pharmacy_prescriptions,1398,stateless_query,12568.219,4210.435,248
0,1388, create_prescription,1399,apply,3004.967,1131.712,366
0,1389, get_staff_prescriptions,1400,stateless_query,11498.173,4065.265,159
0,1390, create_prescription,1401,apply,2727.378,1052.854,406
0,1391, get_prescription_medication,1402,stateless_query,11542.385,4355.687,178
0,1392, get_prescription_medication,1403,stateless_query,11767.094,4305.502,168
0,1393, get_pharmacy_prescriptions,1404,stateless_query,14162.613,4504.484,230
0,1394, get_processed_pharmacy_prescriptions,1405,stateless_query,13341.752,5548.963,165
0,1395, get_prescription_medication,1406,stateless_query,14633.682,6322.937,199
0,1396, create_prescription,1407,apply,2810.914,1004.404,339
0,1397, get_pharmacy_prescriptions,1408,stateless_query,13489.588,4635.8,185
0,1398, get_pharmacy_prescriptions,1409,stateless_query,11774.729,4174.979,175
0,1399, get_prescription_medication,1410,stateless_query,13455.875,4956.457,185
0,1400, update_prescription_medication,1411,apply,2981.833,954.01,337
0,1401, get_prescription_medication,1412,stateless_query,13553.478,4445.856,245
0,1402, get_pharmacy_prescriptions,1413,stateless_query,14129.061,5160.668,176
0,1403, get_prescription_medication,1414,stateless_query,12645.112,4404.367,248
0,1404, get_prescription,1415,stateless_query,13883.343,5108.421,171
0,1405, create_prescription,1416,apply,3638.739,1571.112,525
0,1406, get_processed_pharmacy_prescriptions,1417,stateless_query,12905.468,4295.404,167
0,1407, get_pharmacy_prescriptions,1418,stateless_query,14723.62,5818.225,242
0,1408, get_patient,1419,stateless_query,12402.84,14960.741,176
0,1409, get_pharmacy_prescriptions,1420,stateless_query,12666.212,4435.335,238
0,1410, get_pharmacy_prescriptions,1421,stateless_query,12365.651,4476.332,182
0,1411, get_prescription_medication,1422,stateless_query,12882.184,4265.128,236
0,1412, get_prescription_medication,1423,stateless_query,14416.969,4309.892,251
0,1413, get_prescription_medication,1424,stateless_query,13709.729,5830.176,179
0,1414, get_prescription_medication,1425,stateless_query,13630.751,4299.902,251
0,1415, process_prescription,1426,apply,3211.612,1124.257,425
0,1416, get_staff_prescriptions,1427,stateless_query,12324.344,4567.741,171
0,1417, get_prescription_medication,1428,stateless_query,13434.525,4223.751,254
0,1418, get_prescription,1429,stateless_query,14151.904,4327.292,254
0,1419, get_prescription,1430,stateless_query,13189.388,4266.32,239
0,1420, get_pharmacy_prescriptions,1431,stateless_query,13654.586,4265.267,186
0,1421, get_patient,1432,stateless_query,14191.186,17083.142,194
0,1422, get_staff_prescriptions,1433,stateless_query,12893.085,4596.446,184
0,1423, get_staff_prescriptions,1434,stateless_query,12926.497,4351.318,198
0,1424, get_prescription_medication,1435,stateless_query,12539.595,4311.123,181
0,1425, get_staff_prescriptions,1436,stateless_query,12342.227,4264.747,229
0,1426, get_pharmacy_prescriptions,1437,stateless_query,13056.039,4560.169,266
0,1427, get_pharmacy_prescriptions,1438,stateless_query,12164.986,4322.825,205
0,1428, get_pharmacy_prescriptions,1439,stateless_query,12022.991,4397.806,189
0,1429, get_staff_prescriptions,1440,stateless_query,11868.142,4271.139,182
0,1430, get_pharmacy_prescriptions,1441,stateless_query,12843.022,4799.755,173
0,1431, get_patient,1442,stateless_query,13597.469,15641.022,203
0,1432, get_prescription_medication,1443,stateless_query,13556.463,4894.913,201
0,1433, get_staff_prescriptions,1444,stateless_query,12136.263,4282.89,175
0,1434, create_prescription,1445,apply,3582.684,1467.648,534
0,1435, get_pharmacy_prescriptions,1446,stateless_query,12784.433,4706.651,184
0,1436, get_prescription_medication,1447,stateless_query,13178.677,4896.816,178
0,1437, get_staff_prescriptions,1448,stateless_query,12701.157,4673.258,185
0,1438, update_prescription_medication,1449,apply,2605.261,777.23,316
0,1439, create_prescription,1450,apply,2703.975,966.232,335
0,1440, get_staff_prescriptions,1451,stateless_query,12473.703,4368.621,177
0,1441, get_prescription_medication,1452,stateless_query,14331.749,4746.636,184
0,1442, get_prescription_medication,1453,stateless_query,13632.074,5007.102,178
0,1443, get_prescription_medication,1454,stateless_query,12636.737,4501.839,181
0,1444, update_prescription_medication,1455,apply,2623.985,844.846,294
0,1445, update_prescription_medication,1456,apply,2349.494,664.26,247
0,1446, get_prescription_medication,1457,stateless_query,14495.805,5096.639,170
0,1447, get_staff_prescriptions,1458,stateless_query,12801.624,4326.412,202
0,1448, get_pharmacy_prescriptions,1459,stateless_query,12443.526,4289.633,207
0,1449, get_pharmacy_prescriptions,1460,stateless_query,13394.431,4615.271,250
0,1450, get_pharmacy_prescriptions,1461,stateless_query,13578.704,4689.029,184
0,1451, get_processed_pharmacy_prescriptions,1462,stateless_query,13413.045,4462.436,185
0,1452, get_prescription_medication,1463,stateless_query,14820.28,5389.406,254
0,1453, get_prescription,1464,stateless_query,13679.522,4648.002,199
0,1454, get_prescription_medication,1465,stateless_query,13704.439,4481.852,177
0,1455, get_prescription_medication,1466,stateless_query,14839.045,5503.237,268
0,1456, get_processed_pharmacy_prescriptions,1467,stateless_query,13852.204,4812.388,283
0,1457, get_pharmacy_prescriptions,1468,stateless_query,12904.696,4398.648,200
0,1458, update_prescription_medication,1469,apply,3069.307,863.15,330
0,1459, get_staff_prescriptions,1470,stateless_query,12656.925,4416.128,192
0,1460, get_processed_pharmacy_prescriptions,1471,stateless_query,12149.989,4349.594,233
0,1461, get_prescription_medication,1472,stateless_query,13329.279,4748.611,242
0,1462, get_prescription_medication,1473,stateless_query,14422.448,5946.454,187
0,1463, get_pharmacy_prescriptions,1474,stateless_query,14150.711,4491.95,239
0,1464, get_prescription_medication,1475,stateless_query,12009.296,4328.325,179
0,1465, get_patient,1476,stateless_query,14693.785,18023.827,181
0,1466, get_prescription_medication,1477,stateless_query,12956.764,4703.586,206
0,1467, get_prescription_medication,1478,stateless_query,13110.14,4580.847,180
0,1468, get_pharmacy_prescriptions,1479,stateless_query,14447.525,4893.33,267
0,1469, get_pharmacy_prescriptions,1480,stateless_query,12635.735,4456.736,179
0,1470, get_prescription_medication,1481,stateless_query,12659.931,4477.784,182
0,1471, get_pharmacy_prescriptions,1482,stateless_query,12759.355,4518.049,186
0,1472, get_prescription_medication,1483,stateless_query,15097.528,6950.418,223
0,1473, get_pharmacy_prescriptions,1484,stateless_query,12335.615,4377.017,181
0,1474, get_prescription_medication,1485,stateless_query,13285.918,4507.279,182
0,1475, process_prescription,1486,apply,2963.519,918.604,275
0,1476, get_staff_prescriptions,1487,stateless_query,15274.649,6094.04,177
0,1477, get_prescription_medication,1488,stateless_query,12547.56,4432.931,181
0,1478, create_prescription,1489,apply,3790.833,1616.185,522
0,1479, get_prescription_medication,1490,stateless_query,14279.481,5044.773,172
0,1480, get_prescription_medication,1491,stateless_query,12753.254,4486.7,184
0,1481, get_pharmacy_prescriptions,1492,stateless_query,13219.655,4596.276,179
0,1482, get_pharmacy_prescriptions,1493,stateless_query,12474.654,4461.533,189
0,1483, get_prescription_medication,1494,stateless_query,15491.873,5750.96,213
0,1484, get_pharmacy_prescriptions,1495,stateless_query,14859.394,5216.012,245
0,1485, get_prescription_medication,1496,stateless_query,13447.049,4404.687,256
0,1486, get_prescription,1497,stateless_query,13030.341,4802.329,187
0,1487, update_prescription_medication,1498,apply,3301.389,945.144,615
0,1488, get_staff_prescriptions,1499,stateless_query,15742.181,6361.589,198
0,1489, process_prescription,1500,apply,2813.259,875.644,357
0,1490, get_prescription_medication,1501,stateless_query,13309.301,4521.686,240
0,1491, get_prescription_medication,1502,stateless_query,13855.43,5493.55,199
0,1492, create_prescription,1503,apply,3639.721,1370.416,520
0,1493, get_prescription_medication,1504,stateless_query,15131.331,5921.057,205
0,1494, get_patient,1505,stateless_query,12598.004,15362.452,194
0,1495, get_prescription_medication,1506,stateless_query,12469.214,4390.231,191
0,1496, get_staff_prescriptions,1507,stateless_query,13941.902,5605.567,175
0,1497, get_pharmacy_prescriptions,1508,stateless_query,13636.372,5168.934,251
0,1498, process_prescription,1509,apply,2735.304,990.678,407
0,1499, get_prescription_medication,1510,stateless_query,12395.035,4547.815,174
0,1500, get_pharmacy_prescriptions,1511,stateless_query,12519.759,4354.896,194
0,1501, get_processed_pharmacy_prescriptions,1512,stateless_query,13133.864,4659.343,200
0,1502, get_staff_prescriptions,1513,stateless_query,12372.845,4393.667,193
0,1503, get_prescription_medication,1514,stateless_query,12595.369,4444.893,202
0,1504, get_staff_prescriptions,1515,stateless_query,12389.004,4488.014,211
0,1505, get_prescription_medication,1516,stateless_query,12904.716,4692.656,193
0,1506, get_staff_prescriptions,1517,stateless_query,13123.314,4956.607,192
0,1507, update_prescription_medication,1518,apply,3228.984,1036.093,447
0,1508, get_pharmacy_prescriptions,1519,stateless_query,14349.412,5910.828,188
0,1509, get_processed_pharmacy_prescriptions,1520,stateless_query,13991.464,5566.155,182
0,1510, get_processed_pharmacy_prescriptions,1521,stateless_query,14604.367,4560.277,276
0,1511, get_processed_pharmacy_prescriptions,1522,stateless_query,14174.455,5728.97,183
0,1512, get_patient,1523,stateless_query,13680.645,16279.785,266
0,1513, get_staff_prescriptions,1524,stateless_query,13476.183,4954.783,186
0,1514, get_patient,1525,stateless_query,12919.814,15223.283,238
0,1515, get_pharmacy_prescriptions,1526,stateless_query,12870.643,4763.107,190
0,1516, get_processed_pharmacy_prescriptions,1527,stateless_query,13008.6,4551.833,213
0,1517, get_prescription_medication,1528,stateless_query,13521.468,4615.33,191
0,1518, get_pharmacy_prescriptions,1529,stateless_query,14282.878,4779.667,236
0,1519, get_patient,1530,stateless_query,14750.54,17792.726,224
0,1520, create_prescription,1531,apply,3472.849,1387.298,350
0,1521, get_patient,1532,stateless_query,13293.061,15880.148,176
0,1522, get_processed_pharmacy_prescriptions,1533,stateless_query,15563.457,6129.105,188
0,1523, get_pharmacy_prescriptions,1534,stateless_query,13673.872,5114.783,206
0,1524, get_staff_prescriptions,1535,stateless_query,15657.914,5919.324,267
0,1525, get_prescription_medication,1536,stateless_query,12971.361,4937.242,204
0,1526, get_prescription_medication,1537,stateless_query,12648.809,4389.009,206
0,1527, get_prescription_medication,1538,stateless_query,14558.863,4898.559,249
0,1528, get_prescription_medication,1539,stateless_query,13687.136,4865.007,196
0,1529, get_prescription_medication,1540,stateless_query,16255.729,7833.395,186
0,1530, get_staff_prescriptions,1541,stateless_query,13636.041,5056.405,192
0,1531, get_pharmacy_prescriptions,1542,stateless_query,14497.078,5363.647,185
0,1532, get_prescription_medication,1543,stateless_query,12734.399,4520.955,191
0,1533, get_prescription_medication,1544,stateless_query,13335.13,4651.299,266
0,1534, create_prescription,1545,apply,3484.882,1533.912,449
0,1535, create_prescription,1546,apply,2819.381,1077.069,468
0,1536, get_processed_pharmacy_prescriptions,1547,stateless_query,12641.195,4566.398,181
0,1537, get_staff_prescriptions,1548,stateless_query,14203.259,4829.02,183
0,1538, get_prescription_medication,1549,stateless_query,14271.748,5641.855,204
0,1539, get_prescription_medication,1550,stateless_query,12989.215,4545.58,189
0,1540, get_staff_prescriptions,1551,stateless_query,14871.567,6159.893,191
0,1541, get_prescription_medication,1552,stateless_query,14366.524,5700.766,188
0,1542, get_pharmacy_prescriptions,1553,stateless_query,14812.727,4617.274,275
0,1543, get_prescription_medication,1554,stateless_query,14668.327,5634.613,265
0,1544, get_staff_prescriptions,1555,stateless_query,14983.825,5733.878,260
0,1545, get_pharmacy_prescriptions,1556,stateless_query,14867.278,4681.995,245
0,1546, get_pharmacy_prescriptions,1557,stateless_query,13216.478,4529.23,184
0,1547, get_prescription,1558,stateless_query,14490.265,4657.72,198
0,1548, get_pharmacy_prescriptions,1559,stateless_query,14212.847,5376.581,276
0,1549, get_processed_pharmacy_prescriptions,1560,stateless_query,16184.286,5541.819,230
0,1550, get_pharmacy_prescriptions,1561,stateless_query,13492.985,4719.415,213
0,1551, get_prescription_medication,1562,stateless_query,15556.575,6140.637,303
0,1552, get_prescription_medication,1563,stateless_query,13996.614,5426.043,193
0,1553, get_staff_prescriptions,1564,stateless_query,13268.746,4699.248,205
0,1554, get_prescription_medication,1565,stateless_query,13575.168,5011.109,193
0,1555, get_pharmacy_prescriptions,1566,stateless_query,13586.328,4875.446,280
0,1556, get_pharmacy_prescriptions,1567,stateless_query,16783.253,7056.426,275
0,1557, get_staff_prescriptions,1568,stateless_query,13307.127,4634.396,188
0,1558, get_pharmacy_prescriptions,1569,stateless_query,13727.882,4819.111,195
0,1559, get_prescription_medication,1570,stateless_query,13774.69,4522.367,243
0,1560, get_patient,1571,stateless_query,12779.072,15346.183,193
0,1561, get_prescription_medication,1572,stateless_query,13638.305,5257.769,182
0,1562, get_staff_prescriptions,1573,stateless_query,15430.029,5929.132,188
0,1563, get_pharmacy_prescriptions,1574,stateless_query,13000.846,4714.026,190
0,1564, get_prescription_medication,1575,stateless_query,15376.919,5025.887,277
0,1565, create_prescription,1576,apply,3182.568,1153.773,388
0,1566, get_prescription_medication,1577,stateless_query,15076.188,6478.528,193
0,1567, get_prescription_medication,1578,stateless_query,14212.948,5077.904,272
0,1568, get_pharmacy_prescriptions,1579,stateless_query,14730.333,5823.134,220
0,1569, get_processed_pharmacy_prescriptions,1580,stateless_query,13042.684,4653.321,217
0,1570, get_prescription,1581,stateless_query,14651.847,5051.585,194
0,1571, get_prescription_medication,1582,stateless_query,13891.789,4779.357,270
0,1572, get_prescription_medication,1583,stateless_query,15809.186,5967.333,261
0,1573, get_pharmacy_prescriptions,1584,stateless_query,13673.901,4690.931,232
0,1574, get_pharmacy_prescriptions,1585,stateless_query,13670.234,4627.183,275
0,1575, get_staff_prescriptions,1586,stateless_query,13288.182,4782.423,191
0,1576, create_prescription,1587,apply,3374.426,1375.546,344
0,1577, get_pharmacy_prescriptions,1588,stateless_query,13900.915,4939.766,179
0,1578, process_prescription,1589,apply,3000.738,961.013,406
0,1579, get_prescription,1590,stateless_query,13191.071,5148.746,200
0,1580, get_prescription,1591,stateless_query,14275.574,5481.567,191
0,1581, get_staff_prescriptions,1592,stateless_query,17341.745,8327.126,213
0,1582, get_pharmacy_prescriptions,1593,stateless_query,13661.568,4524.102,251
0,1583, get_prescription_medication,1594,stateless_query,13231.907,4713.044,207
0,1584, get_prescription_medication,1595,stateless_query,13221.007,4516.567,221
0,1585, get_processed_pharmacy_prescriptions,1596,stateless_query,12980.188,4548.047,211
0,1586, get_pharmacy_prescriptions,1597,stateless_query,13533.139,4868.193,210
0,1587, get_prescription_medication,1598,stateless_query,14968.507,4724.445,306
0,1588, create_prescription,1599,apply,3542.53,1248.189,398
0,1589, get_prescription_medication,1600,stateless_query,13271.03,5088.143,199
0,1590, get_pharmacy_prescriptions,1601,stateless_query,14615.579,5543.702,195
0,1591, get_prescription_medication,1602,stateless_query,14022.802,5372.254,190
0,1592, get_prescription,1603,stateless_query,14585.373,5434.399,220
0,1593, get_pharmacy_prescriptions,1604,stateless_query,13227.369,4780.439,191
0,1594, get_pharmacy_prescriptions,1605,stateless_query,16164.618,5622.139,314
0,1595, get_pharmacy_prescriptions,1606,stateless_query,14663.619,5150.43,276
0,1596, create_prescription,1607,apply,3123.127,1165.886,334
0,1597, get_prescription_medication,1608,stateless_query,13292.94,4881.348,308
0,1598, get_pharmacy_prescriptions,1609,stateless_query,14151.062,4906.113,214
0,1599, create_prescription,1610,apply,3090.186,1163.23,360
0,1600, get_prescription_medication,1611,stateless_query,13819.173,5197.386,339
0,1601, get_processed_pharmacy_prescriptions,1612,stateless_query,14528.075,5058.719,264
0,1602, get_prescription_medication,1613,stateless_query,14366.744,5993.873,199
0,1603, get_prescription_medication,1614,stateless_query,15354.417,4774.147,312
0,1604, process_prescription,1615,apply,2910.079,916.49,328
0,1605, get_patient,1616,stateless_query,14801.325,18390.652,212
0,1606, get_staff_prescriptions,1617,stateless_query,13863.125,4772.434,192
0,1607, get_pharmacy_prescriptions,1618,stateless_query,13875.888,4835.051,265
0,1608, get_staff_prescriptions,1619,stateless_query,13582.26,4725.166,198
0,1609, get_prescription,1620,stateless_query,13553.628,4891.976,202
0,1610, get_pharmacy_prescriptions,1621,stateless_query,14286.705,5003.395,198
0,1611, get_pharmacy_prescriptions,1622,stateless_query,14645.946,4802.1,192
0,1612, update_prescription_medication,1623,apply,2682.114,624.976,284
0,1613, get_prescription_medication,1624,stateless_query,12863.45,4592.548,190
0,1614, get_prescription_medication,1625,stateless_query,12720.593,4555.98,189
0,1615, get_pharmacy_prescriptions,1626,stateless_query,14498.76,5680.95,260
0,1616, get_pharmacy_prescriptions,1627,stateless_query,14394.477,4715.027,211
0,1617, create_prescription,1628,apply,4082.096,1646.762,564
0,1618, get_processed_pharmacy_prescriptions,1629,stateless_query,17602.902,7414.784,273
0,1619, get_prescription_medication,1630,stateless_query,15163.43,5739.719,220
0,1620, get_pharmacy_prescriptions,1631,stateless_query,15629.019,4813.862,293
0,1621, get_prescription_medication,1632,stateless_query,13899.192,5400.245,199
0,1622, get_prescription_medication,1633,stateless_query,13211.329,4657.029,210
0,1623, update_prescription_medication,1634,apply,2510.173,759.247,324
0,1624, get_pharmacy_prescriptions,1635,stateless_query,14947.538,6081.566,187
0,1625, get_pharmacy_prescriptions,1636,stateless_query,13748.952,4815.895,195
0,1626, get_prescription_medication,1637,stateless_query,14864.313,5134.45,256
0,1627, get_pharmacy_prescriptions,1638,stateless_query,14964.008,4884.824,195
0,1628, get_staff_prescriptions,1639,stateless_query,13755.233,4892.438,206
0,1629, get_prescription_medication,1640,stateless_query,14509.811,5150.791,200
0,1630, get_prescription_medication,1641,stateless_query,13967.65,4730.036,201
0,1631, get_prescription_medication,1642,stateless_query,15318.34,5406.577,218
0,1632, get_prescription_medication,1643,stateless_query,14685.49,5341.384,281
0,1633, create_prescription,1644,apply,3452.882,1211.38,426
0,1634, get_processed_pharmacy_prescriptions,1645,stateless_query,14534.077,6035.24,186
0,1635, get_processed_pharmacy_prescriptions,1646,stateless_query,13980.764,4794.345,222
0,1636, create_prescription,1647,apply,2976.163,1080.747,344
0,1637, get_prescription_medication,1648,stateless_query,14386.682,5169.024,221
0,1638, get_prescription_medication,1649,stateless_query,14099.586,5036.797,237
0,1639, get_pharmacy_prescriptions,1650,stateless_query,13990.012,4716.931,222
0,1640, get_staff_prescriptions,1651,stateless_query,14714.703,5257.74,276
0,1641, get_patient,1652,stateless_query,13731.469,16540.991,215
0,1642, get_staff_prescriptions,1653,stateless_query,15455.095,4770.921,198
0,1643, get_pharmacy_prescriptions,1654,stateless_query,15630.763,6456.817,229
0,1644, process_prescription,1655,apply,3054.379,987.052,320
0,1645, get_staff_prescriptions,1656,stateless_query,14171.049,5076.602,220
0,1646, get_prescription_medication,1657,stateless_query,13217.581,4682.256,201
0,1647, get_pharmacy_prescriptions,1658,stateless_query,13513.293,4798.562,191
0,1648, get_pharmacy_prescriptions,1659,stateless_query,15514.025,6312.227,291
0,1649, get_prescription,1660,stateless_query,15498.095,5601.901,221
0,1650, get_prescription_medication,1661,stateless_query,13558.546,4903.678,202
0,1651, get_pharmacy_prescriptions,1662,stateless_query,13751.316,4760.282,199
0,1652, get_pharmacy_prescriptions,1663,stateless_query,14982.543,5556.047,216
0,1653, update_prescription_medication,1664,apply,2911.492,734.821,279
0,1654, get_staff_prescriptions,1665,stateless_query,13338.446,4777.903,302
0,1655, get_prescription_medication,1666,stateless_query,13528.65,4815.966,199
0,1656, get_staff_prescriptions,1667,stateless_query,15278.706,4873.773,276
0,1657, get_pharmacy_prescriptions,1668,stateless_query,14898.908,5325.315,293
0,1658, get_prescription_medication,1669,stateless_query,15775.502,5975.108,212
0,1659, get_staff_prescriptions,1670,stateless_query,13876.861,4810.625,202
0,1660, get_prescription_medication,1671,stateless_query,14377.805,5024.024,198
0,1661, get_pharmacy_prescriptions,1672,stateless_query,15865.079,6238.188,196
0,1662, get_pharmacy_prescriptions,1673,stateless_query,15973.161,6829.302,209
0,1663, get_pharmacy_prescriptions,1674,stateless_query,13888.492,5096.88,235
0,1664, get_processed_pharmacy_prescriptions,1675,stateless_query,15162.209,5272.628,245
0,1665, create_prescription,1676,apply,3049.449,1200.791,526
0,1666, get_pharmacy_prescriptions,1677,stateless_query,16468.927,6509.866,278
0,1667, get_processed_pharmacy_prescriptions,1678,stateless_query,13992.356,4984.299,205
0,1668, get_pharmacy_prescriptions,1679,stateless_query,13739.124,4900.813,238
0,1669, get_staff_prescriptions,1680,stateless_query,14509.401,4888.26,309
0,1670, get_processed_pharmacy_prescriptions,1681,stateless_query,13899.733,5021.819,202
0,1671, get_staff_prescriptions,1682,stateless_query,13853.416,4875.396,205
0,1672, get_prescription_medication,1683,stateless_query,14524.248,5070.3,273
0,1673, get_prescription_medication,1684,stateless_query,13423.865,4757.747,225
0,1674, get_prescription_medication,1685,stateless_query,13634.859,4779.749,220
0,1675, get_staff_prescriptions,1686,stateless_query,14735.984,5064.518,267
0,1676, get_prescription_medication,1687,stateless_query,14548.844,4923.626,270
0,1677, get_pharmacy_prescriptions,1688,stateless_query,14302.915,4837.395,203
0,1678, get_prescription_medication,1689,stateless_query,14817.636,5944.6,202
0,1679, create_prescription,1690,apply,3351.163,1260.692,540
0,1680, update_prescription_medication,1691,apply,2126.638,631.068,253
0,1681, get_staff_prescriptions,1692,stateless_query,14147.506,5069.068,213
0,1682, process_prescription,1693,apply,3099.903,1009.784,410
0,1683, get_patient,1694,stateless_query,15095.474,18691.954,285
0,1684, get_processed_pharmacy_prescriptions,1695,stateless_query,16452.496,6209.596,275
0,1685, get_staff_prescriptions,1696,stateless_query,14167.893,5014.356,243
0,1686, get_prescription,1697,stateless_query,16330.458,7035.185,207
0,1687, process_prescription,1698,apply,2908.747,919.075,280
0,1688, get_pharmacy_prescriptions,1699,stateless_query,14098.113,4995.14,196
0,1689, get_prescription_medication,1700,stateless_query,13336.602,4725.286,214
0,1690, get_staff_prescriptions,1701,stateless_query,14672.605,4860.81,199
0,1691, get_prescription_medication,1702,stateless_query,14136.585,4854.166,211
0,1692, get_prescription,1703,stateless_query,14520.621,5003.274,225
0,1693, update_prescription_medication,1704,apply,2575.705,711.498,276
0,1694, get_prescription_medication,1705,stateless_query,16475.629,5039.763,323
0,1695, get_staff_prescriptions,1706,stateless_query,15447.0,5350.041,289
0,1696, get_staff_prescriptions,1707,stateless_query,15560.371,5420.945,244
0,1697, get_staff_prescriptions,1708,stateless_query,16176.361,6144.233,430
0,1698, get_prescription_medication,1709,stateless_query,14757.453,5217.424,274
0,1699, get_patient,1710,stateless_query,14126.707,17331.145,245
0,1700, get_prescription,1711,stateless_query,15898.092,5453.134,202
0,1701, get_pharmacy_prescriptions,1712,stateless_query,14654.461,5275.082,210
0,1702, get_staff_prescriptions,1713,stateless_query,16233.067,5899.216,329
0,1703, get_staff_prescriptions,1714,stateless_query,15087.729,5851.587,216
0,1704, process_prescription,1715,apply,2881.787,897.875,276
0,1705, get_prescription_medication,1716,stateless_query,15264.078,5536.179,215
0,1706, process_prescription,1717,apply,2613.787,802.057,272
0,1707, get_prescription_medication,1718,stateless_query,15637.295,6120.879,198
0,1708, get_processed_pharmacy_prescriptions,1719,stateless_query,14515.282,5363.227,233
0,1709, get_processed_pharmacy_prescriptions,1720,stateless_query,15202.994,5631.667,220
0,1710, get_pharmacy_prescriptions,1721,stateless_query,15518.503,6223.05,218
0,1711, get_prescription_medication,1722,stateless_query,13722.062,4989.59,216
0,1712, get_prescription_medication,1723,stateless_query,13819.994,4961.637,208
0,1713, get_prescription_medication,1724,stateless_query,15450.256,5192.096,215
0,1714, get_prescription_medication,1725,stateless_query,14738.327,5078.114,204
0,1715, create_prescription,1726,apply,3068.034,1070.687,349
0,1716, get_prescription_medication,1727,stateless_query,14269.152,5555.074,196
0,1717, get_staff_prescriptions,1728,stateless_query,15077.09,5075.35,286
0,1718, get_pharmacy_prescriptions,1729,stateless_query,14386.2,5103.573,206
0,1719, get_pharmacy_prescriptions,1730,stateless_query,18450.734,7415.576,246
0,1720, get_processed_pharmacy_prescriptions,1731,stateless_query,15867.314,5855.434,210
0,1721, create_prescription,1732,apply,3579.879,1470.053,513
0,1722, get_staff_prescriptions,1733,stateless_query,14036.188,4984.829,219
0,1723, get_prescription_medication,1734,stateless_query,16103.365,5961.533,219
0,1724, get_pharmacy_prescriptions,1735,stateless_query,14612.733,5119.833,238
0,1725, get_processed_pharmacy_prescriptions,1736,stateless_query,16373.268,6768.258,301
0,1726, get_pharmacy_prescriptions,1737,stateless_query,15580.579,5475.937,315
0,1727, get_staff_prescriptions,1738,stateless_query,15243.881,5669.879,246
0,1728, get_prescription_medication,1739,stateless_query,16450.162,5396.87,286
0,1729, get_staff_prescriptions,1740,stateless_query,15236.987,5711.596,312
0,1730, get_prescription_medication,1741,stateless_query,14460.069,5097.711,206
0,1731, get_prescription_medication,1742,stateless_query,15266.753,5681.801,285
0,1732, get_staff_prescriptions,1743,stateless_query,15287.462,5378.595,309
0,1733, get_prescription_medication,1744,stateless_query,18155.103,7139.42,280
0,1734, get_prescription_medication,1745,stateless_query,15769.712,5779.893,261
0,1735, get_patient,1746,stateless_query,14491.457,17502.835,215
0,1736, get_prescription_medication,1747,stateless_query,14810.673,5225.84,292
0,1737, get_staff_prescriptions,1748,stateless_query,15186.775,5715.854,256
0,1738, get_prescription_medication,1749,stateless_query,15286.11,5926.046,281
0,1739, get_prescription_medication,1750,stateless_query,15710.231,5311.58,301
0,1740, get_pharmacy_prescriptions,1751,stateless_query,14274.251,5078.805,226
0,1741, get_processed_pharmacy_prescriptions,1752,stateless_query,14559.304,5429.399,218
0,1742, get_prescription_medication,1753,stateless_query,15597.32,6637.966,221
0,1743, get_pharmacy_prescriptions,1754,stateless_query,14538.274,4981.825,256
0,1744, get_pharmacy_prescriptions,1755,stateless_query,14144.28,5022.57,219
0,1745, get_prescription_medication,1756,stateless_query,14066.114,5114.592,237
0,1746, create_prescription,1757,apply,3118.919,1106.855,363
0,1747, get_pharmacy_prescriptions,1758,stateless_query,14411.748,5402.971,208
0,1748, get_processed_pharmacy_prescriptions,1759,stateless_query,14403.924,5270.383,232
0,1749, get_pharmacy_prescriptions,1760,stateless_query,14296.634,5175.997,224
0,1750, get_pharmacy_prescriptions,1761,stateless_query,15342.145,5317.09,295
0,1751, create_prescription,1762,apply,3011.619,1163.0,397
0,1752, get_prescription_medication,1763,stateless_query,15181.404,6181.052,205
0,1753, get_prescription_medication,1764,stateless_query,14147.285,5155.39,225
0,1754, get_prescription_medication,1765,stateless_query,14409.735,5063.317,203
0,1755, create_prescription,1766,apply,3448.564,1310.134,554
0,1756, get_pharmacy_prescriptions,1767,stateless_query,15949.027,5036.116,300
0,1757, create_prescription,1768,apply,3522.482,1278.085,344
0,1758, get_prescription_medication,1769,stateless_query,16438.009,5785.724,201
0,1759, get_prescription_medication,1770,stateless_query,16871.507,6070.736,247
0,1760, get_patient,1771,stateless_query,15105.023,18307.887,208
0,1761, get_pharmacy_prescriptions,1772,stateless_query,15675.366,5435.923,296
0,1762, get_staff_prescriptions,1773,stateless_query,16779.075,6381.777,208
0,1763, create_prescription,1774,apply,3310.878,1135.389,415
0,1764, create_prescription,1775,apply,3448.143,1212.562,365
0,1765, get_staff_prescriptions,1776,stateless_query,15732.673,5109.653,281
0,1766, get_prescription_medication,1777,stateless_query,16185.838,5524.318,297
0,1767, get_prescription,1778,stateless_query,15519.485,6321.724,212
0,1768, create_prescription,1779,apply,3280.871,1461.427,426
0,1769, get_staff_prescriptions,1780,stateless_query,15310.666,6053.113,198
0,1770, get_prescription_medication,1781,stateless_query,15060.88,5153.725,246
0,1771, get_prescription_medication,1782,stateless_query,17308.193,5394.876,315
0,1772, get_pharmacy_prescriptions,1783,stateless_query,15215.618,5554.984,216
0,1773, create_prescription,1784,apply,3321.707,1272.093,521
0,1774, process_prescription,1785,apply,2641.489,983.635,328
0,1775, get_prescription_medication,1786,stateless_query,14879.19,5568.83,290
0,1776, get_staff_prescriptions,1787,stateless_query,15069.025,5313.643,210
0,1777, get_pharmacy_prescriptions,1788,stateless_query,15729.096,6061.129,213
0,1778, get_pharmacy_prescriptions,1789,stateless_query,15063.234,5672.603,212
0,1779, get_pharmacy_prescriptions,1790,stateless_query,15087.66,5152.373,265
0,1780, get_processed_pharmacy_prescriptions,1791,stateless_query,15693.159,5480.074,274
0,1781, get_prescription,1792,stateless_query,14795.504,5148.525,213
0,1782, get_pharmacy_prescriptions,1793,stateless_query,15443.172,5489.111,213
0,1783, get_pharmacy_prescriptions,1794,stateless_query,16134.783,6701.984,255
0,1784, get_patient,1795,stateless_query,16291.736,19769.324,212
0,1785, get_pharmacy_prescriptions,1796,stateless_query,14344.954,5128.369,223
0,1786, update_prescription_medication,1797,apply,3162.0,1053.215,426
0,1787, get_prescription_medication,1798,stateless_query,14727.067,5439.819,200
0,1788, get_prescription_medication,1799,stateless_query,15189.049,5678.635,223
0,1789, get_prescription_medication,1800,stateless_query,14497.999,5153.536,224
0,1790, get_processed_pharmacy_prescriptions,1801,stateless_query,14273.21,5115.796,261
0,1791, get_pharmacy_prescriptions,1802,stateless_query,14769.105,5603.284,206
0,1792, get_pharmacy_prescriptions,1803,stateless_query,15602.61,5194.902,295
0,1793, get_prescription_medication,1804,stateless_query,16284.823,5269.051,298
0,1794, get_pharmacy_prescriptions,1805,stateless_query,14576.165,5299.457,215
0,1795, get_prescription_medication,1806,stateless_query,15954.898,6449.523,227
0,1796, get_pharmacy_prescriptions,1807,stateless_query,14713.141,5520.72,221
0,1797, get_patient,1808,stateless_query,17372.161,22373.141,225
0,1798, get_prescription_medication,1809,stateless_query,14751.382,5215.951,293
0,1799, get_prescription_medication,1810,stateless_query,15854.21,5978.103,220
0,1800, get_pharmacy_prescriptions,1811,stateless_query,16581.837,6931.192,214
0,1801, get_pharmacy_prescriptions,1812,stateless_query,16312.174,6826.486,210
0,1802, get_pharmacy_prescriptions,1813,stateless_query,17504.769,6943.114,240
0,1803, get_prescription_medication,1814,stateless_query,14594.279,5094.706,253
0,1804, get_prescription_medication,1815,stateless_query,16477.172,6136.088,218
0,1805, get_processed_pharmacy_prescriptions,1816,stateless_query,14814.74,5077.734,236
0,1806, process_prescription,1817,apply,2746.704,863.922,274
0,1807, get_processed_pharmacy_prescriptions,1818,stateless_query,14214.51,5197.287,233
0,1808, get_prescription,1819,stateless_query,16718.613,6264.577,248
0,1809, get_prescription_medication,1820,stateless_query,15289.235,5449.888,273
0,1810, get_prescription_medication,1821,stateless_query,14513.008,5163.243,215
0,1811, get_prescription_medication,1822,stateless_query,14684.768,5379.837,225
0,1812, get_prescription_medication,1823,stateless_query,15171.816,5511.975,244
0,1813, get_pharmacy_prescriptions,1824,stateless_query,15176.105,5939.371,223
0,1814, get_prescription_medication,1825,stateless_query,15085.886,5603.073,209
0,1815, get_pharmacy_prescriptions,1826,stateless_query,15976.878,6203.444,214
0,1816, get_pharmacy_prescriptions,1827,stateless_query,15144.866,5927.649,222
0,1817, create_prescription,1828,apply,3652.976,1364.897,550
0,1818, get_pharmacy_prescriptions,1829,stateless_query,15179.48,5595.27,353
0,1819, get_prescription,1830,stateless_query,15705.922,5449.988,217
0,1820, get_patient,1831,stateless_query,16285.034,20981.916,224
0,1821, get_staff_prescriptions,1832,stateless_query,17105.234,7029.164,221
0,1822, create_prescription,1833,apply,3717.756,1700.623,528
0,1823, get_patient,1834,stateless_query,14927.15,18143.531,211
0,1824, get_pharmacy_prescriptions,1835,stateless_query,15664.175,6161.305,215
0,1825, get_patient,1836,stateless_query,16757.245,22325.795,208
0,1826, get_pharmacy_prescriptions,1837,stateless_query,15308.642,5743.376,222
0,1827, get_prescription_medication,1838,stateless_query,14755.921,5230.339,218
0,1828, update_prescription_medication,1839,apply,2873.01,761.961,279
0,1829, get_prescription_medication,1840,stateless_query,16825.452,5879.89,206
0,1830, get_prescription_medication,1841,stateless_query,16323.384,6144.635,234
0,1831, get_processed_pharmacy_prescriptions,1842,stateless_query,15646.051,5584.079,276
0,1832, get_prescription_medication,1843,stateless_query,17486.735,6686.905,248
0,1833, get_pharmacy_prescriptions,1844,stateless_query,14930.747,5222.884,305
0,1834, get_pharmacy_prescriptions,1845,stateless_query,15239.623,5227.112,223
0,1835, get_staff_prescriptions,1846,stateless_query,16086.664,5697.501,211
0,1836, get_pharmacy_prescriptions,1847,stateless_query,15052.664,5507.716,254
0,1837, get_pharmacy_prescriptions,1848,stateless_query,16391.172,5664.449,305
0,1838, get_staff_prescriptions,1849,stateless_query,17429.999,6183.306,294
0,1839, get_prescription_medication,1850,stateless_query,17300.859,6545.041,223
0,1840, get_prescription_medication,1851,stateless_query,17833.683,6774.689,264
0,1841, get_pharmacy_prescriptions,1852,stateless_query,16883.66,5390.679,316
0,1842, create_prescription,1853,apply,3227.492,1258.949,338
0,1843, get_prescription_medication,1854,stateless_query,15286.27,5681.64,231
0,1844, get_prescription_medication,1855,stateless_query,15108.749,5327.36,219
0,1845, get_pharmacy_prescriptions,1856,stateless_query,15458.992,5754.947,276
0,1846, get_pharmacy_prescriptions,1857,stateless_query,15179.451,5739.428,239
0,1847, get_staff_prescriptions,1858,stateless_query,16492.29,5296.182,304
0,1848, get_processed_pharmacy_prescriptions,1859,stateless_query,15148.664,5253.251,231
0,1849, get_staff_prescriptions,1860,stateless_query,20575.629,9802.479,268
0,1850, get_prescription,1861,stateless_query,15762.038,5258.28,259
0,1851, get_patient,1862,stateless_query,18927.434,22866.172,319
0,1852, create_prescription,1863,apply,3241.037,1080.836,372
0,1853, get_prescription_medication,1864,stateless_query,15605.225,5381.239,210
0,1854, update_prescription_medication,1865,apply,3213.305,821.954,278
0,1855, get_prescription_medication,1866,stateless_query,15417.224,5493.45,215
0,1856, update_prescription_medication,1867,apply,2596.604,716.246,271
0,1857, get_pharmacy_prescriptions,1868,stateless_query,18041.702,6763.63,215
0,1858, get_prescription_medication,1869,stateless_query,15354.597,5575.573,278
0,1859, get_pharmacy_prescriptions,1870,stateless_query,18043.685,5695.236,328
0,1860, get_prescription_medication,1871,stateless_query,14890.762,5486.887,262
0,1861, update_prescription_medication,1872,apply,2851.4,778.512,332
0,1862, get_prescription_medication,1873,stateless_query,16913.616,6884.836,211
0,1863, create_prescription,1874,apply,3223.935,1300.867,543
0,1864, get_prescription_medication,1875,stateless_query,15486.854,5676.181,234
0,1865, get_pharmacy_prescriptions,1876,stateless_query,16285.574,6124.476,246
0,1866, get_patient,1877,stateless_query,15929.57,19574.44,222
0,1867, get_pharmacy_prescriptions,1878,stateless_query,17003.814,5599.437,223
0,1868, get_staff_prescriptions,1879,stateless_query,16920.078,7167.443,239
0,1869, get_staff_prescriptions,1880,stateless_query,16219.531,6548.449,221
0,1870, get_staff_prescriptions,1881,stateless_query,16278.521,6594.524,272
0,1871, get_pharmacy_prescriptions,1882,stateless_query,16247.753,5628.783,249
0,1872, process_prescription,1883,apply,3334.742,1053.645,289
0,1873, get_staff_prescriptions,1884,stateless_query,17287.624,6377.709,237
0,1874, get_staff_prescriptions,1885,stateless_query,18373.209,7010.679,233
0,1875, get_prescription_medication,1886,stateless_query,16206.337,5895.45,310
0,1876, get_prescription_medication,1887,stateless_query,15021.686,5268.82,226
0,1877, get_prescription_medication,1888,stateless_query,15523.072,5625.996,225
0,1878, get_prescription,1889,stateless_query,15224.895,5349.53,218
0,1879, get_patient,1890,stateless_query,15799.517,19257.84,235
0,1880, get_prescription_medication,1891,stateless_query,17391.628,6773.788,216
0,1881, process_prescription,1892,apply,2937.4,954.711,272
0,1882, get_pharmacy_prescriptions,1893,stateless_query,14857.249,5329.033,217
0,1883, process_prescription,1894,apply,2764.779,874.722,279
0,1884, get_staff_prescriptions,1895,stateless_query,16500.275,6441.147,240
0,1885, process_prescription,1896,apply,2807.909,840.919,274
0,1886, get_staff_prescriptions,1897,stateless_query,15919.822,5821.812,235
0,1887, create_prescription,1898,apply,3331.366,1119.669,346
0,1888, get_processed_pharmacy_prescriptions,1899,stateless_query,16453.898,6326.182,249
0,1889, get_prescription_medication,1900,stateless_query,16036.84,5991.598,272
0,1890, get_prescription_medication,1901,stateless_query,17099.804,6049.746,224
0,1891, get_pharmacy_prescriptions,1902,stateless_query,19302.764,7249.545,280
0,1892, get_prescription_medication,1903,stateless_query,16228.598,5696.439,337
0,1893, get_patient,1904,stateless_query,15870.39,19528.356,254
0,1894, get_prescription_medication,1905,stateless_query,16325.629,5886.272,225
0,1895, get_pharmacy_prescriptions,1906,stateless_query,19586.693,6931.883,325
0,1896, get_prescription_medication,1907,stateless_query,15633.688,6205.969,224
0,1897, get_prescription_medication,1908,stateless_query,14941.747,5543.703,229
0,1898, get_processed_pharmacy_prescriptions,1909,stateless_query,15846.646,5962.174,225
0,1899, get_patient,1910,stateless_query,16706.209,21418.871,241
0,1900, get_prescription_medication,1911,stateless_query,19562.709,6575.137,302
0,1901, get_pharmacy_prescriptions,1912,stateless_query,20763.109,7989.837,307
0,1902, get_staff_prescriptions,1913,stateless_query,15961.34,5940.444,238
0,1903, get_prescription,1914,stateless_query,15853.929,5512.656,287
0,1904, get_processed_pharmacy_prescriptions,1915,stateless_query,16781.459,5688.062,261
0,1905, get_prescription_medication,1916,stateless_query,15825.666,5459.195,236
0,1906, get_processed_pharmacy_prescriptions,1917,stateless_query,16113.814,5695.236,295
0,1907, get_staff_prescriptions,1918,stateless_query,15843.369,6316.184,224
0,1908, get_prescription_medication,1919,stateless_query,17666.841,5678.284,229
0,1909, get_prescription_medication,1920,stateless_query,15003.402,5633.461,266
0,1910, get_pharmacy_prescriptions,1921,stateless_query,17522.181,7405.175,221
0,1911, get_staff_prescriptions,1922,stateless_query,16734.913,5698.021,365
0,1912, get_pharmacy_prescriptions,1923,stateless_query,15695.574,5468.613,226
0,1913, get_staff_prescriptions,1924,stateless_query,16197.16,5766.358,332
0,1914, get_patient,1925,stateless_query,16839.027,21099.035,222
0,1915, get_processed_pharmacy_prescriptions,1926,stateless_query,15054.136,5535.156,234
0,1916, create_prescription,1927,apply,3941.083,1678.802,541
0,1917, get_pharmacy_prescriptions,1928,stateless_query,15653.546,5358.386,238
0,1918, get_prescription,1929,stateless_query,16199.594,5403.872,241
0,1919, process_prescription,1930,apply,2835.881,882.095,293
0,1920, get_processed_pharmacy_prescriptions,1931,stateless_query,15087.92,5561.866,217
0,1921, get_staff_prescriptions,1932,stateless_query,19218.977,5876.835,344
0,1922, get_prescription_medication,1933,stateless_query,17968.835,7001.462,331
0,1923, get_prescription_medication,1934,stateless_query,18245.702,7745.982,235
0,1924, get_patient,1935,stateless_query,16208.931,19852.549,311
0,1925, get_prescription_medication,1936,stateless_query,16647.15,5818.906,316
0,1926, update_prescription_medication,1937,apply,2328.525,540.038,284
0,1927, get_pharmacy_prescriptions,1938,stateless_query,15759.072,5785.484,280
0,1928, get_prescription_medication,1939,stateless_query,17585.029,7024.285,313
0,1929, get_patient,1940,stateless_query,15927.326,19646.895,227
0,1930, get_prescription_medication,1941,stateless_query,17511.101,6734.205,331
0,1931, get_pharmacy_prescriptions,1942,stateless_query,16541.632,5865.523,241
0,1932, get_processed_pharmacy_prescriptions,1943,stateless_query,15636.304,6165.774,227
0,1933, get_prescription_medication,1944,stateless_query,16438.099,6291.008,247
0,1934, get_staff_prescriptions,1945,stateless_query,17770.906,5982.992,317
0,1935, get_patient,1946,stateless_query,17421.734,21930.656,226
0,1936, get_prescription_medication,1947,stateless_query,16094.096,5684.546,318
0,1937, get_prescription_medication,1948,stateless_query,16295.994,5660.883,270
0,1938, get_pharmacy_prescriptions,1949,stateless_query,17039.511,6306.576,243
0,1939, create_prescription,1950,apply,2903.116,1014.723,363
0,1940, get_pharmacy_prescriptions,1951,stateless_query,17293.155,5654.519,316
0,1941, get_pharmacy_prescriptions,1952,stateless_query,16465.029,5769.263,318
0,1942, process_prescription,1953,apply,2832.885,844.936,312
0,1943, get_prescription,1954,stateless_query,16477.633,6067.8,276
0,1944, get_processed_pharmacy_prescriptions,1955,stateless_query,16776.921,6098.278,316
0,1945, get_staff_prescriptions,1956,stateless_query,16700.038,5998.392,326
0,1946, get_prescription_medication,1957,stateless_query,16810.885,6276.371,326
0,1947, update_prescription_medication,1958,apply,2561.98,811.905,343
0,1948, get_staff_prescriptions,1959,stateless_query,18296.206,6051.02,305
0,1949, get_prescription_medication,1960,stateless_query,16067.888,5716.184,259
0,1950, process_prescription,1961,apply,3196.184,887.385,321
0,1951, get_patient,1962,stateless_query,16956.396,21457.394,222
0,1952, get_prescription_medication,1963,stateless_query,15266.903,5602.442,238
0,1953, get_staff_prescriptions,1964,stateless_query,15510.579,5526.22,255
0,1954, create_prescription,1965,apply,3259.882,1112.515,340
0,1955, get_patient,1966,stateless_query,17086.649,21634.735,311
0,1956, get_prescription,1967,stateless_query,15630.512,5711.295,233
0,1957, update_prescription_medication,1968,apply,3145.699,904.799,311
0,1958, get_staff_prescriptions,1969,stateless_query,16394.928,5984.705,224
0,1959, get_pharmacy_prescriptions,1970,stateless_query,17016.137,6383.911,243
0,1960, get_prescription_medication,1971,stateless_query,16178.895,5481.647,334
0,1961, update_prescription_medication,1972,apply,3397.419,1142.792,422
0,1962, get_prescription_medication,1973,stateless_query,17874.369,7274.161,311
0,1963, get_prescription_medication,1974,stateless_query,18395.661,6958.012,275
0,1964, get_prescription_medication,1975,stateless_query,18186.451,6865.479,321
0,1965, get_prescription_medication,1976,stateless_query,18633.646,8004.594,337
0,1966, get_pharmacy_prescriptions,1977,stateless_query,17269.691,6121.672,321
0,1967, get_patient,1978,stateless_query,17711.104,22370.978,346
0,1968, get_processed_pharmacy_prescriptions,1979,stateless_query,15725.62,6078.02,256
0,1969, get_processed_pharmacy_prescriptions,1980,stateless_query,15721.742,5549.754,268
0,1970, get_staff_prescriptions,1981,stateless_query,16565.988,6145.325,324
0,1971, get_prescription_medication,1982,stateless_query,16029.257,6041.643,233
0,1972, update_prescription_medication,1983,apply,2712.231,745.23,283
0,1973, get_pharmacy_prescriptions,1984,stateless_query,18345.157,7888.889,294
0,1974, get_prescription_medication,1985,stateless_query,17089.184,5818.996,368
0,1975, get_pharmacy_prescriptions,1986,stateless_query,18192.432,7280.543,322
0,1976, get_pharmacy_prescriptions,1987,stateless_query,15882.643,5888.306,227
0,1977, get_staff_prescriptions,1988,stateless_query,17050.411,5689.504,266
0,1978, get_pharmacy_prescriptions,1989,stateless_query,17316.197,6033.718,231
0,1979, get_pharmacy_prescriptions,1990,stateless_query,18952.38,7679.989,253
0,1980, get_patient,1991,stateless_query,16357.429,20212.189,308
0,1981, process_prescription,1992,apply,3166.438,945.715,287
0,1982, get_staff_prescriptions,1993,stateless_query,16758.517,6659.724,238
0,1983, get_pharmacy_prescriptions,1994,stateless_query,16503.671,6140.486,271
0,1984, get_pharmacy_prescriptions,1995,stateless_query,17111.255,5736.192,286
0,1985, create_prescription,1996,apply,3361.652,1368.743,654
0,1986, get_pharmacy_prescriptions,1997,stateless_query,16031.862,6026.334,306
0,1987, process_prescription,1998,apply,2769.587,896.282,304
0,1988, create_prescription,1999,apply,2776.229,1167.608,362
0,1989, get_prescription,2000,stateless_query,17193.719,6933.056,228
0,1990, update_prescription_medication,2001,apply,2699.196,800.805,344
0,1991, get_pharmacy_prescriptions,2002,stateless_query,17024.683,6919.289,221
0,1992, get_processed_pharmacy_prescriptions,2003,stateless_query,18784.297,7578.41,235
0,1993, get_staff_prescriptions,2004,stateless_query,19949.239,8799.927,259
0,1994, create_prescription,2005,apply,2894.24,1081.057,361
0,1995, get_pharmacy_prescriptions,2006,stateless_query,18653.823,8511.961,225
0,1996, get_staff_prescriptions,2007,stateless_query,16654.563,6222.669,327
0,1997, get_prescription_medication,2008,stateless_query,19552.299,7226.973,372
0,1998, get_pharmacy_prescriptions,2009,stateless_query,17685.626,5889.839,328
0,1999, get_patient,2010,stateless_query,17886.071,22570.59,285
0,2000, get_pharmacy_prescriptions,2011,stateless_query,17350.892,5910.247,335
0,2001, get_prescription,2012,stateless_query,16905.151,6199.416,236
0,2002, get_processed_pharmacy_prescriptions,2013,stateless_query,16061.727,5706.537,244
0,2003, get_pharmacy_prescriptions,2014,stateless_query,16728.781,6486.131,235
0,2004, get_prescription_medication,2015,stateless_query,18780.249,7544.196,312
0,2005, get_pharmacy_prescriptions,2016,stateless_query,17018.602,6082.527,353
0,2006, get_pharmacy_prescriptions,2017,stateless_query,16124.113,5792.606,241
0,2007, get_processed_pharmacy_prescriptions,2018,stateless_query,15566.472,5876.394,240
0,2008, get_pharmacy_prescriptions,2019,stateless_query,19132.487,7212.887,313
0,2009, get_pharmacy_prescriptions,2020,stateless_query,16812.728,6132.281,240
0,2010, get_pharmacy_prescriptions,2021,stateless_query,16041.569,5766.629,242
0,2011, get_prescription_medication,2022,stateless_query,16348.211,5997.409,233
0,2012, get_pharmacy_prescriptions,2023,stateless_query,17026.537,6174.681,239
0,2013, update_prescription_medication,2024,apply,2855.868,987.012,419
0,2014, get_prescription_medication,2025,stateless_query,17508.526,7036.398,255
0,2015, get_prescription,2026,stateless_query,16793.622,6398.328,249
0,2016, get_pharmacy_prescriptions,2027,stateless_query,18016.424,6261.391,347
0,2017, get_staff_prescriptions,2028,stateless_query,17205.03,7064.381,260
0,2018, get_pharmacy_prescriptions,2029,stateless_query,18846.292,8075.347,262
0,2019, get_staff_prescriptions,2030,stateless_query,19246.509,8391.116,250
0,2020, process_prescription,2031,apply,3248.1,1113.777,406
0,2021, get_prescription_medication,2032,stateless_query,15803.345,6000.345,252
0,2022, get_pharmacy_prescriptions,2033,stateless_query,15714.349,5657.396,242
0,2023, get_pharmacy_prescriptions,2034,stateless_query,17844.523,5964.709,323
0,2024, update_prescription_medication,2035,apply,2739.511,768.935,274
0,2025, get_pharmacy_prescriptions,2036,stateless_query,18331.081,7480.807,343
0,2026, get_pharmacy_prescriptions,2037,stateless_query,16116.489,5830.077,280
0,2027, get_staff_prescriptions,2038,stateless_query,18649.465,6120.159,273
0,2028, get_pharmacy_prescriptions,2039,stateless_query,17151.7,6964.775,238
0,2029, update_prescription_medication,2040,apply,2913.907,920.968,435
0,2030, get_prescription,2041,stateless_query,16967.006,6041.792,249
0,2031, get_processed_pharmacy_prescriptions,2042,stateless_query,17160.146,6262.394,260
0,2032, get_pharmacy_prescriptions,2043,stateless_query,16736.526,5897.182,239
0,2033, get_pharmacy_prescriptions,2044,stateless_query,16768.576,6495.759,238
0,2034, get_prescription_medication,2045,stateless_query,18714.556,6106.813,338
0,2035, create_prescription,2046,apply,3162.911,1281.491,525
0,2036, get_prescription_medication,2047,stateless_query,17947.445,7090.99,236
0,2037, get_prescription_medication,2048,stateless_query,17941.273,5957.125,347
0,2038, get_pharmacy_prescriptions,2049,stateless_query,19984.115,8189.41,339
0,2039, create_prescription,2050,apply,3149.315,1323.209,507
0,2040, get_prescription_medication,2051,stateless_query,17523.604,7202.036,318
0,2041, get_prescription_medication,2052,stateless_query,16737.288,5981.85,262
0,2042, get_prescription_medication,2053,stateless_query,18475.5,7892.165,239
0,2043, get_prescription_medication,2054,stateless_query,17136.121,6094.35,250
0,2044, get_pharmacy_prescriptions,2055,stateless_query,17090.876,6681.926,246
0,2045, get_staff_prescriptions,2056,stateless_query,16181.551,5969.388,243
0,2046, get_pharmacy_prescriptions,2057,stateless_query,17729.839,6293.622,353
0,2047, get_patient,2058,stateless_query,17281.582,21894.199,249
0,2048, get_staff_prescriptions,2059,stateless_query,16589.471,5939.552,248
0,2049, get_staff_prescriptions,2060,stateless_query,17539.094,6460.544,247
0,2050, get_prescription_medication,2061,stateless_query,17362.964,6028.418,344
0,2051, get_staff_prescriptions,2062,stateless_query,16352.289,6044.287,256
0,2052, get_pharmacy_prescriptions,2063,stateless_query,18230.904,7636.228,297
0,2053, get_pharmacy_prescriptions,2064,stateless_query,16203.141,5954.009,257
0,2054, get_pharmacy_prescriptions,2065,stateless_query,17598.193,6289.886,243
0,2055, get_prescription,2066,stateless_query,16231.274,5908.334,239
0,2056, get_prescription_medication,2067,stateless_query,16186.84,5930.053,308
0,2057, get_processed_pharmacy_prescriptions,2068,stateless_query,16004.91,5888.847,244
0,2058, update_prescription_medication,2069,apply,3703.55,1207.573,406
0,2059, get_processed_pharmacy_prescriptions,2070,stateless_query,16312.314,5834.306,245
0,2060, update_prescription_medication,2071,apply,2774.466,775.937,409
0,2061, get_prescription_medication,2072,stateless_query,17595.759,6120.359,335
0,2062, get_pharmacy_prescriptions,2073,stateless_query,17484.992,6710.449,246
0,2063, get_pharmacy_prescriptions,2074,stateless_query,17040.173,5847.74,319
0,2064, get_prescription_medication,2075,stateless_query,16646.017,6349.446,258
0,2065, get_prescription_medication,2076,stateless_query,17173.421,6280.208,246
0,2066, get_processed_pharmacy_prescriptions,2077,stateless_query,16741.965,5927.078,244
0,2067, get_pharmacy_prescriptions,2078,stateless_query,18202.481,7565.925,246
0,2068, get_prescription_medication,2079,stateless_query,17334.641,6650.75,277
0,2069, get_prescription,2080,stateless_query,21028.283,9202.48,289
0,2070, get_prescription_medication,2081,stateless_query,16483.564,5994.183,371
0,2071, get_prescription_medication,2082,stateless_query,17497.065,6061.88,382
0,2072, get_prescription,2083,stateless_query,18209.183,7100.838,355
0,2073, get_prescription_medication,2084,stateless_query,17377.912,6087.798,338
0,2074, create_prescription,2085,apply,3476.125,1116.573,356
0,2075, get_prescription_medication,2086,stateless_query,17364.678,6515.206,285
0,2076, create_prescription,2087,apply,2968.939,1125.861,409
0,2077, get_processed_pharmacy_prescriptions,2088,stateless_query,18575.897,7833.095,233
0,2078, update_prescription_medication,2089,apply,2837.584,863.161,309
0,2079, update_prescription_medication,2090,apply,2172.994,654.681,242
0,2080, get_prescription_medication,2091,stateless_query,17663.545,6587.991,236
0,2081, update_prescription_medication,2092,apply,2840.83,763.154,277
0,2082, get_pharmacy_prescriptions,2093,stateless_query,16504.332,6184.629,239
0,2083, get_prescription_medication,2094,stateless_query,18921.162,7386.781,267
0,2084, get_pharmacy_prescriptions,2095,stateless_query,17581.602,6907.457,247
0,2085, get_pharmacy_prescriptions,2096,stateless_query,17476.075,6204.907,254
0,2086, get_processed_pharmacy_prescriptions,2097,stateless_query,18324.719,6482.746,274
0,2087, get_staff_prescriptions,2098,stateless_query,17994.924,7047.718,278
0,2088, get_patient,2099,stateless_query,18642.742,23971.935,243
0,2089, create_prescription,2100,apply,3573.738,1445.537,475
0,2090, get_prescription_medication,2101,stateless_query,18256.792,5961.101,359
0,2091, get_pharmacy_prescriptions,2102,stateless_query,18312.035,7114.064,275
0,2092, get_pharmacy_prescriptions,2103,stateless_query,17946.313,6279.466,335
0,2093, get_prescription_medication,2104,stateless_query,16775.769,6208.944,257
0,2094, get_processed_pharmacy_prescriptions,2105,stateless_query,18055.056,6630.931,341
0,2095, get_pharmacy_prescriptions,2106,stateless_query,16298.559,6229.682,254
0,2096, get_pharmacy_prescriptions,2107,stateless_query,18275.628,7249.885,238
0,2097, get_prescription_medication,2108,stateless_query,18600.403,6568.276,343
0,2098, get_prescription,2109,stateless_query,17474.643,6269.988,339
0,2099, get_staff_prescriptions,2110,stateless_query,16231.553,5978.514,255
0,2100, get_pharmacy_prescriptions,2111,stateless_query,15729.447,5892.935,244
0,2101, get_processed_pharmacy_prescriptions,2112,stateless_query,16285.084,5913.022,285
0,2102, process_prescription,2113,apply,3318.491,1155.666,406
0,2103, get_prescription_medication,2114,stateless_query,17638.128,6171.333,240
0,2104, create_prescription,2115,apply,3765.405,1515.738,542
0,2105, get_prescription_medication,2116,stateless_query,16491.459,6133.464,249
0,2106, get_prescription,2117,stateless_query,17855.583,6850.962,376
0,2107, get_pharmacy_prescriptions,2118,stateless_query,16768.204,6209.766,247
0,2108, get_pharmacy_prescriptions,2119,stateless_query,16971.525,6143.352,351
0,2109, get_prescription_medication,2120,stateless_query,17831.389,6133.615,359
0,2110, get_pharmacy_prescriptions,2121,stateless_query,17356.502,6331.944,365
0,2111, get_pharmacy_prescriptions,2122,stateless_query,17277.816,6326.934,365
0,2112, get_staff_prescriptions,2123,stateless_query,18135.596,6984.021,345
0,2113, get_pharmacy_prescriptions,2124,stateless_query,19176.799,8136.822,255
0,2114, create_prescription,2125,apply,3896.851,1324.932,384
0,2115, get_pharmacy_prescriptions,2126,stateless_query,18499.385,7186.889,245
0,2116, get_prescription_medication,2127,stateless_query,16741.665,6197.963,392
0,2117, get_staff_prescriptions,2128,stateless_query,16913.777,6719.327,243
0,2118, get_pharmacy_prescriptions,2129,stateless_query,17301.159,6147.78,248
0,2119, get_patient,2130,stateless_query,19973.776,25153.579,356
0,2120, get_prescription_medication,2131,stateless_query,20438.533,8501.582,264
0,2121, get_prescription_medication,2132,stateless_query,18801.949,6450.004,298
0,2122, process_prescription,2133,apply,3080.598,1003.602,270
0,2123, get_pharmacy_prescriptions,2134,stateless_query,18128.232,7401.5,275
0,2124, get_prescription_medication,2135,stateless_query,16741.816,6099.34,268
0,2125, get_staff_prescriptions,2136,stateless_query,17530.247,7030.998,250
0,2126, get_pharmacy_prescriptions,2137,stateless_query,17724.389,6115.11,368
0,2127, process_prescription,2138,apply,3001.5,964.259,284
0,2128, process_prescription,2139,apply,2609.629,897.404,252
0,2129, get_staff_prescriptions,2140,stateless_query,18879.514,6842.416,241
0,2130, get_prescription_medication,2141,stateless_query,20314.522,8350.64,387
0,2131, get_processed_pharmacy_prescriptions,2142,stateless_query,18055.717,7469.766,331
0,2132, get_pharmacy_prescriptions,2143,stateless_query,17679.364,6885.516,250
0,2133, get_prescription_medication,2144,stateless_query,19217.034,6914.069,350
0,2134, get_pharmacy_prescriptions,2145,stateless_query,20066.65,8406.454,280
0,2135, get_staff_prescriptions,2146,stateless_query,17183.259,6314.551,314
0,2136, get_pharmacy_prescriptions,2147,stateless_query,17167.41,6151.196,336
0,2137, get_staff_prescriptions,2148,stateless_query,18414.005,7499.532,251
0,2138, create_prescription,2149,apply,3434.147,1417.985,563
0,2139, get_pharmacy_prescriptions,2150,stateless_query,18877.39,7390.148,246
0,2140, get_prescription,2151,stateless_query,18200.587,6390.463,250
0,2141, get_prescription_medication,2152,stateless_query,17556.205,6800.697,261
0,2142, create_prescription,2153,apply,2953.591,1043.517,368
0,2143, get_processed_pharmacy_prescriptions,2154,stateless_query,17178.41,6105.652,248
0,2144, get_pharmacy_prescriptions,2155,stateless_query,18455.293,6497.683,267
0,2145, get_staff_prescriptions,2156,stateless_query,17511.942,6762.828,252
0,2146, get_processed_pharmacy_prescriptions,2157,stateless_query,17648.327,6944.706,248
0,2147, get_pharmacy_prescriptions,2158,stateless_query,17333.69,6311.014,340
0,2148, create_prescription,2159,apply,3550.223,1409.73,502
0,2149, get_prescription_medication,2160,stateless_query,17033.349,6488.266,306
0,2150, process_prescription,2161,apply,2904.208,888.057,286
0,2151, get_pharmacy_prescriptions,2162,stateless_query,19135.502,7813.887,364
0,2152, get_pharmacy_prescriptions,2163,stateless_query,18683.227,7269.273,248
0,2153, get_pharmacy_prescriptions,2164,stateless_query,18222.719,6778.507,288
0,2154, get_prescription,2165,stateless_query,18732.359,7630.055,290
0,2155, get_patient,2166,stateless_query,17737.814,22376.387,258
0,2156, get_prescription_medication,2167,stateless_query,18032.464,7072.756,325
0,2157, get_pharmacy_prescriptions,2168,stateless_query,18278.112,6904.612,258
0,2158, get_pharmacy_prescriptions,2169,stateless_query,17409.452,6429.826,283
0,2159, create_prescription,2170,apply,2852.242,1032.667,340
0,2160, get_pharmacy_prescriptions,2171,stateless_query,16398.335,6244.841,243
0,2161, get_patient,2172,stateless_query,18545.671,24338.69,337
0,2162, get_staff_prescriptions,2173,stateless_query,18070.866,7126.094,252
0,2163, get_prescription_medication,2174,stateless_query,18574.776,6552.235,248
0,2164, get_pharmacy_prescriptions,2175,stateless_query,19640.153,6843.027,285
0,2165, get_prescription_medication,2176,stateless_query,17050.993,6175.712,269
0,2166, get_pharmacy_prescriptions,2177,stateless_query,16947.629,6284.475,267
0,2167, process_prescription,2178,apply,2937.491,834.577,277
0,2168, get_pharmacy_prescriptions,2179,stateless_query,19032.95,6478.358,353
0,2169, get_prescription_medication,2180,stateless_query,17026.677,6356.68,269
0,2170, get_staff_prescriptions,2181,stateless_query,17706.035,6223.532,365
0,2171, get_prescription_medication,2182,stateless_query,18443.921,6872.722,296
0,2172, get_staff_prescriptions,2183,stateless_query,19801.875,8327.205,312
0,2173, get_pharmacy_prescriptions,2184,stateless_query,21949.572,7738.097,365
0,2174, get_prescription_medication,2185,stateless_query,19208.298,6621.103,252
0,2175, get_pharmacy_prescriptions,2186,stateless_query,19571.855,7242.593,382
0,2176, get_prescription_medication,2187,stateless_query,19388.293,7191.758,355
0,2177, get_prescription,2188,stateless_query,19445.881,7175.358,256
0,2178, get_prescription_medication,2189,stateless_query,17999.632,7269.584,263
0,2179, get_prescription_medication,2190,stateless_query,19366.813,6239.772,348
0,2180, update_prescription_medication,2191,apply,2543.946,749.108,275
0,2181, get_staff_prescriptions,2192,stateless_query,16751.494,6228.903,250
0,2182, get_staff_prescriptions,2193,stateless_query,17054.118,6335.501,321
0,2183, get_pharmacy_prescriptions,2194,stateless_query,20151.247,7825.862,249
0,2184, get_staff_prescriptions,2195,stateless_query,18487.112,6410.79,302
0,2185, get_prescription_medication,2196,stateless_query,16984.378,6185.36,270
0,2186, get_staff_prescriptions,2197,stateless_query,17314.074,6537.617,339
0,2187, get_staff_prescriptions,2198,stateless_query,18362.039,6265.689,360
0,2188, get_staff_prescriptions,2199,stateless_query,17643.718,6439.655,264
0,2189, get_staff_prescriptions,2200,stateless_query,17550.685,6476.013,363
0,2190, get_pharmacy_prescriptions,2201,stateless_query,17959.057,6380.304,256
0,2191, update_prescription_medication,2202,apply,2587.368,754.988,280
0,2192, get_processed_pharmacy_prescriptions,2203,stateless_query,18798.393,8581.241,244
0,2193, create_prescription,2204,apply,3377.221,1256.104,460
0,2194, get_prescription_medication,2205,stateless_query,18121.83,6300.033,272
0,2195, get_prescription,2206,stateless_query,17763.852,6597.219,259
0,2196, get_pharmacy_prescriptions,2207,stateless_query,18848.246,7024.687,303
0,2197, get_processed_pharmacy_prescriptions,2208,stateless_query,19260.194,7984.797,369
0,2198, process_prescription,2209,apply,3115.873,1085.315,406
0,2199, create_prescription,2210,apply,3464.564,1466.726,526
0,2200, get_pharmacy_prescriptions,2211,stateless_query,17664.166,6500.89,242
0,2201, get_pharmacy_prescriptions,2212,stateless_query,17569.81,6278.325,269
0,2202, get_pharmacy_prescriptions,2213,stateless_query,18698.807,6700.261,286
0,2203, get_prescription_medication,2214,stateless_query,19593.847,7507.446,328
0,2204, get_staff_prescriptions,2215,stateless_query,18290.435,6648.795,355
0,2205, get_prescription_medication,2216,stateless_query,18582.189,6605.825,307
0,2206, process_prescription,2217,apply,2900.441,978.936,348
0,2207, get_staff_prescriptions,2218,stateless_query,19531.881,7658.678,244
0,2208, get_prescription_medication,2219,stateless_query,18002.949,7043.15,264
0,2209, get_patient,2220,stateless_query,18119.617,22648.726,304
0,2210, get_pharmacy_prescriptions,2221,stateless_query,20771.434,8244.091,303
0,2211, get_pharmacy_prescriptions,2222,stateless_query,19331.477,7697.381,263
0,2212, get_prescription_medication,2223,stateless_query,18655.847,6293.121,380
0,2213, get_processed_pharmacy_prescriptions,2224,stateless_query,20914.832,8820.477,365
0,2214, get_prescription_medication,2225,stateless_query,17488.168,6399.651,255
0,2215, process_prescription,2226,apply,3037.788,1066.54,306
0,2216, get_prescription_medication,2227,stateless_query,19015.097,7802.608,260
0,2217, get_staff_prescriptions,2228,stateless_query,17566.464,6354.446,258
0,2218, get_prescription_medication,2229,stateless_query,19104.533,6658.543,348
0,2219, get_processed_pharmacy_prescriptions,2230,stateless_query,18156.094,6491.681,379
0,2220, get_prescription_medication,2231,stateless_query,18698.938,6375.275,342
0,2221, get_prescription_medication,2232,stateless_query,17554.913,6477.456,298
0,2222, get_prescription_medication,2233,stateless_query,18602.236,7004.799,338
0,2223, get_prescription_medication,2234,stateless_query,18789.216,6249.48,289
0,2224, get_pharmacy_prescriptions,2235,stateless_query,20777.475,8224.935,265
0,2225, get_pharmacy_prescriptions,2236,stateless_query,20018.73,6883.593,354
0,2226, get_staff_prescriptions,2237,stateless_query,18657.36,7685.028,329
0,2227, process_prescription,2238,apply,2823.378,932.63,366
0,2228, get_pharmacy_prescriptions,2239,stateless_query,18455.964,6417.012,364
0,2229, get_staff_prescriptions,2240,stateless_query,17823.033,6220.256,265
0,2230, create_prescription,2241,apply,2918.566,1008.421,352
0,2231, get_pharmacy_prescriptions,2242,stateless_query,18749.271,6537.958,253
0,2232, get_pharmacy_prescriptions,2243,stateless_query,19736.463,8179.07,300
0,2233, get_prescription_medication,2244,stateless_query,18422.571,7097.833,317
0,2234, get_prescription_medication,2245,stateless_query,18578.642,6607.888,301
0,2235, create_prescription,2246,apply,3657.163,1424.668,390
0,2236, get_pharmacy_prescriptions,2247,stateless_query,18506.007,7025.588,329
0,2237, get_processed_pharmacy_prescriptions,2248,stateless_query,17143.265,6261.281,304
0,2238, get_pharmacy_prescriptions,2249,stateless_query,18517.518,6663.793,318
0,2239, get_prescription_medication,2250,stateless_query,21199.753,7718.73,365
0,2240, get_pharmacy_prescriptions,2251,stateless_query,18585.756,6503.684,260
0,2241, get_prescription_medication,2252,stateless_query,19077.904,7524.068,334
0,2242, get_prescription_medication,2253,stateless_query,18504.545,6760.523,379
0,2243, get_patient,2254,stateless_query,19697.43,24339.41,387
0,2244, get_prescription,2255,stateless_query,18390.091,6552.746,290
0,2245, get_prescription_medication,2256,stateless_query,20530.304,7232.104,281
0,2246, process_prescription,2257,apply,3012.461,1133.524,507
0,2247, process_prescription,2258,apply,2467.123,763.664,243
0,2248, get_prescription,2259,stateless_query,18124.796,6475.882,361
0,2249, get_pharmacy_prescriptions,2260,stateless_query,17593.034,6684.912,274
0,2250, get_prescription_medication,2261,stateless_query,18557.994,6608.981,251
0,2251, get_pharmacy_prescriptions,2262,stateless_query,21353.45,9970.092,260
0,2252, get_prescription,2263,stateless_query,20555.972,8160.335,260
0,2253, get_pharmacy_prescriptions,2264,stateless_query,21670.841,9766.863,261
0,2254, get_prescription_medication,2265,stateless_query,18855.71,6574.687,389
0,2255, process_prescription,2266,apply,3374.796,1090.585,473
0,2256, get_patient,2267,stateless_query,18858.836,24099.362,377
0,2257, get_staff_prescriptions,2268,stateless_query,19149.748,7157.403,309
0,2258, get_staff_prescriptions,2269,stateless_query,19316.69,6886.298,388
0,2259, get_pharmacy_prescriptions,2270,stateless_query,20848.668,7664.099,394
0,2260, update_prescription_medication,2271,apply,3363.715,1157.059,432
0,2261, create_prescription,2272,apply,3629.622,1446.779,508
0,2262, get_prescription_medication,2273,stateless_query,19292.304,7730.384,288
0,2263, process_prescription,2274,apply,3097.048,950.624,346
0,2264, get_prescription_medication,2275,stateless_query,20319.711,7411.688,285
0,2265, get_prescription,2276,stateless_query,20003.321,8046.763,441
0,2266, get_staff_prescriptions,2277,stateless_query,19491.045,7438.268,264
0,2267, get_pharmacy_prescriptions,2278,stateless_query,19812.024,7335.596,264
0,2268, get_pharmacy_prescriptions,2279,stateless_query,18902.427,6812.801,260
0,2269, get_prescription_medication,2280,stateless_query,19676.31,6912.396,259
0,2270, update_prescription_medication,2281,apply,2846.791,966.683,430
0,2271, update_prescription_medication,2282,apply,2365.513,687.202,253
0,2272, get_prescription_medication,2283,stateless_query,17466.298,6551.854,251
0,2273, get_prescription_medication,2284,stateless_query,18140.295,6692.827,259
0,2274, get_prescription_medication,2285,stateless_query,17873.327,6559.859,268
0,2275, get_patient,2286,stateless_query,18304.411,23653.17,271
0,2276, get_pharmacy_prescriptions,2287,stateless_query,17452.261,6419.117,268
0,2277, get_staff_prescriptions,2288,stateless_query,17587.613,6533.34,264
0,2278, get_prescription_medication,2289,stateless_query,19617.891,6909.2,267
0,2279, get_staff_prescriptions,2290,stateless_query,20375.796,7817.405,281
0,2280, get_prescription_medication,2291,stateless_query,18324.098,6547.236,327
0,2281, get_pharmacy_prescriptions,2292,stateless_query,18121.981,6511.438,272
0,2282, get_prescription_medication,2293,stateless_query,17992.579,6719.947,265
0,2283, process_prescription,2294,apply,3037.317,938.451,295
0,2284, get_staff_prescriptions,2295,stateless_query,19054.491,7555.667,250
0,2285, get_prescription_medication,2296,stateless_query,18981.464,7359.771,318
0,2286, get_prescription_medication,2297,stateless_query,18201.8,6530.865,273
0,2287, get_prescription_medication,2298,stateless_query,23608.317,10186.946,261
0,2288, get_processed_pharmacy_prescriptions,2299,stateless_query,21131.395,8003.883,431
0,2289, get_staff_prescriptions,2300,stateless_query,19153.455,6833.198,275
0,2290, get_patient,2301,stateless_query,18306.305,22905.766,263
0,2291, create_prescription,2302,apply,2932.11,1085.856,348
0,2292, get_prescription_medication,2303,stateless_query,17350.221,6568.925,249
0,2293, process_prescription,2304,apply,2638.934,917.662,364
0,2294, get_prescription_medication,2305,stateless_query,18932.172,6982.307,254
0,2295, get_prescription_medication,2306,stateless_query,20013.86,6609.152,394
0,2296, get_prescription_medication,2307,stateless_query,18588.622,6821.627,299
0,2297, get_pharmacy_prescriptions,2308,stateless_query,19442.895,7592.424,306
0,2298, get_pharmacy_prescriptions,2309,stateless_query,20102.776,8084.785,378
0,2299, update_prescription_medication,2310,apply,3385.106,1011.367,438
0,2300, get_pharmacy_prescriptions,2311,stateless_query,19349.171,7881.825,295
0,2301, get_prescription_medication,2312,stateless_query,19111.727,7041.698,296
0,2302, get_prescription_medication,2313,stateless_query,21722.808,9016.732,282
0,2303, get_processed_pharmacy_prescriptions,2314,stateless_query,19317.672,7594.689,260
0,2304, get_prescription,2315,stateless_query,20004.923,8043.818,266
0,2305, create_prescription,2316,apply,3159.124,1291.489,418
0,2306, get_staff_prescriptions,2317,stateless_query,19503.398,7105.718,367
0,2307, get_prescription_medication,2318,stateless_query,22622.798,7860.406,377
0,2308, get_prescription_medication,2319,stateless_query,18771.372,7285.973,290
0,2309, get_processed_pharmacy_prescriptions,2320,stateless_query,18943.303,7489.895,268
0,2310, create_prescription,2321,apply,3148.063,1163.511,434
0,2311, update_prescription_medication,2322,apply,2867.21,712.97,285
0,2312, update_prescription_medication,2323,apply,2389.609,720.794,251
0,2313, get_prescription_medication,2324,stateless_query,19279.38,7807.307,251
0,2314, get_prescription_medication,2325,stateless_query,20573.896,7977.262,419
0,2315, get_prescription_medication,2326,stateless_query,21350.505,8702.296,344
0,2316, get_staff_prescriptions,2327,stateless_query,23196.548,9428.281,305
0,2317, get_prescription_medication,2328,stateless_query,18560.889,7058.369,271
0,2318, get_prescription_medication,2329,stateless_query,19905.759,7410.435,315
0,2319, update_prescription_medication,2330,apply,2713.322,842.392,274
0,2320, get_pharmacy_prescriptions,2331,stateless_query,18352.56,7025.487,268
0,2321, get_pharmacy_prescriptions,2332,stateless_query,20484.247,7627.241,275
0,2322, get_staff_prescriptions,2333,stateless_query,17780.354,6748.5,304
0,2323, get_prescription_medication,2334,stateless_query,18361.918,7004.929,276
0,2324, get_prescription_medication,2335,stateless_query,19749.147,7155.189,333
0,2325, process_prescription,2336,apply,3093.222,973.567,282
0,2326, get_pharmacy_prescriptions,2337,stateless_query,20963.032,7780.948,357
0,2327, get_pharmacy_prescriptions,2338,stateless_query,20314.431,7498.29,270
0,2328, get_pharmacy_prescriptions,2339,stateless_query,18704.588,7256.418,296
0,2329, create_prescription,2340,apply,3340.804,1300.556,353
0,2330, get_pharmacy_prescriptions,2341,stateless_query,18580.707,7432.016,269
0,2331, create_prescription,2342,apply,3223.845,1200.59,353
0,2332, get_prescription,2343,stateless_query,18584.133,6761.174,283
0,2333, get_prescription_medication,2344,stateless_query,20508.443,8013.971,274
0,2334, get_prescription_medication,2345,stateless_query,21414.884,7837.804,381
0,2335, get_prescription_medication,2346,stateless_query,20104.49,8058.174,300
0,2336, get_patient,2347,stateless_query,19204.861,24577.165,328
0,2337, get_prescription_medication,2348,stateless_query,19777.55,7133.218,336
0,2338, get_pharmacy_prescriptions,2349,stateless_query,20389.221,7469.707,366
0,2339, get_patient,2350,stateless_query,20584.495,26598.375,269
0,2340, get_staff_prescriptions,2351,stateless_query,18882.54,6957.751,300
0,2341, get_pharmacy_prescriptions,2352,stateless_query,20858.937,6907.668,392
0,2342, get_prescription_medication,2353,stateless_query,18459.27,7132.137,279
0,2343, get_pharmacy_prescriptions,2354,stateless_query,18110.45,6880.236,277
0,2344, get_prescription_medication,2355,stateless_query,18940.638,6818.2,284
0,2345, update_prescription_medication,2356,apply,2808.57,886.875,400
0,2346, create_prescription,2357,apply,2889.972,1033.749,339
0,2347, get_pharmacy_prescriptions,2358,stateless_query,18668.611,6990.041,261
0,2348, get_pharmacy_prescriptions,2359,stateless_query,22245.013,9388.146,288
0,2349, get_staff_prescriptions,2360,stateless_query,19724.64,7561.668,266
0,2350, get_prescription_medication,2361,stateless_query,18389.489,6851.312,270
0,2351, get_pharmacy_prescriptions,2362,stateless_query,23979.319,11118.694,296
0,2352, get_prescription_medication,2363,stateless_query,18820.404,6985.443,395
0,2353, get_pharmacy_prescriptions,2364,stateless_query,20350.859,7779.033,318
0,2354, create_prescription,2365,apply,3563.628,1326.084,338
0,2355, process_prescription,2366,apply,3073.464,1079.664,493
0,2356, get_processed_pharmacy_prescriptions,2367,stateless_query,20725.749,9254.857,257
0,2357, get_prescription_medication,2368,stateless_query,18940.679,6950.638,277
0,2358, get_prescription,2369,stateless_query,20240.082,7382.313,295
0,2359, get_prescription,2370,stateless_query,20611.024,7700.488,268
0,2360, get_staff_prescriptions,2371,stateless_query,19788.08,7517.896,316
0,2361, get_prescription_medication,2372,stateless_query,19743.135,7819.288,406
0,2362, get_prescription_medication,2373,stateless_query,19899.698,6866.671,402
0,2363, update_prescription_medication,2374,apply,2546.4,787.038,268
0,2364, get_staff_prescriptions,2375,stateless_query,19449.557,8053.796,268
0,2365, get_pharmacy_prescriptions,2376,stateless_query,20279.636,7157.854,278
0,2366, get_patient,2377,stateless_query,20287.091,25855.809,386
0,2367, get_pharmacy_prescriptions,2378,stateless_query,19649.521,7430.063,298
0,2368, get_pharmacy_prescriptions,2379,stateless_query,19664.299,7108.663,325
0,2369, create_prescription,2380,apply,3273.768,1306.617,360
0,2370, create_prescription,2381,apply,2682.255,1035.562,342
0,2371, get_prescription,2382,stateless_query,18655.787,6961.298,365
0,2372, get_staff_prescriptions,2383,stateless_query,20911.906,8556.796,276
0,2373, get_prescription,2384,stateless_query,20450.035,7352.959,420
0,2374, update_prescription_medication,2385,apply,2698.795,841.279,329
0,2375, get_prescription_medication,2386,stateless_query,20451.106,7205.975,259
0,2376, process_prescription,2387,apply,2730.184,895.27,303
0,2377, get_prescription_medication,2388,stateless_query,18223.811,6822.378,294
0,2378, get_processed_pharmacy_prescriptions,2389,stateless_query,23543.807,11385.201,305
0,2379, create_prescription,2390,apply,4067.669,1620.904,556
0,2380, get_staff_prescriptions,2391,stateless_query,20866.1,7080.61,282
0,2381, get_pharmacy_prescriptions,2392,stateless_query,21033.774,7910.99,402
0,2382, get_pharmacy_prescriptions,2393,stateless_query,20784.458,8677.4,286
0,2383, get_prescription_medication,2394,stateless_query,22776.705,9211.316,404
0,2384, get_staff_prescriptions,2395,stateless_query,20483.206,7303.186,319
0,2385, update_prescription_medication,2396,apply,2393.466,628.683,344
0,2386, get_prescription_medication,2397,stateless_query,18173.486,6925.392,268
0,2387, get_pharmacy_prescriptions,2398,stateless_query,21705.586,8786.202,408
0,2388, get_staff_prescriptions,2399,stateless_query,21550.277,9354.743,316
0,2389, get_staff_prescriptions,2400,stateless_query,20326.574,7993.043,351
0,2390, get_pharmacy_prescriptions,2401,stateless_query,18997.434,7148.067,291
0,2391, get_processed_pharmacy_prescriptions,2402,stateless_query,18510.786,6991.865,298
0,2392, get_staff_prescriptions,2403,stateless_query,19107.74,7124.572,275
0,2393, create_prescription,2404,apply,3395.255,1109.901,339
0,2394, get_prescription_medication,2405,stateless_query,19235.338,7325.116,278
0,2395, get_staff_prescriptions,2406,stateless_query,20697.776,7818.367,276
0,2396, get_prescription,2407,stateless_query,20102.106,7311.131,384
0,2397, get_prescription_medication,2408,stateless_query,22275.73,8498.165,409
0,2398, get_staff_prescriptions,2409,stateless_query,20527.94,7704.665,387
0,2399, get_staff_prescriptions,2410,stateless_query,19218.286,7153.166,288
0,2400, get_prescription,2411,stateless_query,18736.197,7115.025,290
0,2401, get_pharmacy_prescriptions,2412,stateless_query,23811.065,9831.894,393
0,2402, get_processed_pharmacy_prescriptions,2413,stateless_query,19438.828,7216.333,413
0,2403, get_pharmacy_prescriptions,2414,stateless_query,18832.376,7126.476,344
0,2404, get_prescription_medication,2415,stateless_query,19451.35,7212.757,332
0,2405, get_pharmacy_prescriptions,2416,stateless_query,20557.525,7268.551,421
0,2406, get_pharmacy_prescriptions,2417,stateless_query,19809.52,7276.525,277
0,2407, get_staff_prescriptions,2418,stateless_query,19314.244,7218.939,309
0,2408, get_staff_prescriptions,2419,stateless_query,19794.652,8034.37,312
0,2409, get_patient,2420,stateless_query,19249.103,24574.54,312
0,2410, get_pharmacy_prescriptions,2421,stateless_query,20612.066,7909.357,296
0,2411, get_staff_prescriptions,2422,stateless_query,20094.721,7616.381,283
0,2412, get_pharmacy_prescriptions,2423,stateless_query,19173.082,7438.378,312
0,2413, get_prescription_medication,2424,stateless_query,20044.718,8149.695,291
0,2414, get_staff_prescriptions,2425,stateless_query,20320.132,7885.102,361
0,2415, get_prescription_medication,2426,stateless_query,20323.208,7866.928,277
0,2416, get_processed_pharmacy_prescriptions,2427,stateless_query,19266.596,7264.464,285
0,2417, get_pharmacy_prescriptions,2428,stateless_query,20593.212,8017.328,302
0,2418, get_prescription_medication,2429,stateless_query,20438.703,7199.222,279
0,2419, get_prescription_medication,2430,stateless_query,19705.194,7311.962,287
0,2420, get_prescription_medication,2431,stateless_query,22141.981,7584.069,318
0,2421, get_pharmacy_prescriptions,2432,stateless_query,20883.693,8562.946,357
0,2422, get_prescription,2433,stateless_query,20630.571,8028.84,411
0,2423, get_prescription_medication,2434,stateless_query,20940.019,8467.257,382
0,2424, get_prescription_medication,2435,stateless_query,24106.316,9704.956,307
0,2425, get_prescription_medication,2436,stateless_query,22356.181,8709.961,382
0,2426, get_prescription_medication,2437,stateless_query,21104.885,8037.055,332
0,2427, get_prescription_medication,2438,stateless_query,19594.868,7220.01,321
0,2428, get_pharmacy_prescriptions,2439,stateless_query,21193.221,9001.033,282
0,2429, get_pharmacy_prescriptions,2440,stateless_query,22999.079,8086.547,322
0,2430, create_prescription,2441,apply,3061.301,1029.39,337
0,2431, get_pharmacy_prescriptions,2442,stateless_query,20947.633,7492.85,388
0,2432, process_prescription,2443,apply,3233.703,1010.565,327
0,2433, get_pharmacy_prescriptions,2444,stateless_query,20674.303,7632.881,285
0,2434, get_pharmacy_prescriptions,2445,stateless_query,19530.869,7778.272,292
0,2435, get_pharmacy_prescriptions,2446,stateless_query,20205.147,8116.313,309
0,2436, get_processed_pharmacy_prescriptions,2447,stateless_query,23443.279,8729.758,466
0,2437, get_prescription_medication,2448,stateless_query,20219.424,8294.575,289
0,2438, get_prescription_medication,2449,stateless_query,21848.383,8757.78,398
0,2439, get_pharmacy_prescriptions,2450,stateless_query,23325.369,8487.736,426
0,2440, get_staff_prescriptions,2451,stateless_query,20205.968,7306.102,280
0,2441, create_prescription,2452,apply,3276.613,1156.868,345
0,2442, update_prescription_medication,2453,apply,2222.206,561.798,317
0,2443, get_pharmacy_prescriptions,2454,stateless_query,20546.985,8287.943,271
0,2444, get_pharmacy_prescriptions,2455,stateless_query,22014.273,7789.313,408
0,2445, get_staff_prescriptions,2456,stateless_query,20147.67,7219.649,401
0,2446, get_processed_pharmacy_prescriptions,2457,stateless_query,20722.442,8304.524,395
0,2447, get_staff_prescriptions,2458,stateless_query,22531.287,8611.486,426
0,2448, get_pharmacy_prescriptions,2459,stateless_query,19129.441,7010.348,281
0,2449, get_prescription_medication,2460,stateless_query,19688.353,7300.591,306
0,2450, get_pharmacy_prescriptions,2461,stateless_query,19686.75,7554.164,370
0,2451, get_staff_prescriptions,2462,stateless_query,20566.792,7301.082,413
0,2452, get_prescription_medication,2463,stateless_query,18923.737,7070.061,281
0,2453, get_pharmacy_prescriptions,2464,stateless_query,20247.537,8587.723,291
0,2454, get_prescription_medication,2465,stateless_query,19296.823,7215.431,290
0,2455, get_staff_prescriptions,2466,stateless_query,21804.191,9854.246,276
0,2456, get_prescription_medication,2467,stateless_query,21072.615,8444.204,327
0,2457, get_prescription_medication,2468,stateless_query,21296.173,7960.282,290
0,2458, get_prescription_medication,2469,stateless_query,21476.68,8087.68,290
0,2459, get_staff_prescriptions,2470,stateless_query,20229.773,7512.757,369
0,2460, get_pharmacy_prescriptions,2471,stateless_query,21754.809,8887.873,285
0,2461, get_prescription_medication,2472,stateless_query,19940.383,7738.187,276
0,2462, get_prescription_medication,2473,stateless_query,22226.529,8296.098,513
0,2463, get_pharmacy_prescriptions,2474,stateless_query,22018.691,8645.57,432
0,2464, get_prescription_medication,2475,stateless_query,21346.526,7925.406,412
0,2465, get_prescription_medication,2476,stateless_query,21011.222,8044.428,282
0,2466, get_pharmacy_prescriptions,2477,stateless_query,19241.399,7234.328,274
0,2467, get_processed_pharmacy_prescriptions,2478,stateless_query,19996.248,7012.133,308
0,2468, get_pharmacy_prescriptions,2479,stateless_query,19799.931,6957.982,318
0,2469, get_staff_prescriptions,2480,stateless_query,18731.107,7003.236,291
0,2470, get_processed_pharmacy_prescriptions,2481,stateless_query,19258.03,7182.34,289
0,2471, create_prescription,2482,apply,3397.58,1392.438,393
0,2472, get_pharmacy_prescriptions,2483,stateless_query,20060.858,7987.982,328
0,2473, get_pharmacy_prescriptions,2484,stateless_query,21408.432,8163.902,318
0,2474, get_prescription_medication,2485,stateless_query,19187.739,7018.696,295
0,2475, get_staff_prescriptions,2486,stateless_query,22471.987,8722.994,314
0,2476, get_staff_prescriptions,2487,stateless_query,19620.577,7262.219,310
0,2477, get_processed_pharmacy_prescriptions,2488,stateless_query,19687.412,7577.347,389
0,2478, get_prescription_medication,2489,stateless_query,20856.974,8278.526,402
0,2479, create_prescription,2490,apply,3350.832,1466.395,460
0,2480, get_prescription,2491,stateless_query,20212.291,7500.865,336
0,2481, get_processed_pharmacy_prescriptions,2492,stateless_query,22943.176,9600.031,373
0,2482, get_processed_pharmacy_prescriptions,2493,stateless_query,22206.011,7592.245,403
0,2483, process_prescription,2494,apply,2778.153,963.097,329
0,2484, get_prescription_medication,2495,stateless_query,18751.285,7056.426,271
0,2485, get_prescription_medication,2496,stateless_query,19790.183,7462.664,387
0,2486, get_prescription_medication,2497,stateless_query,22746.749,7699.125,426
0,2487, get_pharmacy_prescriptions,2498,stateless_query,21694.877,9215.013,321
0,2488, get_staff_prescriptions,2499,stateless_query,21554.275,8961.931,280
0,2489, get_pharmacy_prescriptions,2500,stateless_query,20401.524,7600.33,281
0,2490, get_processed_pharmacy_prescriptions,2501,stateless_query,19894.277,7825.68,283
0,2491, get_staff_prescriptions,2502,stateless_query,24407.578,10174.672,436
0,2492, create_prescription,2503,apply,3923.461,1466.957,588
0,2493, update_prescription_medication,2504,apply,3182.839,923.313,410
0,2494, get_prescription_medication,2505,stateless_query,19572.608,7321.31,312
0,2495, get_prescription_medication,2506,stateless_query,19632.059,7418.701,292
0,2496, get_prescription_medication,2507,stateless_query,18992.164,7181.839,293
0,2497, get_staff_prescriptions,2508,stateless_query,19966.953,7206.305,287
0,2498, create_prescription,2509,apply,3230.527,1150.877,415
0,2499, get_pharmacy_prescriptions,2510,stateless_query,21419.833,7704.995,277
0,2500, get_staff_prescriptions,2511,stateless_query,19743.225,7683.324,290
0,2501, get_pharmacy_prescriptions,2512,stateless_query,20064.245,7460.88,292
0,2502, get_prescription,2513,stateless_query,21648.891,7870.855,340
0,2503, get_prescription_medication,2514,stateless_query,22151.008,8884.766,347
0,2504, create_prescription,2515,apply,3207.234,1121.442,342
0,2505, update_prescription_medication,2516,apply,2490.777,664.48,262
0,2506, get_pharmacy_prescriptions,2517,stateless_query,20802.812,7564.624,404
0,2507, get_patient,2518,stateless_query,20503.244,25838.888,362
0,2508, process_prescription,2519,apply,2992.083,1067.972,436
0,2509, get_pharmacy_prescriptions,2520,stateless_query,21207.718,8997.015,279
0,2510, get_pharmacy_prescriptions,2521,stateless_query,21065.443,8514.445,369
0,2511, create_prescription,2522,apply,2947.82,1044.258,357
0,2512, get_pharmacy_prescriptions,2523,stateless_query,20929.95,7724.06,277
0,2513, get_staff_prescriptions,2524,stateless_query,21326.179,7835.979,447
0,2514, get_processed_pharmacy_prescriptions,2525,stateless_query,20649.937,7327.1,414
0,2515, create_prescription,2526,apply,3649.929,1305.185,395
0,2516, get_pharmacy_prescriptions,2527,stateless_query,20167.887,7856.378,320
0,2517, get_staff_prescriptions,2528,stateless_query,20242.507,7650.404,291
0,2518, get_patient,2529,stateless_query,20733.623,26920.025,329
0,2519, get_pharmacy_prescriptions,2530,stateless_query,21848.674,8303.602,413
0,2520, create_prescription,2531,apply,3121.975,1261.173,544
0,2521, get_processed_pharmacy_prescriptions,2532,stateless_query,20956.439,8192.205,282
0,2522, get_pharmacy_prescriptions,2533,stateless_query,23483.934,8164.934,444
0,2523, get_pharmacy_prescriptions,2534,stateless_query,19444.177,7276.316,295
0,2524, process_prescription,2535,apply,3265.252,1188.557,441
0,2525, get_staff_prescriptions,2536,stateless_query,21885.212,7670.4,359
0,2526, get_pharmacy_prescriptions,2537,stateless_query,21187.87,7429.902,418
0,2527, get_prescription_medication,2538,stateless_query,22208.485,9340.065,321
0,2528, get_prescription_medication,2539,stateless_query,21456.041,8904.565,296
0,2529, get_staff_prescriptions,2540,stateless_query,21770.808,8088.02,432
0,2530, get_staff_prescriptions,2541,stateless_query,22212.062,8223.624,420
0,2531, get_staff_prescriptions,2542,stateless_query,22734.517,8929.891,426
0,2532, update_prescription_medication,2543,apply,2758.697,964.85,410
0,2533, get_pharmacy_prescriptions,2544,stateless_query,21171.179,8236.717,280
0,2534, get_pharmacy_prescriptions,2545,stateless_query,23129.023,9586.896,300
0,2535, get_pharmacy_prescriptions,2546,stateless_query,21617.643,8412.446,418
0,2536, create_prescription,2547,apply,3586.241,1406.955,535
0,2537, get_prescription_medication,2548,stateless_query,22120.41,8682.479,417
0,2538, create_prescription,2549,apply,3166.859,1281.541,477
0,2539, update_prescription_medication,2550,apply,2399.276,772.531,264
0,2540, get_processed_pharmacy_prescriptions,2551,stateless_query,20777.285,7392.622,320
0,2541, get_processed_pharmacy_prescriptions,2552,stateless_query,21506.576,8268.068,329
0,2542, get_prescription_medication,2553,stateless_query,21936.498,8767.498,300
0,2543, get_patient,2554,stateless_query,20702.696,26659.659,289
0,2544, get_pharmacy_prescriptions,2555,stateless_query,21238.185,8116.273,299
0,2545, get_prescription_medication,2556,stateless_query,22057.654,8940.21,317
0,2546, create_prescription,2557,apply,3399.262,1225.447,378
0,2547, get_staff_prescriptions,2558,stateless_query,22667.01,8919.501,297
0,2548, get_processed_pharmacy_prescriptions,2559,stateless_query,21891.914,8045.49,548
0,2549, create_prescription,2560,apply,3174.884,1284.796,533
0,2550, get_prescription,2561,stateless_query,21966.895,7346.526,391
0,2551, create_prescription,2562,apply,3490.612,1317.388,336
0,2552, get_pharmacy_prescriptions,2563,stateless_query,20790.59,7693.524,287
0,2553, get_pharmacy_prescriptions,2564,stateless_query,20855.42,7701.589,457
0,2554, process_prescription,2565,apply,2595.542,866.927,270
0,2555, get_pharmacy_prescriptions,2566,stateless_query,23186.891,9834.9,288
0,2556, get_pharmacy_prescriptions,2567,stateless_query,20861.943,8348.706,305
0,2557, get_pharmacy_prescriptions,2568,stateless_query,23005.442,8950.269,440
0,2558, get_prescription_medication,2569,stateless_query,22202.694,7540.057,326
0,2559, get_pharmacy_prescriptions,2570,stateless_query,19798.829,7529.208,288
0,2560, get_pharmacy_prescriptions,2571,stateless_query,20441.428,7655.233,295
0,2561, get_staff_prescriptions,2572,stateless_query,21892.335,8043.046,420
0,2562, get_staff_prescriptions,2573,stateless_query,24440.92,10438.745,297
0,2563, get_staff_prescriptions,2574,stateless_query,21399.846,8677.089,293
0,2564, get_pharmacy_prescriptions,2575,stateless_query,21525.641,7651.735,441
0,2565, create_prescription,2576,apply,3074.847,1187.465,472
0,2566, create_prescription,2577,apply,3090.977,1207.032,510
0,2567, get_staff_prescriptions,2578,stateless_query,21898.707,8457.46,305
0,2568, get_prescription_medication,2579,stateless_query,22385.846,7949.732,404
0,2569, get_staff_prescriptions,2580,stateless_query,20986.865,8074.555,349
0,2570, get_prescription_medication,2581,stateless_query,21789.984,7902.464,424
0,2571, get_prescription_medication,2582,stateless_query,21428.319,7654.26,409
0,2572, get_patient,2583,stateless_query,22603.432,28300.651,488
0,2573, get_pharmacy_prescriptions,2584,stateless_query,20218.923,7594.87,309
0,2574, get_prescription_medication,2585,stateless_query,20232.919,8013.742,307
0,2575, get_prescription_medication,2586,stateless_query,23315.441,10836.367,297
0,2576, get_patient,2587,stateless_query,21285.343,27394.581,310
0,2577, get_prescription_medication,2588,stateless_query,19607.072,7344.733,296
0,2578, get_prescription_medication,2589,stateless_query,19901.742,7681.37,302
0,2579, get_prescription_medication,2590,stateless_query,20362.24,7663.077,306
0,2580, get_pharmacy_prescriptions,2591,stateless_query,22019.242,8657.873,303
0,2581, get_pharmacy_prescriptions,2592,stateless_query,21663.809,7772.932,454
0,2582, get_patient,2593,stateless_query,21187.851,26934.342,302
0,2583, get_prescription_medication,2594,stateless_query,21980.239,7961.563,353
0,2584, get_prescription_medication,2595,stateless_query,23068.469,9080.412,298
0,2585, get_prescription_medication,2596,stateless_query,23117.561,8968.865,318
0,2586, get_staff_prescriptions,2597,stateless_query,24366.301,8337.035,344
0,2587, get_pharmacy_prescriptions,2598,stateless_query,21412.079,8277.894,310
0,2588, get_staff_prescriptions,2599,stateless_query,22530.466,7690.467,296
0,2589, get_prescription_medication,2600,stateless_query,21759.337,7793.25,317
0,2590, get_prescription_medication,2601,stateless_query,21655.062,8762.328,301
0,2591, get_prescription_medication,2602,stateless_query,21457.945,8335.512,341
0,2592, get_processed_pharmacy_prescriptions,2603,stateless_query,21708.322,7828.447,357
0,2593, get_prescription_medication,2604,stateless_query,21368.338,7608.085,454
0,2594, get_processed_pharmacy_prescriptions,2605,stateless_query,21412.56,9044.354,306
0,2595, get_prescription_medication,2606,stateless_query,21338.552,8447.24,306
0,2596, get_pharmacy_prescriptions,2607,stateless_query,21029.625,7521.393,445
0,2597, get_pharmacy_prescriptions,2608,stateless_query,24247.038,9501.016,443
0,2598, get_staff_prescriptions,2609,stateless_query,24793.307,10958.696,303
0,2599, get_pharmacy_prescriptions,2610,stateless_query,22301.178,8340.802,300
0,2600, get_processed_pharmacy_prescriptions,2611,stateless_query,20063.924,7690.699,305
0,2601, process_prescription,2612,apply,3198.116,1010.284,396
0,2602, create_prescription,2613,apply,2773.395,1112.326,425
0,2603, get_prescription_medication,2614,stateless_query,21723.3,8223.955,290
0,2604, get_processed_pharmacy_prescriptions,2615,stateless_query,21454.909,7882.597,368
0,2605, get_prescription,2616,stateless_query,21628.883,8118.787,313
0,2606, update_prescription_medication,2617,apply,3023.832,1078.492,444
0,2607, get_patient,2618,stateless_query,21281.125,27448.25,314
0,2608, get_staff_prescriptions,2619,stateless_query,21375.25,8107.076,305
0,2609, get_pharmacy_prescriptions,2620,stateless_query,20027.967,7872.849,312
0,2610, get_prescription,2621,stateless_query,21466.09,8454.564,384
0,2611, get_pharmacy_prescriptions,2622,stateless_query,21682.333,8419.98,327
0,2612, get_prescription_medication,2623,stateless_query,23504.163,9783.002,438
0,2613, get_prescription,2624,stateless_query,23372.828,9258.484,326
0,2614, get_pharmacy_prescriptions,2625,stateless_query,22698.659,9257.031,317
0,2615, process_prescription,2626,apply,3104.792,1074.995,425
0,2616, get_pharmacy_prescriptions,2627,stateless_query,21611.0,7671.734,397
0,2617, get_pharmacy_prescriptions,2628,stateless_query,23554.025,9054.013,300
0,2618, get_processed_pharmacy_prescriptions,2629,stateless_query,24353.598,9578.111,498
0,2619, get_pharmacy_prescriptions,2630,stateless_query,24234.204,9125.665,439
0,2620, get_processed_pharmacy_prescriptions,2631,stateless_query,21722.619,8007.831,302
0,2621, get_pharmacy_prescriptions,2632,stateless_query,21529.218,7557.32,313
0,2622, get_processed_pharmacy_prescriptions,2633,stateless_query,23885.204,9181.791,305
0,2623, get_pharmacy_prescriptions,2634,stateless_query,21737.036,8753.332,353
0,2624, get_prescription_medication,2635,stateless_query,21779.595,7659.991,324
0,2625, get_prescription_medication,2636,stateless_query,23084.659,8408.659,305
0,2626, process_prescription,2637,apply,3107.007,1242.067,480
0,2627, get_pharmacy_prescriptions,2638,stateless_query,22352.023,9329.347,329
0,2628, get_prescription,2639,stateless_query,24708.529,9858.803,439
0,2629, get_pharmacy_prescriptions,2640,stateless_query,24825.568,9514.872,432
0,2630, create_prescription,2641,apply,4343.885,2054.293,564
0,2631, get_staff_prescriptions,2642,stateless_query,22723.225,9700.529,363
0,2632, create_prescription,2643,apply,3571.624,1308.842,425
0,2633, get_staff_prescriptions,2644,stateless_query,23853.965,9278.732,309
0,2634, create_prescription,2645,apply,3521.54,1395.964,492
0,2635, process_prescription,2646,apply,2677.926,878.77,270
0,2636, update_prescription_medication,2647,apply,2085.471,642.679,250
0,2637, get_prescription,2648,stateless_query,23599.811,8936.834,310
0,2638, get_staff_prescriptions,2649,stateless_query,23100.81,9106.801,448
0,2639, get_prescription_medication,2650,stateless_query,21862.238,8730.168,355
0,2640, get_processed_pharmacy_prescriptions,2651,stateless_query,22202.363,7839.337,318
0,2641, get_prescription_medication,2652,stateless_query,22113.348,9096.903,369
0,2642, get_prescription_medication,2653,stateless_query,21777.902,8129.096,330
0,2643, get_pharmacy_prescriptions,2654,stateless_query,21916.53,8623.589,310
0,2644, get_prescription_medication,2655,stateless_query,23673.408,9326.961,323
0,2645, get_processed_pharmacy_prescriptions,2656,stateless_query,22221.559,8547.948,302
0,2646, get_staff_prescriptions,2657,stateless_query,21753.456,8317.057,343
0,2647, get_staff_prescriptions,2658,stateless_query,21638.101,8011.328,404
0,2648, get_processed_pharmacy_prescriptions,2659,stateless_query,22483.809,8000.867,314
0,2649, get_pharmacy_prescriptions,2660,stateless_query,21700.878,7890.992,375
0,2650, get_prescription_medication,2661,stateless_query,20856.823,7789.563,312
0,2651, process_prescription,2662,apply,3196.194,1123.426,370
0,2652, get_pharmacy_prescriptions,2663,stateless_query,22624.03,8107.547,377
0,2653, get_pharmacy_prescriptions,2664,stateless_query,21076.153,7933.072,324
0,2654, get_prescription_medication,2665,stateless_query,21526.853,7705.827,374
0,2655, get_prescription_medication,2666,stateless_query,22229.334,8026.355,300
0,2656, get_prescription_medication,2667,stateless_query,20930.871,7860.495,317
0,2657, get_prescription_medication,2668,stateless_query,21722.629,8710.692,349
0,2658, get_prescription_medication,2669,stateless_query,23656.487,7808.038,416
0,2659, get_pharmacy_prescriptions,2670,stateless_query,21491.337,7788.481,458
0,2660, get_staff_prescriptions,2671,stateless_query,23184.376,10027.908,306
0,2661, get_pharmacy_prescriptions,2672,stateless_query,23502.92,9302.776,377
0,2662, get_prescription_medication,2673,stateless_query,22364.085,8512.863,302
0,2663, get_prescription_medication,2674,stateless_query,22061.911,8700.032,363
0,2664, get_pharmacy_prescriptions,2675,stateless_query,23739.782,9723.341,345
0,2665, create_prescription,2676,apply,3001.059,1124.769,395
0,2666, get_staff_prescriptions,2677,stateless_query,22932.176,8260.873,449
0,2667, create_prescription,2678,apply,3048.468,1090.895,372
0,2668, get_prescription_medication,2679,stateless_query,20781.683,8039.25,330
0,2669, get_processed_pharmacy_prescriptions,2680,stateless_query,20589.634,7781.177,314
0,2670, get_patient,2681,stateless_query,20077.239,25656.057,311
0,2671, get_staff_prescriptions,2682,stateless_query,21812.736,9005.653,306
0,2672, get_staff_prescriptions,2683,stateless_query,22883.845,8102.618,470
0,2673, get_pharmacy_prescriptions,2684,stateless_query,24829.255,9813.148,518
0,2674, get_prescription_medication,2685,stateless_query,24006.199,9922.993,319
0,2675, get_processed_pharmacy_prescriptions,2686,stateless_query,21548.724,7982.934,447
0,2676, get_pharmacy_prescriptions,2687,stateless_query,21034.435,7981.09,312
0,2677, update_prescription_medication,2688,apply,2600.412,749.438,272
0,2678, get_prescription_medication,2689,stateless_query,22964.315,8353.435,512
0,2679, process_prescription,2690,apply,3060.009,968.326,365
0,2680, get_processed_pharmacy_prescriptions,2691,stateless_query,22712.756,8109.812,532
0,2681, get_prescription_medication,2692,stateless_query,20450.225,7765.959,315
0,2682, get_processed_pharmacy_prescriptions,2693,stateless_query,22837.308,9854.936,307
0,2683, get_processed_pharmacy_prescriptions,2694,stateless_query,22358.946,8077.019,453
0,2684, get_prescription_medication,2695,stateless_query,21673.677,8131.791,481
0,2685, process_prescription,2696,apply,2999.165,845.727,270
0,2686, process_prescription,2697,apply,2496.919,868.0,395
0,2687, get_prescription_medication,2698,stateless_query,22688.15,9015.741,449
0,2688, create_prescription,2699,apply,3175.435,1262.967,414
0,2689, get_prescription_medication,2700,stateless_query,24096.768,10149.867,363
0,2690, update_prescription_medication,2701,apply,2905.05,1041.834,435
0,2691, get_prescription_medication,2702,stateless_query,22220.538,8528.132,362
0,2692, get_prescription,2703,stateless_query,24535.837,9226.113,378
0,2693, get_prescription_medication,2704,stateless_query,25972.587,10696.918,380
0,2694, get_pharmacy_prescriptions,2705,stateless_query,21120.315,8118.788,343
0,2695, create_prescription,2706,apply,3031.627,1080.255,377
0,2696, get_pharmacy_prescriptions,2707,stateless_query,22781.384,8124.919,310
0,2697, get_staff_prescriptions,2708,stateless_query,22208.915,8123.707,413
0,2698, get_staff_prescriptions,2709,stateless_query,22082.26,8165.766,375
0,2699, get_pharmacy_prescriptions,2710,stateless_query,21663.809,8813.964,349
0,2700, get_pharmacy_prescriptions,2711,stateless_query,21099.636,8236.677,352
0,2701, get_pharmacy_prescriptions,2712,stateless_query,23435.955,9118.814,470
0,2702, get_prescription,2713,stateless_query,24013.042,9105.8,472
0,2703, update_prescription_medication,2714,apply,2921.181,920.768,271
0,2704, get_processed_pharmacy_prescriptions,2715,stateless_query,23109.586,8887.211,308
0,2705, get_prescription,2716,stateless_query,22888.083,9329.005,492
0,2706, update_prescription_medication,2717,apply,3327.928,917.041,270
0,2707, get_pharmacy_prescriptions,2718,stateless_query,22923.489,9653.24,313
0,2708, get_prescription_medication,2719,stateless_query,23279.303,8549.381,344
0,2709, get_prescription_medication,2720,stateless_query,22655.529,9315.971,319
0,2710, get_processed_pharmacy_prescriptions,2721,stateless_query,23382.275,9156.714,341
0,2711, get_pharmacy_prescriptions,2722,stateless_query,21647.559,8267.164,320
0,2712, get_patient,2723,stateless_query,23871.257,30605.081,455
0,2713, create_prescription,2724,apply,2651.157,996.058,340
0,2714, get_pharmacy_prescriptions,2725,stateless_query,21620.788,8707.395,316
0,2715, get_staff_prescriptions,2726,stateless_query,21232.844,8189.76,370
0,2716, create_prescription,2727,apply,3099.623,1133.064,339
0,2717, create_prescription,2728,apply,2668.959,1071.398,395
0,2718, get_pharmacy_prescriptions,2729,stateless_query,21277.068,8186.554,318
0,2719, get_staff_prescriptions,2730,stateless_query,21817.145,8410.571,336
0,2720, get_prescription_medication,2731,stateless_query,22534.524,8187.156,324
0,2721, update_prescription_medication,2732,apply,3016.227,891.514,274
0,2722, create_prescription,2733,apply,3130.059,1320.664,401
0,2723, get_prescription_medication,2734,stateless_query,22470.864,9006.834,395
0,2724, get_prescription_medication,2735,stateless_query,25071.267,9835.36,489
0,2725, get_patient,2736,stateless_query,23009.93,28885.041,402
0,2726, create_prescription,2737,apply,3007.802,1204.957,419
0,2727, get_prescription,2738,stateless_query,23821.575,8888.844,356
0,2728, get_pharmacy_prescriptions,2739,stateless_query,22119.369,8183.268,323
0,2729, get_pharmacy_prescriptions,2740,stateless_query,21924.676,8519.113,329
0,2730, create_prescription,2741,apply,2822.997,1024.591,337
0,2731, get_prescription_medication,2742,stateless_query,23955.404,8153.683,448
0,2732, get_pharmacy_prescriptions,2743,stateless_query,23674.179,9069.241,335
0,2733, get_staff_prescriptions,2744,stateless_query,25617.275,11208.862,329
0,2734, get_pharmacy_prescriptions,2745,stateless_query,24062.814,10119.952,321
0,2735, get_prescription_medication,2746,stateless_query,24555.483,9134.273,463
0,2736, get_processed_pharmacy_prescriptions,2747,stateless_query,24046.635,9470.118,462
0,2737, get_pharmacy_prescriptions,2748,stateless_query,23465.11,9274.735,327
0,2738, get_prescription_medication,2749,stateless_query,22862.646,9302.978,433
0,2739, get_pharmacy_prescriptions,2750,stateless_query,25043.675,10146.51,489
0,2740, update_prescription_medication,2751,apply,2755.581,782.2,279
0,2741, create_prescription,2752,apply,3087.771,1247.678,343
0,2742, process_prescription,2753,apply,3106.556,1093.33,456
0,2743, get_processed_pharmacy_prescriptions,2754,stateless_query,22556.565,9179.166,316
0,2744, get_pharmacy_prescriptions,2755,stateless_query,24069.447,9394.006,338
0,2745, get_pharmacy_prescriptions,2756,stateless_query,22042.646,8651.131,337
0,2746, get_staff_prescriptions,2757,stateless_query,23146.696,8316.826,327
0,2747, get_patient,2758,stateless_query,24067.053,31811.091,507
0,2748, get_pharmacy_prescriptions,2759,stateless_query,23120.917,8649.808,372
0,2749, get_pharmacy_prescriptions,2760,stateless_query,22783.398,8197.675,314
0,2750, get_processed_pharmacy_prescriptions,2761,stateless_query,21813.918,8201.351,324
0,2751, create_prescription,2762,apply,2836.963,1016.957,336
0,2752, get_staff_prescriptions,2763,stateless_query,23543.185,9576.718,464
0,2753, get_prescription_medication,2764,stateless_query,23172.143,8476.144,328
0,2754, get_pharmacy_prescriptions,2765,stateless_query,22713.036,8535.395,323
0,2755, get_prescription_medication,2766,stateless_query,24600.779,9001.495,461
0,2756, get_prescription_medication,2767,stateless_query,24911.398,10316.066,383
0,2757, get_pharmacy_prescriptions,2768,stateless_query,22322.238,8342.586,470
0,2758, get_processed_pharmacy_prescriptions,2769,stateless_query,21668.167,8292.251,331
0,2759, get_processed_pharmacy_prescriptions,2770,stateless_query,24015.897,10076.66,329
0,2760, get_patient,2771,stateless_query,23783.333,30771.902,380
0,2761, get_pharmacy_prescriptions,2772,stateless_query,22627.106,8498.215,330
0,2762, get_prescription_medication,2773,stateless_query,22570.661,8697.588,324
0,2763, get_prescription_medication,2774,stateless_query,22468.46,8387.92,390
0,2764, get_prescription,2775,stateless_query,23943.171,8962.17,351
0,2765, get_staff_prescriptions,2776,stateless_query,22828.081,8770.573,433
0,2766, get_prescription_medication,2777,stateless_query,22328.669,8268.918,331
0,2767, get_pharmacy_prescriptions,2778,stateless_query,24693.902,9448.117,560
0,2768, get_staff_prescriptions,2779,stateless_query,21612.854,8332.597,319
0,2769, update_prescription_medication,2780,apply,2948.892,843.484,291
0,2770, get_prescription,2781,stateless_query,23409.826,8894.805,311
0,2771, get_staff_prescriptions,2782,stateless_query,23930.178,8772.257,333
0,2772, get_prescription_medication,2783,stateless_query,21154.288,8036.374,341
0,2773, get_staff_prescriptions,2784,stateless_query,21664.32,8429.296,322
0,2774, get_staff_prescriptions,2785,stateless_query,21978.326,8648.285,340
0,2775, get_staff_prescriptions,2786,stateless_query,23118.192,8324.821,471
0,2776, get_pharmacy_prescriptions,2787,stateless_query,23432.809,9898.688,332
0,2777, create_prescription,2788,apply,3097.87,1111.814,350
0,2778, get_pharmacy_prescriptions,2789,stateless_query,23957.237,9393.516,505
0,2779, get_processed_pharmacy_prescriptions,2790,stateless_query,24001.38,8881.34,373
0,2780, get_pharmacy_prescriptions,2791,stateless_query,24932.167,9504.733,573
0,2781, get_prescription_medication,2792,stateless_query,24481.726,8806.45,391
0,2782, create_prescription,2793,apply,2990.559,1053.115,355
0,2783, get_patient,2794,stateless_query,24431.533,32654.324,445
0,2784, create_prescription,2795,apply,3003.403,1134.917,349
0,2785, get_staff_prescriptions,2796,stateless_query,23202.6,9073.268,435
0,2786, get_prescription_medication,2797,stateless_query,22752.15,8427.544,367
0,2787, get_prescription_medication,2798,stateless_query,24561.355,9935.868,547
0,2788, get_prescription_medication,2799,stateless_query,22725.028,8568.256,439
0,2789, get_pharmacy_prescriptions,2800,stateless_query,24224.877,9644.685,368
0,2790, update_prescription_medication,2801,apply,3235.096,979.869,406
0,2791, get_staff_prescriptions,2802,stateless_query,22696.626,8451.529,498
0,2792, get_prescription_medication,2803,stateless_query,24089.976,9446.965,406
0,2793, get_prescription_medication,2804,stateless_query,23147.547,8904.324,336
0,2794, get_prescription,2805,stateless_query,24335.874,9683.326,346
0,2795, update_prescription_medication,2806,apply,2619.828,827.043,297
0,2796, process_prescription,2807,apply,2434.382,801.606,312
0,2797, get_pharmacy_prescriptions,2808,stateless_query,23454.97,9084.309,315
0,2798, get_prescription_medication,2809,stateless_query,27225.977,11049.184,337
0,2799, get_prescription_medication,2810,stateless_query,23268.103,8526.238,349
0,2800, get_prescription_medication,2811,stateless_query,24386.679,9104.677,332
0,2801, get_prescription_medication,2812,stateless_query,23950.615,8938.908,339
0,2802, get_prescription_medication,2813,stateless_query,23097.333,8256.995,374
0,2803, get_pharmacy_prescriptions,2814,stateless_query,21909.858,8354.237,344
0,2804, process_prescription,2815,apply,2764.237,854.935,296
0,2805, get_pharmacy_prescriptions,2816,stateless_query,22888.294,8802.733,322
0,2806, update_prescription_medication,2817,apply,2625.849,858.201,390
0,2807, get_pharmacy_prescriptions,2818,stateless_query,23841.051,8563.368,471
0,2808, get_prescription_medication,2819,stateless_query,23435.404,8756.817,417
0,2809, get_prescription_medication,2820,stateless_query,25912.466,9124.673,504
0,2810, process_prescription,2821,apply,3132.084,1067.492,315
0,2811, get_pharmacy_prescriptions,2822,stateless_query,23388.246,9390.721,386
0,2812, create_prescription,2823,apply,3385.186,1262.846,520
0,2813, get_prescription_medication,2824,stateless_query,24791.905,10375.858,320
0,2814, create_prescription,2825,apply,3250.815,1177.206,379
0,2815, get_pharmacy_prescriptions,2826,stateless_query,23636.248,9361.245,467
0,2816, get_prescription_medication,2827,stateless_query,22977.841,9018.345,334
0,2817, create_prescription,2828,apply,3251.967,1321.635,534
0,2818, get_patient,2829,stateless_query,22273.206,28578.651,545
0,2819, get_patient,2830,stateless_query,22048.166,28492.418,354
0,2820, get_pharmacy_prescriptions,2831,stateless_query,23296.344,8788.487,467
0,2821, get_prescription_medication,2832,stateless_query,22214.847,8454.393,351
0,2822, get_prescription_medication,2833,stateless_query,26592.133,10214.297,487
0,2823, create_prescription,2834,apply,3537.931,1387.789,341
0,2824, create_prescription,2835,apply,2798.311,1135.378,318
0,2825, get_processed_pharmacy_prescriptions,2836,stateless_query,24021.968,8875.77,321
0,2826, get_pharmacy_prescriptions,2837,stateless_query,22391.917,8742.371,380
0,2827, update_prescription_medication,2838,apply,2602.054,648.98,348
0,2828, get_prescription_medication,2839,stateless_query,24528.142,9259.826,343
0,2829, get_pharmacy_prescriptions,2840,stateless_query,24770.324,8500.449,521
0,2830, get_staff_prescriptions,2841,stateless_query,26126.595,10572.997,335
0,2831, get_patient,2842,stateless_query,25889.774,33271.696,502
0,2832, get_pharmacy_prescriptions,2843,stateless_query,23476.21,8422.093,331
0,2833, get_patient,2844,stateless_query,22496.603,29004.624,368
0,2834, get_processed_pharmacy_prescriptions,2845,stateless_query,22557.206,8672.941,351
0,2835, get_prescription_medication,2846,stateless_query,27697.867,12816.973,358
0,2836, get_staff_prescriptions,2847,stateless_query,22612.469,8704.801,383
0,2837, get_pharmacy_prescriptions,2848,stateless_query,22130.409,8368.945,338
0,2838, get_prescription_medication,2849,stateless_query,22113.768,8438.775,351
0,2839, get_prescription_medication,2850,stateless_query,22404.682,8473.819,363
0,2840, get_processed_pharmacy_prescriptions,2851,stateless_query,23360.414,9391.222,340
0,2841, process_prescription,2852,apply,3074.006,945.835,304
0,2842, get_prescription_medication,2853,stateless_query,23262.642,8993.349,324
0,2843, get_processed_pharmacy_prescriptions,2854,stateless_query,23093.266,8692.828,336
0,2844, get_prescription_medication,2855,stateless_query,25152.187,9944.273,386
0,2845, get_pharmacy_prescriptions,2856,stateless_query,24113.098,8833.09,344
0,2846, process_prescription,2857,apply,3012.981,1020.583,332
0,2847, get_prescription,2858,stateless_query,25303.65,9218.319,331
0,2848, process_prescription,2859,apply,2828.718,956.836,331
0,2849, create_prescription,2860,apply,2752.425,1118.637,399
0,2850, get_pharmacy_prescriptions,2861,stateless_query,25610.262,10789.731,339
0,2851, get_pharmacy_prescriptions,2862,stateless_query,24004.195,8648.255,499
0,2852, get_staff_prescriptions,2863,stateless_query,26357.846,11947.04,435
0,2853, get_prescription_medication,2864,stateless_query,25758.85,9989.96,497
0,2854, get_pharmacy_prescriptions,2865,stateless_query,23631.21,8813.233,493
0,2855, create_prescription,2866,apply,3225.398,1206.792,340
0,2856, get_prescription,2867,stateless_query,22798.636,8931.754,465
0,2857, get_prescription,2868,stateless_query,24760.066,8586.16,579
0,2858, get_pharmacy_prescriptions,2869,stateless_query,24033.821,9485.398,336
0,2859, get_prescription_medication,2870,stateless_query,23023.936,9036.981,363
0,2860, get_patient,2871,stateless_query,22540.614,29369.496,377
0,2861, get_patient,2872,stateless_query,22330.823,28999.786,392
0,2862, get_pharmacy_prescriptions,2873,stateless_query,21855.387,8441.69,347
0,2863, get_staff_prescriptions,2874,stateless_query,22863.076,8465.454,389
0,2864, get_staff_prescriptions,2875,stateless_query,22709.029,8566.231,342
0,2865, get_pharmacy_prescriptions,2876,stateless_query,27329.029,9742.447,514
0,2866, process_prescription,2877,apply,2702.001,865.174,335
0,2867, get_prescription_medication,2878,stateless_query,23198.241,9126.829,371
0,2868, get_staff_prescriptions,2879,stateless_query,24111.866,10019.024,343
0,2869, get_processed_pharmacy_prescriptions,2880,stateless_query,23676.104,8789.849,353
0,2870, create_prescription,2881,apply,5129.029,2762.714,682
0,2871, get_pharmacy_prescriptions,2882,stateless_query,23472.504,8840.114,382
0,2872, get_pharmacy_prescriptions,2883,stateless_query,25630.47,9721.959,504
0,2873, get_prescription_medication,2884,stateless_query,25663.291,10107.097,393
0,2874, get_staff_prescriptions,2885,stateless_query,24732.394,9819.161,342
0,2875, get_patient,2886,stateless_query,26622.791,35023.323,388
0,2876, create_prescription,2887,apply,3780.063,1604.153,509
0,2877, get_staff_prescriptions,2888,stateless_query,25439.193,9331.82,357
0,2878, get_prescription_medication,2889,stateless_query,25923.005,11159.48,502
0,2879, get_prescription_medication,2890,stateless_query,25177.925,9167.794,379
0,2880, get_staff_prescriptions,2891,stateless_query,23873.361,9014.308,387
0,2881, get_prescription_medication,2892,stateless_query,24321.938,8924.141,403
0,2882, get_patient,2893,stateless_query,25369.353,33201.214,372
0,2883, create_prescription,2894,apply,3307.821,1235.144,474
0,2884, get_prescription_medication,2895,stateless_query,23584.904,8696.726,435
0,2885, get_prescription_medication,2896,stateless_query,25071.507,9437.798,367
0,2886, get_staff_prescriptions,2897,stateless_query,23758.236,8851.364,360
0,2887, get_pharmacy_prescriptions,2898,stateless_query,22647.194,8807.011,378
0,2888, get_pharmacy_prescriptions,2899,stateless_query,25790.648,10134.428,500
0,2889, get_pharmacy_prescriptions,2900,stateless_query,25091.975,9323.686,510
0,2890, get_staff_prescriptions,2901,stateless_query,24349.31,8973.311,337
0,2891, get_pharmacy_prescriptions,2902,stateless_query,25645.618,10611.118,400
0,2892, create_prescription,2903,apply,3501.984,1314.312,426
0,2893, get_staff_prescriptions,2904,stateless_query,24468.742,10208.686,368
0,2894, get_staff_prescriptions,2905,stateless_query,24056.833,9715.327,349
0,2895, process_prescription,2906,apply,2997.182,1070.698,456
0,2896, get_prescription_medication,2907,stateless_query,23845.74,8741.138,457
0,2897, create_prescription,2908,apply,3125.351,1173.48,347
0,2898, get_pharmacy_prescriptions,2909,stateless_query,23333.835,9227.135,333
0,2899, get_pharmacy_prescriptions,2910,stateless_query,24576.464,9759.138,491
0,2900, get_pharmacy_prescriptions,2911,stateless_query,25919.659,9441.045,350
0,2901, get_staff_prescriptions,2912,stateless_query,27865.68,11266.66,502
0,2902, get_prescription_medication,2913,stateless_query,23918.937,8764.333,348
0,2903, get_pharmacy_prescriptions,2914,stateless_query,24769.473,9072.386,453
0,2904, get_pharmacy_prescriptions,2915,stateless_query,24918.761,9842.162,406
0,2905, process_prescription,2916,apply,3205.891,1041.183,387
0,2906, process_prescription,2917,apply,2342.009,712.199,247
0,2907, get_prescription,2918,stateless_query,22319.262,8523.092,327
0,2908, get_processed_pharmacy_prescriptions,2919,stateless_query,23935.648,9188.454,418
0,2909, get_prescription_medication,2920,stateless_query,24454.986,9055.655,400
0,2910, get_staff_prescriptions,2921,stateless_query,25018.198,9019.076,400
0,2911, get_pharmacy_prescriptions,2922,stateless_query,24804.709,8963.743,340
0,2912, get_prescription_medication,2923,stateless_query,24923.921,9452.997,362
0,2913, get_processed_pharmacy_prescriptions,2924,stateless_query,25074.592,9708.815,395
0,2914, get_staff_prescriptions,2925,stateless_query,24976.329,9162.795,478
0,2915, create_prescription,2926,apply,3160.937,1180.081,391
0,2916, update_prescription_medication,2927,apply,2381.563,731.224,319
0,2917, process_prescription,2928,apply,2438.119,789.714,253
0,2918, get_pharmacy_prescriptions,2929,stateless_query,24537.701,8935.442,333
0,2919, get_staff_prescriptions,2930,stateless_query,23701.63,8948.876,344
0,2920, get_patient,2931,stateless_query,23651.197,30743.298,406
0,2921, get_prescription_medication,2932,stateless_query,23628.584,8681.847,395
0,2922, get_prescription_medication,2933,stateless_query,26479.654,10962.223,346
0,2923, get_prescription_medication,2934,stateless_query,25252.244,8931.283,580
0,2924, get_pharmacy_prescriptions,2935,stateless_query,22823.713,8642.635,393
0,2925, get_processed_pharmacy_prescriptions,2936,stateless_query,22325.443,8566.082,369
0,2926, get_pharmacy_prescriptions,2937,stateless_query,22756.878,8674.024,385
0,2927, get_prescription_medication,2938,stateless_query,23222.748,8694.772,350
0,2928, create_prescription,2939,apply,3856.254,1418.888,562
0,2929, get_prescription_medication,2940,stateless_query,26347.568,9888.71,478
0,2930, process_prescription,2941,apply,2978.578,1037.766,454
0,2931, get_patient,2942,stateless_query,25118.575,33093.594,357
0,2932, get_staff_prescriptions,2943,stateless_query,23064.682,8932.907,373
0,2933, get_pharmacy_prescriptions,2944,stateless_query,26324.244,8987.488,364
0,2934, get_pharmacy_prescriptions,2945,stateless_query,22913.441,8765.204,430
0,2935, get_staff_prescriptions,2946,stateless_query,23981.884,8836.717,351
0,2936, get_patient,2947,stateless_query,26499.471,33479.674,529
0,2937, get_processed_pharmacy_prescriptions,2948,stateless_query,26378.375,10661.883,508
0,2938, process_prescription,2949,apply,3363.756,1002.781,320
0,2939, get_patient,2950,stateless_query,24123.438,31591.782,343
0,2940, get_staff_prescriptions,2951,stateless_query,24379.887,9411.73,375
0,2941, get_staff_prescriptions,2952,stateless_query,26647.537,9764.469,371
0,2942, create_prescription,2953,apply,3257.237,1255.863,350
0,2943, get_prescription_medication,2954,stateless_query,23595.472,9024.628,484
0,2944, get_pharmacy_prescriptions,2955,stateless_query,23274.494,8835.454,384
0,2945, process_prescription,2956,apply,3972.191,1464.573,485
0,2946, get_prescription_medication,2957,stateless_query,25231.515,8931.404,523
0,2947, get_pharmacy_prescriptions,2958,stateless_query,26431.454,9904.569,348
0,2948, get_staff_prescriptions,2959,stateless_query,25184.417,9017.545,503
0,2949, get_prescription_medication,2960,stateless_query,25408.956,9436.707,552
0,2950, get_pharmacy_prescriptions,2961,stateless_query,25354.224,10236.539,461
0,2951, get_pharmacy_prescriptions,2962,stateless_query,25224.522,10027.068,349
0,2952, get_staff_prescriptions,2963,stateless_query,24660.701,10162.531,360
0,2953, get_prescription_medication,2964,stateless_query,23875.726,9378.127,345
0,2954, get_prescription_medication,2965,stateless_query,24930.984,9154.459,414
0,2955, create_prescription,2966,apply,3085.607,1084.754,343
0,2956, get_prescription_medication,2967,stateless_query,23998.545,9215.243,338
0,2957, get_prescription_medication,2968,stateless_query,24439.708,9081.944,417
0,2958, get_prescription_medication,2969,stateless_query,25524.933,9235.611,514
0,2959, update_prescription_medication,2970,apply,3094.223,1064.756,516
0,2960, get_pharmacy_prescriptions,2971,stateless_query,23602.195,8811.611,488
0,2961, get_staff_prescriptions,2972,stateless_query,27561.202,10250.536,526
0,2962, get_staff_prescriptions,2973,stateless_query,26238.644,11092.536,360
0,2963, get_pharmacy_prescriptions,2974,stateless_query,23905.942,8755.103,513
0,2964, get_staff_prescriptions,2975,stateless_query,23596.525,9086.463,342
0,2965, get_processed_pharmacy_prescriptions,2976,stateless_query,23237.215,8905.986,347
0,2966, get_staff_prescriptions,2977,stateless_query,24624.313,8838.019,362
0,2967, get_pharmacy_prescriptions,2978,stateless_query,24829.405,10567.777,346
0,2968, get_patient,2979,stateless_query,25601.395,32864.977,516
0,2969, get_prescription_medication,2980,stateless_query,25197.161,9822.035,523
0,2970, get_staff_prescriptions,2981,stateless_query,26023.893,11098.126,462
0,2971, get_prescription,2982,stateless_query,23394.298,8912.388,434
0,2972, get_prescription_medication,2983,stateless_query,23254.346,8815.368,352
0,2973, get_processed_pharmacy_prescriptions,2984,stateless_query,23202.389,8808.634,361
0,2974, get_pharmacy_prescriptions,2985,stateless_query,23514.081,8936.242,382
0,2975, get_prescription_medication,2986,stateless_query,26989.936,10748.905,508
0,2976, get_pharmacy_prescriptions,2987,stateless_query,27154.803,9696.421,352
0,2977, get_prescription,2988,stateless_query,24101.597,8868.817,365
0,2978, get_pharmacy_prescriptions,2989,stateless_query,25501.9,9523.448,389
0,2979, process_prescription,2990,apply,3174.783,966.453,302
0,2980, get_pharmacy_prescriptions,2991,stateless_query,25175.791,9978.256,343
0,2981, get_prescription_medication,2992,stateless_query,24387.3,9753.277,361
0,2982, get_patient,2993,stateless_query,24471.327,31808.807,343
0,2983, get_processed_pharmacy_prescriptions,2994,stateless_query,23820.021,8856.604,374
0,2984, get_prescription_medication,2995,stateless_query,26453.886,10475.314,397
0,2985, process_prescription,2996,apply,3073.454,1005.336,273
0,2986, get_pharmacy_prescriptions,2997,stateless_query,25165.883,10928.299,358
0,2987, update_prescription_medication,2998,apply,2681.383,851.759,274
0,2988, get_processed_pharmacy_prescriptions,2999,stateless_query,25072.158,10711.975,397
0,2989, process_prescription,3000,apply,2887.798,942.127,287
0,2990, get_pharmacy_prescriptions,3001,stateless_query,28096.49,12256.457,508
0,2991, get_processed_pharmacy_prescriptions,3002,stateless_query,25997.985,10865.142,365
0,2992, get_pharmacy_prescriptions,3003,stateless_query,24821.991,10262.177,370
0,2993, get_staff_prescriptions,3004,stateless_query,25727.621,9297.826,544
0,2994, get_pharmacy_prescriptions,3005,stateless_query,25984.039,9499.764,361
0,2995, get_staff_prescriptions,3006,stateless_query,26180.927,10895.839,511
0,2996, get_processed_pharmacy_prescriptions,3007,stateless_query,27371.218,10832.341,353
0,2997, get_staff_prescriptions,3008,stateless_query,27080.595,11139.994,441
0,2998, get_pharmacy_prescriptions,3009,stateless_query,24418.689,9068.329,360
0,2999, get_prescription_medication,3010,stateless_query,24664.597,9379.09,391
0,3000, get_prescription_medication,3011,stateless_query,24647.626,9924.176,362
0,3001, get_pharmacy_prescriptions,3012,stateless_query,26275.513,10227.632,435
0,3002, create_prescription,3013,apply,3690.546,1704.099,599
0,3003, get_prescription_medication,3014,stateless_query,25070.665,9759.008,360
0,3004, get_prescription_medication,3015,stateless_query,25786.822,10447.683,450
0,3005, get_pharmacy_prescriptions,3016,stateless_query,25892.288,10021.348,585
0,3006, create_prescription,3017,apply,3649.699,1416.613,446
0,3007, get_prescription_medication,3018,stateless_query,25305.704,9456.674,481
0,3008, get_staff_prescriptions,3019,stateless_query,25371.356,9512.138,521
0,3009, get_pharmacy_prescriptions,3020,stateless_query,25219.212,9446.404,514
0,3010, get_pharmacy_prescriptions,3021,stateless_query,26994.555,9354.444,504
0,3011, get_staff_prescriptions,3022,stateless_query,24266.926,9075.634,406
0,3012, get_prescription_medication,3023,stateless_query,26367.915,11357.039,359
0,3013, get_pharmacy_prescriptions,3024,stateless_query,25696.723,10111.815,427
0,3014, get_staff_prescriptions,3025,stateless_query,23640.918,8788.817,410
0,3015, get_staff_prescriptions,3026,stateless_query,24453.945,9033.375,517
0,3016, get_pharmacy_prescriptions,3027,stateless_query,26996.448,10641.344,357
0,3017, get_prescription_medication,3028,stateless_query,25377.367,9150.613,390
0,3018, process_prescription,3029,apply,3005.347,1045.19,421
0,3019, get_processed_pharmacy_prescriptions,3030,stateless_query,24539.063,9204.993,360
0,3020, get_prescription_medication,3031,stateless_query,26003.917,10750.047,371
0,3021, get_pharmacy_prescriptions,3032,stateless_query,24020.015,9351.618,366
0,3022, get_prescription_medication,3033,stateless_query,26209.591,9234.94,364
0,3023, get_pharmacy_prescriptions,3034,stateless_query,27524.364,11221.517,355
0,3024, get_processed_pharmacy_prescriptions,3035,stateless_query,26341.436,10516.0,482
0,3025, get_pharmacy_prescriptions,3036,stateless_query,24031.106,9558.022,367
0,3026, get_processed_pharmacy_prescriptions,3037,stateless_query,25208.903,9318.987,360
0,3027, get_staff_prescriptions,3038,stateless_query,24442.152,9108.845,358
0,3028, get_pharmacy_prescriptions,3039,stateless_query,26888.016,11250.53,407
0,3029, get_prescription_medication,3040,stateless_query,25946.82,11015.573,397
0,3030, get_pharmacy_prescriptions,3041,stateless_query,24207.404,9080.793,409
0,3031, get_processed_pharmacy_prescriptions,3042,stateless_query,25477.344,10970.558,416
0,3032, get_staff_prescriptions,3043,stateless_query,23743.229,8833.561,376
0,3033, get_pharmacy_prescriptions,3044,stateless_query,24064.999,8996.175,369
0,3034, create_prescription,3045,apply,2922.452,1054.517,351
0,3035, get_pharmacy_prescriptions,3046,stateless_query,23875.635,8905.957,352
0,3036, create_prescription,3047,apply,3114.771,1048.697,343
0,3037, update_prescription_medication,3048,apply,2450.282,742.766,278
0,3038, get_patient,3049,stateless_query,25027.084,34014.861,359
0,3039, get_prescription_medication,3050,stateless_query,26084.357,10333.82,537
0,3040, process_prescription,3051,apply,3492.185,1247.988,374
0,3041, get_pharmacy_prescriptions,3052,stateless_query,26160.939,11200.978,408
0,3042, create_prescription,3053,apply,3378.544,1313.35,349
0,3043, create_prescription,3054,apply,2959.361,962.846,338
0,3044, create_prescription,3055,apply,2938.483,1243.851,457
0,3045, get_patient,3056,stateless_query,25848.065,33301.602,371
0,3046, get_pharmacy_prescriptions,3057,stateless_query,25010.203,9408.563,360
0,3047, update_prescription_medication,3058,apply,2617.313,808.579,280
0,3048, get_processed_pharmacy_prescriptions,3059,stateless_query,23318.647,9049.323,412
0,3049, get_pharmacy_prescriptions,3060,stateless_query,25643.864,10099.805,371
0,3050, get_pharmacy_prescriptions,3061,stateless_query,25102.665,9518.73,417
0,3051, get_prescription_medication,3062,stateless_query,23879.623,9222.748,371
0,3052, get_pharmacy_prescriptions,3063,stateless_query,24670.638,9873.131,365
0,3053, get_prescription_medication,3064,stateless_query,27814.945,10686.438,385
0,3054, create_prescription,3065,apply,3427.355,1274.988,452
0,3055, get_processed_pharmacy_prescriptions,3066,stateless_query,24428.357,9251.101,441
0,3056, get_prescription_medication,3067,stateless_query,26562.468,11196.179,646
0,3057, create_prescription,3068,apply,3372.312,1227.72,442
0,3058, get_processed_pharmacy_prescriptions,3069,stateless_query,25628.766,9515.053,452
0,3059, get_pharmacy_prescriptions,3070,stateless_query,26754.737,9893.95,366
0,3060, get_prescription_medication,3071,stateless_query,24766.999,9444.201,415
0,3061, get_pharmacy_prescriptions,3072,stateless_query,25883.091,11158.429,368
0,3062, get_processed_pharmacy_prescriptions,3073,stateless_query,28947.248,13332.665,371
0,3063, get_prescription_medication,3074,stateless_query,24917.609,9466.311,498
0,3064, get_prescription_medication,3075,stateless_query,24035.103,9303.828,525
0,3065, get_processed_pharmacy_prescriptions,3076,stateless_query,25359.985,9949.613,529
0,3066, process_prescription,3077,apply,3086.388,1029.351,302
0,3067, get_pharmacy_prescriptions,3078,stateless_query,25202.551,9490.737,403
0,3068, get_prescription_medication,3079,stateless_query,26429.941,10725.651,525
0,3069, get_pharmacy_prescriptions,3080,stateless_query,27257.314,11039.207,492
0,3070, get_pharmacy_prescriptions,3081,stateless_query,26147.725,10785.132,357
0,3071, get_prescription_medication,3082,stateless_query,25750.643,10811.492,378
0,3072, create_prescription,3083,apply,3484.741,1358.965,444
0,3073, get_pharmacy_prescriptions,3084,stateless_query,25334.067,10532.38,360
0,3074, get_pharmacy_prescriptions,3085,stateless_query,26652.557,11113.595,527
0,3075, get_pharmacy_prescriptions,3086,stateless_query,24960.6,10268.609,360
0,3076, get_pharmacy_prescriptions,3087,stateless_query,26555.896,10686.98,381
0,3077, get_prescription_medication,3088,stateless_query,27039.899,10608.503,508
0,3078, update_prescription_medication,3089,apply,3019.543,959.641,444
0,3079, get_staff_prescriptions,3090,stateless_query,27307.228,11779.316,361
0,3080, get_patient,3091,stateless_query,25455.192,33018.274,392
0,3081, get_prescription_medication,3092,stateless_query,25737.44,9696.03,371
0,3082, get_staff_prescriptions,3093,stateless_query,26920.767,10718.268,574
0,3083, get_prescription_medication,3094,stateless_query,26099.656,9346.748,482
0,3084, get_staff_prescriptions,3095,stateless_query,25664.463,10158.373,539
0,3085, get_pharmacy_prescriptions,3096,stateless_query,25635.189,9383.748,367
0,3086, get_prescription,3097,stateless_query,28134.401,11596.746,368
0,3087, get_pharmacy_prescriptions,3098,stateless_query,26757.122,10511.02,372
0,3088, get_staff_prescriptions,3099,stateless_query,28728.53,12549.233,523
0,3089, get_staff_prescriptions,3100,stateless_query,27222.389,10481.085,457
0,3090, get_pharmacy_prescriptions,3101,stateless_query,26581.674,9979.409,392
0,3091, get_prescription_medication,3102,stateless_query,25428.734,9518.078,523
0,3092, get_pharmacy_prescriptions,3103,stateless_query,25892.598,10295.468,365
0,3093, create_prescription,3104,apply,3030.925,1133.675,341
0,3094, get_prescription_medication,3105,stateless_query,24788.138,9891.865,413
0,3095, get_processed_pharmacy_prescriptions,3106,stateless_query,27559.128,11256.722,484
0,3096, create_prescription,3107,apply,3220.97,1342.275,432
0,3097, get_prescription_medication,3108,stateless_query,24162.491,9532.314,358
0,3098, create_prescription,3109,apply,3246.447,1097.117,346
0,3099, create_prescription,3110,apply,2555.538,934.994,318
0,3100, get_staff_prescriptions,3111,stateless_query,30180.218,12234.476,515
0,3101, get_prescription,3112,stateless_query,28826.463,9917.003,545
0,3102, create_prescription,3113,apply,3746.109,1395.363,340
0,3103, get_staff_prescriptions,3114,stateless_query,25686.314,9869.053,386
0,3104, get_prescription_medication,3115,stateless_query,26322.13,10147.172,427
0,3105, get_pharmacy_prescriptions,3116,stateless_query,26132.457,9651.497,372
0,3106, get_prescription_medication,3117,stateless_query,27682.569,10414.05,487
0,3107, get_patient,3118,stateless_query,26710.244,34652.132,421
0,3108, process_prescription,3119,apply,2787.07,902.944,295
0,3109, get_prescription_medication,3120,stateless_query,26852.019,10830.717,368
0,3110, get_staff_prescriptions,3121,stateless_query,26144.74,10676.09,361
0,3111, get_staff_prescriptions,3122,stateless_query,25220.565,9369.02,482
0,3112, get_processed_pharmacy_prescriptions,3123,stateless_query,24509.158,9560.867,378
0,3113, get_pharmacy_prescriptions,3124,stateless_query,30569.214,12678.034,567
0,3114, get_staff_prescriptions,3125,stateless_query,26910.558,10077.231,565
0,3115, create_prescription,3126,apply,3310.757,1385.665,547
0,3116, get_staff_prescriptions,3127,stateless_query,24916.127,9329.797,472
0,3117, get_patient,3128,stateless_query,26519.618,35742.606,369
0,3118, create_prescription,3129,apply,4098.888,1500.029,351
0,3119, get_prescription_medication,3130,stateless_query,28046.277,11837.185,524
0,3120, get_processed_pharmacy_prescriptions,3131,stateless_query,27739.795,11321.843,386
0,3121, update_prescription_medication,3132,apply,2636.178,775.527,271
0,3122, get_prescription_medication,3133,stateless_query,26135.031,9775.608,362
0,3123, get_prescription_medication,3134,stateless_query,26125.773,9923.194,361
0,3124, get_staff_prescriptions,3135,stateless_query,25937.282,9821.273,482
0,3125, create_prescription,3136,apply,2888.79,1098.66,346
0,3126, get_pharmacy_prescriptions,3137,stateless_query,26448.345,10417.155,371
0,3127, update_prescription_medication,3138,apply,2557.431,752.975,270
0,3128, get_pharmacy_prescriptions,3139,stateless_query,24840.335,10243.662,372
0,3129, get_prescription_medication,3140,stateless_query,25364.383,9806.215,371
0,3130, get_pharmacy_prescriptions,3141,stateless_query,24600.297,9691.151,428
0,3131, get_prescription_medication,3142,stateless_query,24493.438,9517.767,382
0,3132, get_prescription_medication,3143,stateless_query,24583.667,9471.542,378
0,3133, get_prescription_medication,3144,stateless_query,25592.038,10430.42,376
0,3134, get_prescription,3145,stateless_query,25728.612,10237.229,594
0,3135, get_pharmacy_prescriptions,3146,stateless_query,26302.112,9803.069,438
0,3136, update_prescription_medication,3147,apply,2591.826,795.534,290
0,3137, get_staff_prescriptions,3148,stateless_query,26555.015,9861.218,371
0,3138, get_prescription_medication,3149,stateless_query,26952.126,10095.014,551
0,3139, get_prescription_medication,3150,stateless_query,27523.882,11378.378,423
0,3140, get_patient,3151,stateless_query,26216.352,34112.104,411
0,3141, get_patient,3152,stateless_query,26630.615,34250.612,488
0,3142, get_pharmacy_prescriptions,3153,stateless_query,27989.692,9920.709,578
0,3143, get_pharmacy_prescriptions,3154,stateless_query,27826.367,11734.033,396
0,3144, get_pharmacy_prescriptions,3155,stateless_query,25284.003,9555.438,375
0,3145, get_prescription_medication,3156,stateless_query,25698.447,10207.575,472
0,3146, get_pharmacy_prescriptions,3157,stateless_query,27395.383,10979.676,372
0,3147, get_pharmacy_prescriptions,3158,stateless_query,29299.084,12369.518,528
0,3148, get_pharmacy_prescriptions,3159,stateless_query,27178.538,10755.577,369
0,3149, get_pharmacy_prescriptions,3160,stateless_query,27240.864,10899.225,445
0,3150, get_prescription_medication,3161,stateless_query,27693.368,11023.498,395
0,3151, get_pharmacy_prescriptions,3162,stateless_query,28347.699,10320.705,380
0,3152, get_pharmacy_prescriptions,3163,stateless_query,27503.945,10064.328,477
0,3153, get_prescription,3164,stateless_query,26551.759,9944.223,588
0,3154, get_prescription_medication,3165,stateless_query,26804.901,10064.127,371
0,3155, get_prescription_medication,3166,stateless_query,25994.118,9920.859,392
0,3156, get_processed_pharmacy_prescriptions,3167,stateless_query,28923.253,12131.534,448
0,3157, get_prescription_medication,3168,stateless_query,28099.987,11425.988,383
0,3158, get_processed_pharmacy_prescriptions,3169,stateless_query,27239.261,10643.198,554
0,3159, get_staff_prescriptions,3170,stateless_query,28080.791,11262.924,373
0,3160, get_prescription_medication,3171,stateless_query,25512.63,9755.111,391
0,3161, get_pharmacy_prescriptions,3172,stateless_query,26445.069,10506.543,390
0,3162, get_pharmacy_prescriptions,3173,stateless_query,26384.055,10171.046,514
0,3163, get_pharmacy_prescriptions,3174,stateless_query,24847.91,9567.38,429
0,3164, get_prescription_medication,3175,stateless_query,26696.449,10453.304,390
0,3165, get_pharmacy_prescriptions,3176,stateless_query,28036.889,10942.676,397
0,3166, get_prescription_medication,3177,stateless_query,26143.046,10057.525,370
0,3167, get_prescription_medication,3178,stateless_query,26484.133,10248.461,394
0,3168, create_prescription,3179,apply,3064.668,1092.017,346
0,3169, get_pharmacy_prescriptions,3180,stateless_query,26236.801,9995.609,526
0,3170, get_pharmacy_prescriptions,3181,stateless_query,27431.099,9852.051,587
0,3171, process_prescription,3182,apply,2978.016,1021.225,304
0,3172, get_prescription_medication,3183,stateless_query,26208.599,10957.062,543
0,3173, get_staff_prescriptions,3184,stateless_query,25516.847,9967.255,399
0,3174, update_prescription_medication,3185,apply,2593.81,845.698,350
0,3175, get_staff_prescriptions,3186,stateless_query,26196.526,10965.639,499
0,3176, get_pharmacy_prescriptions,3187,stateless_query,24869.821,9750.582,377
0,3177, create_prescription,3188,apply,3506.572,1591.79,495
0,3178, get_patient,3189,stateless_query,27705.531,37046.067,543
0,3179, get_staff_prescriptions,3190,stateless_query,29163.201,11157.436,559
0,3180, create_prescription,3191,apply,3134.077,1305.094,555
0,3181, get_prescription_medication,3192,stateless_query,25022.716,9561.369,472
0,3182, get_patient,3193,stateless_query,26956.864,34830.174,525
0,3183, get_pharmacy_prescriptions,3194,stateless_query,27569.317,10530.396,575
0,3184, get_pharmacy_prescriptions,3195,stateless_query,30352.029,12949.45,374
0,3185, get_prescription_medication,3196,stateless_query,28430.744,11410.879,372
0,3186, get_prescription,3197,stateless_query,30326.381,11892.749,426
0,3187, get_pharmacy_prescriptions,3198,stateless_query,29315.254,10217.453,600
0,3188, get_prescription_medication,3199,stateless_query,26286.804,10077.793,403
0,3189, get_patient,3200,stateless_query,26140.742,34400.682,449
0,3190, get_prescription,3201,stateless_query,26862.118,10542.148,563
0,3191, get_prescription_medication,3202,stateless_query,27800.088,10976.529,553
0,3192, get_staff_prescriptions,3203,stateless_query,29461.327,12184.813,378
0,3193, get_prescription,3204,stateless_query,29163.402,11530.963,423
0,3194, get_prescription_medication,3205,stateless_query,27533.77,11229.622,502
0,3195, get_pharmacy_prescriptions,3206,stateless_query,27227.85,10078.123,614
0,3196, process_prescription,3207,apply,2901.994,861.949,271
0,3197, get_pharmacy_prescriptions,3208,stateless_query,25190.619,9837.053,392
0,3198, get_pharmacy_prescriptions,3209,stateless_query,25110.9,9845.589,585
0,3199, get_pharmacy_prescriptions,3210,stateless_query,27501.31,10244.734,505
0,3200, get_processed_pharmacy_prescriptions,3211,stateless_query,29490.051,11927.072,579
0,3201, create_prescription,3212,apply,3427.876,1218.554,489
0,3202, process_prescription,3213,apply,2764.177,767.662,275
0,3203, get_patient,3214,stateless_query,25510.495,33836.721,403
0,3204, get_pharmacy_prescriptions,3215,stateless_query,28397.532,12022.911,464
0,3205, get_prescription_medication,3216,stateless_query,29661.54,12819.237,469
0,3206, get_pharmacy_prescriptions,3217,stateless_query,27467.968,10915.074,653
0,3207, process_prescription,3218,apply,2971.033,854.775,276
0,3208, get_staff_prescriptions,3219,stateless_query,25986.574,10463.482,374
0,3209, get_pharmacy_prescriptions,3220,stateless_query,26971.772,10274.641,425
0,3210, get_pharmacy_prescriptions,3221,stateless_query,27060.208,10432.635,600
0,3211, get_processed_pharmacy_prescriptions,3222,stateless_query,28800.333,10805.711,582
0,3212, get_staff_prescriptions,3223,stateless_query,29043.026,11600.673,508
0,3213, get_prescription_medication,3224,stateless_query,27379.152,9519.941,595
0,3214, get_pharmacy_prescriptions,3225,stateless_query,26409.923,10324.513,382
0,3215, get_processed_pharmacy_prescriptions,3226,stateless_query,27289.566,11733.09,384
0,3216, get_staff_prescriptions,3227,stateless_query,27601.707,11686.003,392
0,3217, get_pharmacy_prescriptions,3228,stateless_query,28936.959,11047.141,570
0,3218, get_processed_pharmacy_prescriptions,3229,stateless_query,28096.0,11978.779,376
0,3219, get_pharmacy_prescriptions,3230,stateless_query,27221.969,10360.31,443
0,3220, get_prescription_medication,3231,stateless_query,26045.464,9767.113,399
0,3221, process_prescription,3232,apply,3192.397,945.825,314
0,3222, get_processed_pharmacy_prescriptions,3233,stateless_query,28581.275,11457.155,509
0,3223, get_patient,3234,stateless_query,27268.596,35440.412,573
0,3224, get_prescription_medication,3235,stateless_query,26090.588,10058.688,406
0,3225, get_pharmacy_prescriptions,3236,stateless_query,25639.977,10149.938,457
0,3226, get_pharmacy_prescriptions,3237,stateless_query,27178.669,10794.369,458
0,3227, get_prescription,3238,stateless_query,26399.554,9856.3,474
0,3228, get_prescription_medication,3239,stateless_query,28691.401,12109.744,442
0,3229, get_processed_pharmacy_prescriptions,3240,stateless_query,27548.578,10677.031,458
0,3230, get_processed_pharmacy_prescriptions,3241,stateless_query,27849.31,11862.693,540
0,3231, get_prescription_medication,3242,stateless_query,26531.6,9686.703,490
0,3232, get_pharmacy_prescriptions,3243,stateless_query,25281.85,10009.485,412
0,3233, get_pharmacy_prescriptions,3244,stateless_query,25400.861,9776.64,392
0,3234, get_pharmacy_prescriptions,3245,stateless_query,25144.443,9595.984,435
0,3235, get_pharmacy_prescriptions,3246,stateless_query,29099.371,12153.896,430
0,3236, get_prescription_medication,3247,stateless_query,25661.297,9867.791,377
0,3237, get_prescription_medication,3248,stateless_query,25466.093,10083.724,389
0,3238, get_prescription_medication,3249,stateless_query,25643.984,10319.333,373
0,3239, get_pharmacy_prescriptions,3250,stateless_query,27206.39,11065.525,466
0,3240, create_prescription,3251,apply,3061.161,1166.837,345
0,3241, get_processed_pharmacy_prescriptions,3252,stateless_query,26616.058,9941.598,377
0,3242, get_pharmacy_prescriptions,3253,stateless_query,26878.769,9678.387,473
0,3243, get_pharmacy_prescriptions,3254,stateless_query,25087.266,9862.01,401
0,3244, get_processed_pharmacy_prescriptions,3255,stateless_query,26590.35,10012.972,396
0,3245, get_staff_prescriptions,3256,stateless_query,28401.37,11533.819,386
0,3246, get_staff_prescriptions,3257,stateless_query,26628.372,9794.203,381
0,3247, get_pharmacy_prescriptions,3258,stateless_query,26391.76,9881.907,528
0,3248, get_processed_pharmacy_prescriptions,3259,stateless_query,27423.185,11249.238,405
0,3249, get_pharmacy_prescriptions,3260,stateless_query,26621.198,10731.432,391
0,3250, get_pharmacy_prescriptions,3261,stateless_query,25647.502,9945.505,383
0,3251, update_prescription_medication,3262,apply,2907.184,913.223,297
0,3252, get_prescription,3263,stateless_query,27772.045,10768.371,427
0,3253, update_prescription_medication,3264,apply,2843.646,873.299,302
0,3254, get_prescription_medication,3265,stateless_query,26632.088,10315.526,528
0,3255, process_prescription,3266,apply,3378.633,1136.29,441
0,3256, process_prescription,3267,apply,2630.367,946.065,403
0,3257, get_prescription_medication,3268,stateless_query,28699.085,11562.031,529
0,3258, create_prescription,3269,apply,3431.602,1264.338,384
0,3259, get_staff_prescriptions,3270,stateless_query,27040.83,10607.662,397
0,3260, create_prescription,3271,apply,3742.653,1501.361,501
0,3261, get_pharmacy_prescriptions,3272,stateless_query,27552.496,11203.402,412
0,3262, get_patient,3273,stateless_query,26915.256,35323.163,384
0,3263, create_prescription,3274,apply,3557.798,1590.397,549
0,3264, get_processed_pharmacy_prescriptions,3275,stateless_query,28560.386,12088.694,451
0,3265, get_prescription,3276,stateless_query,28474.255,11168.608,593
0,3266, get_patient,3277,stateless_query,28155.431,36615.826,396
0,3267, get_processed_pharmacy_prescriptions,3278,stateless_query,29358.756,11278.122,452
0,3268, get_patient,3279,stateless_query,27476.764,35857.26,390
0,3269, get_pharmacy_prescriptions,3280,stateless_query,29449.044,11964.363,395
0,3270, get_prescription_medication,3281,stateless_query,26934.082,9866.638,443
0,3271, get_prescription_medication,3282,stateless_query,26072.855,10060.59,406
0,3272, get_prescription_medication,3283,stateless_query,26140.27,9995.579,398
0,3273, get_prescription_medication,3284,stateless_query,26679.206,10526.5,398
0,3274, get_pharmacy_prescriptions,3285,stateless_query,28047.159,10998.56,403
0,3275, get_prescription_medication,3286,stateless_query,28626.639,10721.505,502
0,3276, get_pharmacy_prescriptions,3287,stateless_query,26384.757,10250.685,381
0,3277, get_staff_prescriptions,3288,stateless_query,25430.657,9792.1,384
0,3278, create_prescription,3289,apply,3437.353,1328.789,462
0,3279, get_prescription_medication,3290,stateless_query,29541.095,11774.428,604
0,3280, get_pharmacy_prescriptions,3291,stateless_query,30128.421,12425.273,593
0,3281, get_prescription_medication,3292,stateless_query,27435.929,10200.161,564
0,3282, get_staff_prescriptions,3293,stateless_query,27479.669,10142.673,592
0,3283, get_prescription_medication,3294,stateless_query,27929.98,10808.055,388
0,3284, get_patient,3295,stateless_query,29624.812,40058.749,438
0,3285, get_prescription_medication,3296,stateless_query,26207.095,10288.083,540
0,3286, get_prescription_medication,3297,stateless_query,29046.223,11061.808,456
0,3287, get_prescription_medication,3298,stateless_query,28004.479,11268.444,416
0,3288, get_prescription,3299,stateless_query,28481.819,11693.687,401
0,3289, get_pharmacy_prescriptions,3300,stateless_query,28060.804,11364.833,389
0,3290, get_processed_pharmacy_prescriptions,3301,stateless_query,27618.108,10436.301,387
0,3291, update_prescription_medication,3302,apply,2618.275,722.378,416
0,3292, get_pharmacy_prescriptions,3303,stateless_query,26871.395,10105.153,387
0,3293, get_staff_prescriptions,3304,stateless_query,29553.669,10815.99,570
0,3294, create_prescription,3305,apply,3465.776,1437.823,506
0,3295, get_staff_prescriptions,3306,stateless_query,29976.789,11521.998,534
0,3296, get_processed_pharmacy_prescriptions,3307,stateless_query,27737.701,11053.834,414
0,3297, get_staff_prescriptions,3308,stateless_query,26359.731,10039.221,391
0,3298, get_pharmacy_prescriptions,3309,stateless_query,26475.015,10271.314,416
0,3299, create_prescription,3310,apply,3724.349,1312.188,356
0,3300, get_prescription_medication,3311,stateless_query,31130.852,14142.886,442
0,3301, get_patient,3312,stateless_query,27888.603,36668.404,408
0,3302, get_staff_prescriptions,3313,stateless_query,25802.902,10012.881,426
0,3303, get_pharmacy_prescriptions,3314,stateless_query,28314.597,10690.545,427
0,3304, get_prescription_medication,3315,stateless_query,28286.244,11554.317,395
0,3305, get_prescription_medication,3316,stateless_query,28326.249,10695.465,578
0,3306, get_patient,3317,stateless_query,29934.079,37764.749,575
0,3307, create_prescription,3318,apply,3833.803,1458.942,598
0,3308, get_prescription_medication,3319,stateless_query,28093.114,10667.342,580
0,3309, get_pharmacy_prescriptions,3320,stateless_query,29819.535,12032.84,491
0,3310, get_pharmacy_prescriptions,3321,stateless_query,27234.352,11562.752,415
0,3311, process_prescription,3322,apply,2901.844,958.658,275
0,3312, get_prescription,3323,stateless_query,26695.036,10167.078,565
0,3313, get_pharmacy_prescriptions,3324,stateless_query,26380.83,9977.275,398
0,3314, get_processed_pharmacy_prescriptions,3325,stateless_query,26401.408,9998.645,599
0,3315, get_pharmacy_prescriptions,3326,stateless_query,28745.381,11866.94,398
0,3316, get_pharmacy_prescriptions,3327,stateless_query,28138.449,10755.676,399
0,3317, get_prescription_medication,3328,stateless_query,28599.559,12313.935,466
0,3318, get_pharmacy_prescriptions,3329,stateless_query,26156.09,9960.844,479
0,3319, get_processed_pharmacy_prescriptions,3330,stateless_query,29925.743,11976.415,396
0,3320, get_processed_pharmacy_prescriptions,3331,stateless_query,27411.162,10665.73,411
0,3321, process_prescription,3332,apply,3677.681,1263.879,441
0,3322, get_pharmacy_prescriptions,3333,stateless_query,28003.457,11896.567,432
0,3323, get_prescription,3334,stateless_query,29213.405,11777.774,497
0,3324, get_staff_prescriptions,3335,stateless_query,28673.397,10374.496,391
0,3325, get_pharmacy_prescriptions,3336,stateless_query,28344.102,10270.563,608
0,3326, get_staff_prescriptions,3337,stateless_query,28803.92,10929.321,568
0,3327, get_prescription_medication,3338,stateless_query,29266.844,11669.011,398
0,3328, get_staff_prescriptions,3339,stateless_query,28285.433,11779.116,410
0,3329, get_processed_pharmacy_prescriptions,3340,stateless_query,26808.768,10058.416,393
0,3330, get_processed_pharmacy_prescriptions,3341,stateless_query,27107.455,10448.454,654
0,3331, get_processed_pharmacy_prescriptions,3342,stateless_query,27758.199,11829.199,439
0,3332, get_prescription_medication,3343,stateless_query,27627.285,11253.046,406
0,3333, get_prescription,3344,stateless_query,27218.051,10056.944,436
0,3334, get_prescription_medication,3345,stateless_query,28758.065,11630.179,604
0,3335, get_prescription_medication,3346,stateless_query,28953.63,11379.621,441
0,3336, get_pharmacy_prescriptions,3347,stateless_query,27730.728,9935.287,404
0,3337, get_prescription_medication,3348,stateless_query,27060.237,10462.591,537
0,3338, get_prescription_medication,3349,stateless_query,26480.405,10188.389,573
0,3339, process_prescription,3350,apply,3246.427,1255.092,274
0,3340, get_patient,3351,stateless_query,27599.183,36340.321,564
0,3341, update_prescription_medication,3352,apply,2574.574,787.178,302
0,3342, create_prescription,3353,apply,2657.438,1055.069,405
0,3343, process_prescription,3354,apply,2415.396,739.52,259
0,3344, get_staff_prescriptions,3355,stateless_query,28358.5,11686.144,423
0,3345, get_prescription_medication,3356,stateless_query,26443.867,10080.147,570
0,3346, get_prescription_medication,3357,stateless_query,28951.255,11784.157,407
0,3347, get_staff_prescriptions,3358,stateless_query,31009.325,12468.392,446
0,3348, get_pharmacy_prescriptions,3359,stateless_query,29208.595,11484.016,613
0,3349, get_pharmacy_prescriptions,3360,stateless_query,27314.041,10773.891,450
0,3350, get_prescription_medication,3361,stateless_query,26703.522,10158.231,447
0,3351, get_pharmacy_prescriptions,3362,stateless_query,30997.543,13470.122,403
0,3352, get_patient,3363,stateless_query,28218.458,37304.551,385
0,3353, get_prescription_medication,3364,stateless_query,29592.773,12312.902,391
0,3354, get_pharmacy_prescriptions,3365,stateless_query,27068.953,9990.891,406
0,3355, get_patient,3366,stateless_query,29841.436,39535.683,394
0,3356, process_prescription,3367,apply,2964.09,974.098,281
0,3357, create_prescription,3368,apply,2918.275,1108.518,323
0,3358, get_prescription_medication,3369,stateless_query,25758.829,10235.938,391
0,3359, create_prescription,3370,apply,3055.41,1116.153,343
0,3360, get_pharmacy_prescriptions,3371,stateless_query,26127.356,9957.668,409
0,3361, update_prescription_medication,3372,apply,2700.298,806.294,272
0,3362, get_pharmacy_prescriptions,3373,stateless_query,26414.402,9998.645,448
0,3363, get_staff_prescriptions,3374,stateless_query,28038.723,11487.372,455
0,3364, get_pharmacy_prescriptions,3375,stateless_query,30663.44,12938.991,608
0,3365, get_pharmacy_prescriptions,3376,stateless_query,29460.865,10999.572,507
0,3366, get_pharmacy_prescriptions,3377,stateless_query,28113.182,11660.265,398
0,3367, get_pharmacy_prescriptions,3378,stateless_query,29347.715,11140.385,394
0,3368, get_processed_pharmacy_prescriptions,3379,stateless_query,26430.592,10261.365,429
0,3369, get_pharmacy_prescriptions,3380,stateless_query,26990.296,10473.522,412
0,3370, get_prescription_medication,3381,stateless_query,28109.495,11062.92,463
0,3371, get_prescription_medication,3382,stateless_query,29187.286,11320.511,505
0,3372, create_prescription,3383,apply,2906.723,1050.65,347
0,3373, get_prescription_medication,3384,stateless_query,26707.439,10674.817,393
0,3374, get_staff_prescriptions,3385,stateless_query,28967.025,11120.277,406
0,3375, process_prescription,3386,apply,3115.413,1083.922,446
0,3376, get_prescription_medication,3387,stateless_query,28182.341,11899.722,439
0,3377, update_prescription_medication,3388,apply,2694.036,852.922,273
0,3378, update_prescription_medication,3389,apply,2443.979,750.32,306
0,3379, create_prescription,3390,apply,3376.579,1199.408,387
0,3380, get_pharmacy_prescriptions,3391,stateless_query,29599.374,13255.161,401
0,3381, get_processed_pharmacy_prescriptions,3392,stateless_query,29876.692,13482.896,406
0,3382, get_staff_prescriptions,3393,stateless_query,28490.786,12085.95,411
0,3383, get_pharmacy_prescriptions,3394,stateless_query,27498.214,10974.786,480
0,3384, get_pharmacy_prescriptions,3395,stateless_query,29386.458,12874.229,433
0,3385, process_prescription,3396,apply,2703.745,874.973,306
0,3386, get_processed_pharmacy_prescriptions,3397,stateless_query,30218.76,11341.089,439
0,3387, get_processed_pharmacy_prescriptions,3398,stateless_query,27294.925,10248.732,440
0,3388, process_prescription,3399,apply,3621.266,1074.305,272
0,3389, get_pharmacy_prescriptions,3400,stateless_query,29131.211,13050.719,413
0,3390, get_staff_prescriptions,3401,stateless_query,28744.58,11476.293,392
0,3391, get_prescription_medication,3402,stateless_query,26680.599,10334.862,481
0,3392, get_pharmacy_prescriptions,3403,stateless_query,26873.137,10365.92,439
0,3393, get_prescription_medication,3404,stateless_query,28412.791,11828.328,443
0,3394, get_pharmacy_prescriptions,3405,stateless_query,29872.123,12297.454,436
0,3395, get_prescription_medication,3406,stateless_query,28408.473,11099.067,533
0,3396, get_pharmacy_prescriptions,3407,stateless_query,27680.794,10796.583,462
0,3397, get_pharmacy_prescriptions,3408,stateless_query,29625.553,12058.267,393
0,3398, get_pharmacy_prescriptions,3409,stateless_query,26644.942,10344.65,418
0,3399, get_prescription_medication,3410,stateless_query,28181.238,10520.459,478
0,3400, create_prescription,3411,apply,3183.61,1128.856,394
0,3401, get_pharmacy_prescriptions,3412,stateless_query,33459.546,15138.054,559
0,3402, get_prescription_medication,3413,stateless_query,27519.845,10336.835,405
0,3403, get_pharmacy_prescriptions,3414,stateless_query,27105.051,10520.077,510
0,3404, get_prescription_medication,3415,stateless_query,27971.838,11278.853,436
0,3405, create_prescription,3416,apply,3527.231,1500.71,505
0,3406, get_pharmacy_prescriptions,3417,stateless_query,28107.13,10376.72,456
0,3407, get_processed_pharmacy_prescriptions,3418,stateless_query,29103.099,10725.11,614
0,3408, get_prescription_medication,3419,stateless_query,28842.683,11149.423,422
0,3409, get_prescription_medication,3420,stateless_query,29730.179,11508.913,559
0,3410, get_prescription_medication,3421,stateless_query,28410.736,11024.358,415
0,3411, get_processed_pharmacy_prescriptions,3422,stateless_query,28945.766,10675.357,571
0,3412, get_pharmacy_prescriptions,3423,stateless_query,29312.398,11405.048,565
0,3413, get_pharmacy_prescriptions,3424,stateless_query,27879.376,10568.197,402
0,3414, create_prescription,3425,apply,3189.431,1132.112,337
0,3415, get_pharmacy_prescriptions,3426,stateless_query,28551.36,11470.28,559
0,3416, get_staff_prescriptions,3427,stateless_query,27751.176,11405.449,424
0,3417, get_pharmacy_prescriptions,3428,stateless_query,27497.262,10447.642,403
0,3418, get_pharmacy_prescriptions,3429,stateless_query,27161.947,10506.122,416
0,3419, get_prescription,3430,stateless_query,27826.708,10222.562,626
0,3420, get_prescription_medication,3431,stateless_query,27190.079,10526.65,406
0,3421, update_prescription_medication,3432,apply,2815.053,1034.46,407
0,3422, get_prescription_medication,3433,stateless_query,27950.598,10605.377,562
0,3423, get_prescription_medication,3434,stateless_query,27840.112,10914.333,407
0,3424, process_prescription,3435,apply,2870.145,923.823,272
0,3425, get_pharmacy_prescriptions,3436,stateless_query,27465.223,11073.37,425
0,3426, get_pharmacy_prescriptions,3437,stateless_query,29001.088,10747.112,684
0,3427, get_patient,3438,stateless_query,27102.576,35305.471,405
0,3428, get_prescription_medication,3439,stateless_query,28623.574,10698.13,415
0,3429, get_prescription_medication,3440,stateless_query,29033.99,11145.324,419
0,3430, get_prescription_medication,3441,stateless_query,27049.407,10606.349,413
0,3431, get_staff_prescriptions,3442,stateless_query,27778.087,10345.052,404
0,3432, get_prescription,3443,stateless_query,27035.15,10571.944,410
0,3433, get_pharmacy_prescriptions,3444,stateless_query,29709.109,12412.158,404
0,3434, get_prescription_medication,3445,stateless_query,30809.923,13199.657,441
0,3435, get_prescription_medication,3446,stateless_query,28465.228,10387.25,597
0,3436, get_pharmacy_prescriptions,3447,stateless_query,28198.541,10855.244,444
0,3437, get_pharmacy_prescriptions,3448,stateless_query,27346.211,11013.418,425
0,3438, process_prescription,3449,apply,2617.193,844.175,285
0,3439, get_pharmacy_prescriptions,3450,stateless_query,26550.415,10203.687,439
0,3440, get_pharmacy_prescriptions,3451,stateless_query,26604.086,10294.927,410
0,3441, get_pharmacy_prescriptions,3452,stateless_query,26446.071,10236.499,474
0,3442, get_staff_prescriptions,3453,stateless_query,26715.774,10412.837,597
0,3443, get_prescription_medication,3454,stateless_query,26298.626,10122.096,400
0,3444, get_pharmacy_prescriptions,3455,stateless_query,26175.266,10203.366,417
0,3445, get_processed_pharmacy_prescriptions,3456,stateless_query,26392.291,10204.49,474
0,3446, get_pharmacy_prescriptions,3457,stateless_query,27677.65,11622.405,416
0,3447, get_pharmacy_prescriptions,3458,stateless_query,30457.536,13563.907,460
0,3448, get_staff_prescriptions,3459,stateless_query,31351.283,13082.708,498
0,3449, get_patient,3460,stateless_query,28431.416,37112.042,411
0,3450, get_pharmacy_prescriptions,3461,stateless_query,29733.285,11576.338,420
0,3451, get_prescription_medication,3462,stateless_query,29122.825,11150.474,403
0,3452, get_prescription_medication,3463,stateless_query,28276.146,11173.987,409
0,3453, get_staff_prescriptions,3464,stateless_query,28885.814,11604.951,594
0,3454, get_pharmacy_prescriptions,3465,stateless_query,27890.195,10827.11,619
0,3455, get_patient,3466,stateless_query,30232.085,38978.123,558
0,3456, get_prescription_medication,3467,stateless_query,28929.094,12311.591,634
0,3457, get_prescription_medication,3468,stateless_query,27772.025,10439.607,400
0,3458, create_prescription,3469,apply,3083.633,1173.228,422
0,3459, get_pharmacy_prescriptions,3470,stateless_query,27426.561,10523.343,401
0,3460, get_processed_pharmacy_prescriptions,3471,stateless_query,27423.314,10441.26,728
0,3461, get_prescription_medication,3472,stateless_query,27052.723,10675.948,580
0,3462, get_staff_prescriptions,3473,stateless_query,27670.015,10868.809,550
0,3463, get_prescription_medication,3474,stateless_query,27425.96,10497.496,413
0,3464, create_prescription,3475,apply,2867.71,1066.991,350
0,3465, process_prescription,3476,apply,2496.257,918.124,352
0,3466, get_pharmacy_prescriptions,3477,stateless_query,26487.328,10265.072,397
0,3467, process_prescription,3478,apply,2858.483,951.275,290
0,3468, get_prescription_medication,3479,stateless_query,27662.07,10756.79,436
0,3469, get_prescription_medication,3480,stateless_query,28646.236,10788.878,416
0,3470, get_pharmacy_prescriptions,3481,stateless_query,29139.697,12331.938,417
0,3471, get_pharmacy_prescriptions,3482,stateless_query,29796.763,12567.277,404
0,3472, get_staff_prescriptions,3483,stateless_query,28699.756,10642.255,576
0,3473, get_prescription_medication,3484,stateless_query,29986.757,11349.555,420
0,3474, process_prescription,3485,apply,2834.829,929.204,283
0,3475, get_prescription_medication,3486,stateless_query,29071.73,11754.551,540
0,3476, get_prescription_medication,3487,stateless_query,33160.609,13344.296,420
0,3477, get_prescription,3488,stateless_query,28037.861,10790.753,481
0,3478, get_prescription_medication,3489,stateless_query,27951.109,10568.047,484
0,3479, update_prescription_medication,3490,apply,2409.536,700.908,413
0,3480, get_pharmacy_prescriptions,3491,stateless_query,28729.381,10385.185,589
0,3481, get_prescription_medication,3492,stateless_query,27944.617,10647.505,404
0,3482, get_patient,3493,stateless_query,29242.85,38691.268,482
0,3483, create_prescription,3494,apply,2982.544,1219.366,338
0,3484, get_prescription_medication,3495,stateless_query,26978.736,10687.731,411
0,3485, create_prescription,3496,apply,3179.452,1208.224,397
0,3486, get_processed_pharmacy_prescriptions,3497,stateless_query,26911.269,10661.972,404
0,3487, get_processed_pharmacy_prescriptions,3498,stateless_query,29890.798,11992.945,627
0,3488, get_prescription_medication,3499,stateless_query,27243.109,10723.147,412
0,3489, get_staff_prescriptions,3500,stateless_query,27581.43,10622.359,509
0,3490, create_prescription,3501,apply,3367.773,1371.188,521
0,3491, get_staff_prescriptions,3502,stateless_query,31009.014,13187.845,529
0,3492, get_staff_prescriptions,3503,stateless_query,29006.198,10997.338,499
0,3493, get_patient,3504,stateless_query,26878.699,35255.167,428
0,3494, get_processed_pharmacy_prescriptions,3505,stateless_query,27017.077,10410.203,467
0,3495, get_prescription_medication,3506,stateless_query,27855.341,10781.436,429
0,3496, get_prescription_medication,3507,stateless_query,28603.516,11563.535,457
0,3497, get_staff_prescriptions,3508,stateless_query,28094.627,10855.664,408
0,3498, get_prescription,3509,stateless_query,28843.684,11700.399,449
0,3499, get_prescription_medication,3510,stateless_query,27270.881,10532.862,420
0,3500, get_pharmacy_prescriptions,3511,stateless_query,27694.801,10855.252,432
0,3501, create_prescription,3512,apply,3275.972,1440.297,616
0,3502, get_pharmacy_prescriptions,3513,stateless_query,27893.863,11098.467,440
0,3503, get_prescription_medication,3514,stateless_query,27361.799,10417.076,458
0,3504, get_prescription_medication,3515,stateless_query,26931.898,10341.074,588
0,3505, get_staff_prescriptions,3516,stateless_query,26561.677,10301.37,412
0,3506, get_processed_pharmacy_prescriptions,3517,stateless_query,27008.25,10401.667,478
0,3507, get_prescription_medication,3518,stateless_query,29164.463,10781.135,550
0,3508, get_pharmacy_prescriptions,3519,stateless_query,27774.89,11171.252,414
0,3509, get_processed_pharmacy_prescriptions,3520,stateless_query,30198.502,11408.917,446
0,3510, get_prescription_medication,3521,stateless_query,28429.211,11584.474,409
0,3511, get_prescription_medication,3522,stateless_query,30465.531,12049.972,418
0,3512, get_prescription_medication,3523,stateless_query,28541.451,11172.395,565
0,3513, update_prescription_medication,3524,apply,2842.383,842.532,316
0,3514, get_pharmacy_prescriptions,3525,stateless_query,27757.158,10676.049,441
0,3515, get_prescription,3526,stateless_query,28573.24,10773.36,456
0,3516, get_prescription,3527,stateless_query,28623.964,10604.266,416
0,3517, create_prescription,3528,apply,2986.472,1154.614,392
0,3518, get_prescription_medication,3529,stateless_query,31471.197,12219.528,415
0,3519, get_prescription,3530,stateless_query,28663.9,10827.3,554
0,3520, create_prescription,3531,apply,3627.538,1385.275,504
0,3521, get_patient,3532,stateless_query,29713.147,38033.991,407
0,3522, get_prescription,3533,stateless_query,29472.448,11706.822,474
0,3523, get_prescription_medication,3534,stateless_query,28559.445,11620.691,445
0,3524, get_prescription_medication,3535,stateless_query,27724.266,10650.471,416
0,3525, get_prescription_medication,3536,stateless_query,29833.171,11982.346,431
0,3526, get_prescription,3537,stateless_query,29634.81,11518.681,434
0,3527, get_patient,3538,stateless_query,27527.369,35978.707,411
0,3528, update_prescription_medication,3539,apply,2639.425,839.116,328
0,3529, get_prescription_medication,3540,stateless_query,27517.861,10548.39,396
0,3530, get_prescription_medication,3541,stateless_query,28387.774,11551.471,414
0,3531, get_pharmacy_prescriptions,3542,stateless_query,30773.165,13063.503,484
0,3532, get_patient,3543,stateless_query,29254.351,38614.385,578
0,3533, get_staff_prescriptions,3544,stateless_query,31234.174,11020.461,627
0,3534, get_prescription_medication,3545,stateless_query,31807.694,14328.283,531
0,3535, get_staff_prescriptions,3546,stateless_query,29441.52,11616.023,451
0,3536, get_prescription_medication,3547,stateless_query,32540.011,14942.718,598
0,3537, get_prescription_medication,3548,stateless_query,27461.967,10727.565,427
0,3538, get_staff_prescriptions,3549,stateless_query,27765.253,10610.586,620
0,3539, get_prescription_medication,3550,stateless_query,27347.853,10738.585,440
0,3540, get_pharmacy_prescriptions,3551,stateless_query,29174.292,11250.59,413
0,3541, get_processed_pharmacy_prescriptions,3552,stateless_query,28370.271,10666.17,422
0,3542, get_prescription,3553,stateless_query,28246.471,11431.087,431
0,3543, get_pharmacy_prescriptions,3554,stateless_query,28365.643,10923.45,598
0,3544, get_pharmacy_prescriptions,3555,stateless_query,28104.205,11314.84,431
0,3545, get_pharmacy_prescriptions,3556,stateless_query,27708.758,10778.12,420
0,3546, get_staff_prescriptions,3557,stateless_query,27074.735,10529.876,426
0,3547, get_staff_prescriptions,3558,stateless_query,27791.692,10862.898,419
0,3548, update_prescription_medication,3559,apply,2687.904,920.989,300
0,3549, get_pharmacy_prescriptions,3560,stateless_query,27380.795,10477.178,401
0,3550, get_prescription_medication,3561,stateless_query,27764.271,10691.899,524
0,3551, update_prescription_medication,3562,apply,2556.649,601.583,270
0,3552, get_patient,3563,stateless_query,29018.591,38096.979,525
0,3553, get_pharmacy_prescriptions,3564,stateless_query,27940.991,10640.323,460
0,3554, get_prescription_medication,3565,stateless_query,27297.65,10556.496,491
0,3555, get_prescription_medication,3566,stateless_query,29643.717,11576.279,442
0,3556, get_prescription_medication,3567,stateless_query,27990.803,10737.013,443
0,3557, get_prescription_medication,3568,stateless_query,32554.889,13365.887,620
0,3558, create_prescription,3569,apply,3277.515,1202.023,410
0,3559, get_processed_pharmacy_prescriptions,3570,stateless_query,30457.906,12728.709,414
0,3560, get_processed_pharmacy_prescriptions,3571,stateless_query,30083.087,11488.855,547
0,3561, process_prescription,3572,apply,2924.547,1049.107,300
0,3562, get_processed_pharmacy_prescriptions,3573,stateless_query,28396.13,11520.494,509
0,3563, get_prescription_medication,3574,stateless_query,28647.899,11224.232,487
0,3564, get_pharmacy_prescriptions,3575,stateless_query,30349.373,13375.434,446
0,3565, get_processed_pharmacy_prescriptions,3576,stateless_query,30199.705,12583.578,611
0,3566, get_prescription_medication,3577,stateless_query,29107.737,11524.061,424
0,3567, get_staff_prescriptions,3578,stateless_query,30909.609,11486.761,472
0,3568, get_prescription_medication,3579,stateless_query,29113.078,11266.25,432
0,3569, process_prescription,3580,apply,2742.417,883.649,273
0,3570, get_pharmacy_prescriptions,3581,stateless_query,29375.537,11031.702,415
0,3571, get_staff_prescriptions,3582,stateless_query,31646.384,11950.577,426
0,3572, get_processed_pharmacy_prescriptions,3583,stateless_query,28881.845,11527.517,442
0,3573, get_processed_pharmacy_prescriptions,3584,stateless_query,29676.789,12418.441,432
0,3574, get_prescription_medication,3585,stateless_query,31997.659,13322.847,561
0,3575, get_staff_prescriptions,3586,stateless_query,27758.249,10753.102,442
0,3576, get_prescription_medication,3587,stateless_query,27498.024,10618.833,434
0,3577, get_prescription,3588,stateless_query,28194.223,11535.843,419
0,3578, get_processed_pharmacy_prescriptions,3589,stateless_query,29499.598,11943.304,473
0,3579, create_prescription,3590,apply,3226.911,1293.103,337
0,3580, get_processed_pharmacy_prescriptions,3591,stateless_query,30012.064,12853.501,405
0,3581, create_prescription,3592,apply,3624.382,1137.001,336
0,3582, get_staff_prescriptions,3593,stateless_query,29404.421,12357.787,425
0,3583, get_pharmacy_prescriptions,3594,stateless_query,30483.785,12498.077,416
0,3584, update_prescription_medication,3595,apply,2664.662,785.375,283
0,3585, get_pharmacy_prescriptions,3596,stateless_query,31105.133,13434.846,440
0,3586, get_pharmacy_prescriptions,3597,stateless_query,29119.359,11423.253,423
0,3587, create_prescription,3598,apply,3020.816,1157.66,345
0,3588, get_prescription_medication,3599,stateless_query,28641.778,11098.798,419
0,3589, get_prescription_medication,3600,stateless_query,33046.266,13235.785,497
0,3590, get_staff_prescriptions,3601,stateless_query,30278.261,12095.848,435
0,3591, create_prescription,3602,apply,3345.031,1149.034,339
0,3592, get_prescription_medication,3603,stateless_query,30235.922,11701.792,419
0,3593, get_prescription_medication,3604,stateless_query,28436.515,11104.007,425
0,3594, get_pharmacy_prescriptions,3605,stateless_query,30027.443,11932.994,412
0,3595, get_pharmacy_prescriptions,3606,stateless_query,30935.327,12964.757,596
0,3596, create_prescription,3607,apply,2912.073,1117.986,338
0,3597, get_pharmacy_prescriptions,3608,stateless_query,30073.54,13286.66,420
0,3598, get_patient,3609,stateless_query,28207.638,36958.946,482
0,3599, create_prescription,3610,apply,3172.389,1289.606,526
0,3600, get_prescription_medication,3611,stateless_query,31759.474,13823.29,439
0,3601, get_pharmacy_prescriptions,3612,stateless_query,30752.416,12441.583,515
0,3602, get_patient,3613,stateless_query,30927.202,40209.25,540
0,3603, update_prescription_medication,3614,apply,2694.337,825.461,512
0,3604, get_prescription,3615,stateless_query,28122.599,10658.256,604
0,3605, get_pharmacy_prescriptions,3616,stateless_query,27397.266,10650.131,433
0,3606, get_pharmacy_prescriptions,3617,stateless_query,29155.857,11636.982,448
0,3607, get_pharmacy_prescriptions,3618,stateless_query,31316.769,12506.544,459
0,3608, update_prescription_medication,3619,apply,2569.564,779.334,288
0,3609, get_pharmacy_prescriptions,3620,stateless_query,31136.853,12743.516,424
0,3610, get_pharmacy_prescriptions,3621,stateless_query,30508.21,11764.27,435
0,3611, get_staff_prescriptions,3622,stateless_query,27930.37,10760.266,436
0,3612, get_staff_prescriptions,3623,stateless_query,29014.413,10914.283,431
0,3613, get_prescription_medication,3624,stateless_query,30766.462,13432.942,424
0,3614, get_pharmacy_prescriptions,3625,stateless_query,31575.672,11265.317,417
0,3615, get_pharmacy_prescriptions,3626,stateless_query,30768.445,12298.516,643
0,3616, process_prescription,3627,apply,3039.08,1102.677,419
0,3617, update_prescription_medication,3628,apply,2445.082,858.331,393
0,3618, create_prescription,3629,apply,2431.436,932.83,324
0,3619, create_prescription,3630,apply,2258.594,862.78,314
0,3620, process_prescription,3631,apply,2275.907,746.042,298
0,3621, get_staff_prescriptions,3632,stateless_query,32245.902,13553.848,636
0,3622, create_prescription,3633,apply,3166.518,1175.282,414
0,3623, get_patient,3634,stateless_query,31655.701,42811.323,581
0,3624, update_prescription_medication,3635,apply,2614.708,822.054,308
0,3625, get_staff_prescriptions,3636,stateless_query,28588.909,11154.472,413
0,3626, get_prescription_medication,3637,stateless_query,31479.462,12303.895,460
0,3627, create_prescription,3638,apply,3137.343,1188.528,380
0,3628, get_staff_prescriptions,3639,stateless_query,31714.381,13335.189,630
0,3629, get_pharmacy_prescriptions,3640,stateless_query,30550.769,11552.464,507
0,3630, get_prescription_medication,3641,stateless_query,29248.489,11350.788,426
0,3631, get_processed_pharmacy_prescriptions,3642,stateless_query,33741.984,14811.575,659
0,3632, get_staff_prescriptions,3643,stateless_query,30175.9,11803.913,500
0,3633, get_prescription_medication,3644,stateless_query,30457.976,11672.047,621
0,3634, get_prescription_medication,3645,stateless_query,30149.291,11296.496,474
0,3635, get_patient,3646,stateless_query,28800.885,37935.306,447
0,3636, get_prescription_medication,3647,stateless_query,29069.696,11255.831,651
0,3637, get_pharmacy_prescriptions,3648,stateless_query,28950.544,11252.645,503
0,3638, get_pharmacy_prescriptions,3649,stateless_query,30587.518,12027.6,668
0,3639, get_pharmacy_prescriptions,3650,stateless_query,31225.118,13210.999,490
0,3640, get_processed_pharmacy_prescriptions,3651,stateless_query,29475.143,12146.813,426
0,3641, get_pharmacy_prescriptions,3652,stateless_query,32390.392,11629.898,432
0,3642, get_staff_prescriptions,3653,stateless_query,30485.388,11919.559,472
0,3643, create_prescription,3654,apply,3202.084,1196.342,376
0,3644, get_staff_prescriptions,3655,stateless_query,31981.619,11955.817,678
0,3645, get_prescription,3656,stateless_query,30341.159,12655.723,428
0,3646, get_patient,3657,stateless_query,33109.674,44111.951,536
0,3647, get_prescription_medication,3658,stateless_query,30170.82,11239.09,496
0,3648, get_processed_pharmacy_prescriptions,3659,stateless_query,30212.799,12060.212,442
0,3649, create_prescription,3660,apply,3272.035,1305.225,513
0,3650, get_staff_prescriptions,3661,stateless_query,31393.211,13491.031,421
0,3651, get_pharmacy_prescriptions,3662,stateless_query,32013.779,13905.705,437
0,3652, get_prescription_medication,3663,stateless_query,31824.125,13205.187,450
0,3653, create_prescription,3664,apply,3191.825,1385.375,652
0,3654, get_prescription_medication,3665,stateless_query,31585.44,12361.955,640
0,3655, get_staff_prescriptions,3666,stateless_query,33009.978,13723.986,681
0,3656, get_prescription_medication,3667,stateless_query,34400.252,14503.089,484
0,3657, get_pharmacy_prescriptions,3668,stateless_query,29381.087,11300.825,515
0,3658, get_prescription_medication,3669,stateless_query,29403.819,11916.302,473
0,3659, get_patient,3670,stateless_query,28751.964,37705.649,430
0,3660, create_prescription,3671,apply,3500.49,1263.878,340
0,3661, get_processed_pharmacy_prescriptions,3672,stateless_query,30452.547,11994.437,561
0,3662, get_prescription_medication,3673,stateless_query,28532.053,11026.764,454
0,3663, create_prescription,3674,apply,3156.98,1114.81,357
0,3664, get_prescription_medication,3675,stateless_query,31907.151,13636.522,423
0,3665, get_pharmacy_prescriptions,3676,stateless_query,32900.524,12214.088,713
0,3666, update_prescription_medication,3677,apply,2755.441,936.858,399
0,3667, get_prescription_medication,3678,stateless_query,29340.932,11311.734,530
0,3668, create_prescription,3679,apply,2971.344,1232.94,526
0,3669, get_prescription_medication,3680,stateless_query,30939.294,11885.305,653
0,3670, get_prescription_medication,3681,stateless_query,32317.927,12638.671,622
0,3671, create_prescription,3682,apply,3434.037,1426.832,535
0,3672, get_pharmacy_prescriptions,3683,stateless_query,33192.058,13755.595,657
0,3673, get_pharmacy_prescriptions,3684,stateless_query,28876.065,11521.015,441
0,3674, get_processed_pharmacy_prescriptions,3685,stateless_query,32280.336,12953.047,510
0,3675, get_pharmacy_prescriptions,3686,stateless_query,30547.434,11485.77,683
0,3676, get_prescription_medication,3687,stateless_query,30776.361,12517.634,584
0,3677, get_staff_prescriptions,3688,stateless_query,30361.486,12001.221,579
0,3678, get_patient,3689,stateless_query,29960.919,39336.061,665
0,3679, get_staff_prescriptions,3690,stateless_query,31748.775,13253.036,452
0,3680, get_patient,3691,stateless_query,30477.683,40852.811,448
0,3681, get_pharmacy_prescriptions,3692,stateless_query,32753.168,13408.837,448
0,3682, get_prescription_medication,3693,stateless_query,30192.33,12608.344,519
0,3683, get_pharmacy_prescriptions,3694,stateless_query,30328.195,12517.434,436
0,3684, create_prescription,3695,apply,3797.185,1348.666,358
0,3685, get_prescription_medication,3696,stateless_query,30082.706,11883.431,496
0,3686, get_pharmacy_prescriptions,3697,stateless_query,31696.838,13042.474,448
0,3687, get_pharmacy_prescriptions,3698,stateless_query,30467.133,11071.697,535
0,3688, get_prescription_medication,3699,stateless_query,29411.364,11486.181,530
0,3689, get_pharmacy_prescriptions,3700,stateless_query,31978.073,13065.116,451
0,3690, update_prescription_medication,3701,apply,3041.374,943.299,379
0,3691, get_processed_pharmacy_prescriptions,3702,stateless_query,34847.507,15292.992,679
0,3692, process_prescription,3703,apply,2658.58,880.343,303
0,3693, process_prescription,3704,apply,2628.535,853.162,312
0,3694, get_pharmacy_prescriptions,3705,stateless_query,30305.792,11471.132,451
0,3695, update_prescription_medication,3706,apply,3437.202,1148.072,416
0,3696, get_pharmacy_prescriptions,3707,stateless_query,30406.861,12218.205,480
0,3697, get_processed_pharmacy_prescriptions,3708,stateless_query,30639.906,11582.42,639
0,3698, get_prescription_medication,3709,stateless_query,36716.563,14670.08,441
0,3699, get_pharmacy_prescriptions,3710,stateless_query,31970.969,12441.884,445
0,3700, get_pharmacy_prescriptions,3711,stateless_query,31915.957,12881.865,659
0,3701, get_pharmacy_prescriptions,3712,stateless_query,30234.7,11282.71,617
0,3702, get_pharmacy_prescriptions,3713,stateless_query,29080.345,11159.371,496
0,3703, get_pharmacy_prescriptions,3714,stateless_query,30081.283,11526.144,463
0,3704, get_prescription_medication,3715,stateless_query,28513.258,11258.476,443
0,3705, get_prescription_medication,3716,stateless_query,28500.835,11120.388,443
0,3706, get_pharmacy_prescriptions,3717,stateless_query,28499.713,11034.027,451
0,3707, get_pharmacy_prescriptions,3718,stateless_query,30569.084,12986.419,454
0,3708, get_pharmacy_prescriptions,3719,stateless_query,31741.681,12297.734,441
0,3709, process_prescription,3720,apply,3368.955,1078.232,271
0,3710, get_pharmacy_prescriptions,3721,stateless_query,29304.435,11867.472,428
0,3711, get_prescription_medication,3722,stateless_query,31917.058,12087.894,641
0,3712, get_prescription_medication,3723,stateless_query,31088.854,11526.365,501
0,3713, create_prescription,3724,apply,2981.262,1111.844,341
0,3714, get_pharmacy_prescriptions,3725,stateless_query,32227.869,12382.403,608
0,3715, get_prescription_medication,3726,stateless_query,32506.358,12647.827,452
0,3716, get_prescription_medication,3727,stateless_query,29287.924,11918.106,444
0,3717, get_pharmacy_prescriptions,3728,stateless_query,29422.995,11230.273,518
0,3718, get_patient,3729,stateless_query,31349.239,41107.575,464
0,3719, get_pharmacy_prescriptions,3730,stateless_query,32014.31,12511.944,438
0,3720, update_prescription_medication,3731,apply,3021.487,1078.863,405
0,3721, get_patient,3732,stateless_query,32021.483,42483.322,471
0,3722, get_prescription_medication,3733,stateless_query,30263.704,11545.842,511
0,3723, get_pharmacy_prescriptions,3734,stateless_query,33376.451,13227.137,505
0,3724, get_processed_pharmacy_prescriptions,3735,stateless_query,31628.73,13150.034,470
0,3725, get_prescription_medication,3736,stateless_query,33086.701,14747.284,521
0,3726, get_pharmacy_prescriptions,3737,stateless_query,29624.441,11853.576,503
0,3727, get_patient,3738,stateless_query,30788.653,41162.838,694
0,3728, get_staff_prescriptions,3739,stateless_query,33521.573,12437.285,703
0,3729, get_pharmacy_prescriptions,3740,stateless_query,31132.425,12925.906,448
0,3730, create_prescription,3741,apply,3206.211,1367.141,519
0,3731, get_patient,3742,stateless_query,32208.172,43603.141,650
0,3732, create_prescription,3743,apply,3119.45,1239.042,407
0,3733, get_staff_prescriptions,3744,stateless_query,30689.479,12341.256,595
0,3734, get_processed_pharmacy_prescriptions,3745,stateless_query,31516.572,12779.082,480
0,3735, get_pharmacy_prescriptions,3746,stateless_query,38951.112,17277.014,616
0,3736, get_prescription_medication,3747,stateless_query,33527.494,12963.867,453
0,3737, get_prescription,3748,stateless_query,33037.619,13081.376,540
0,3738, get_pharmacy_prescriptions,3749,stateless_query,32865.038,12926.828,661
0,3739, get_prescription,3750,stateless_query,30094.709,11689.259,528
0,3740, process_prescription,3751,apply,2897.576,1075.957,325
0,3741, get_prescription_medication,3752,stateless_query,29464.153,11826.495,483
0,3742, get_pharmacy_prescriptions,3753,stateless_query,30947.599,12189.442,676
0,3743, get_prescription_medication,3754,stateless_query,30871.769,12415.975,482
0,3744, get_pharmacy_prescriptions,3755,stateless_query,33715.944,14051.075,681
0,3745, get_pharmacy_prescriptions,3756,stateless_query,31051.113,11875.546,625
0,3746, get_prescription_medication,3757,stateless_query,33762.992,12878.857,486
0,3747, get_pharmacy_prescriptions,3758,stateless_query,33052.097,12965.27,723
0,3748, get_patient,3759,stateless_query,30469.588,39914.219,449
0,3749, get_pharmacy_prescriptions,3760,stateless_query,30952.088,11651.138,698
0,3750, update_prescription_medication,3761,apply,2604.369,743.337,442
0,3751, get_prescription_medication,3762,stateless_query,32785.539,14326.048,445
0,3752, get_processed_pharmacy_prescriptions,3763,stateless_query,33455.36,12641.135,653
0,3753, get_processed_pharmacy_prescriptions,3764,stateless_query,31328.13,13284.285,466
0,3754, create_prescription,3765,apply,3210.48,1358.875,523
0,3755, get_prescription_medication,3766,stateless_query,30965.514,12226.541,593
0,3756, get_prescription,3767,stateless_query,30474.788,12536.53,448
0,3757, get_prescription_medication,3768,stateless_query,31023.602,12447.914,453
0,3758, get_pharmacy_prescriptions,3769,stateless_query,30530.722,11700.129,464
0,3759, get_pharmacy_prescriptions,3770,stateless_query,36262.446,13606.487,456
0,3760, get_pharmacy_prescriptions,3771,stateless_query,33496.817,14339.854,502
0,3761, process_prescription,3772,apply,2832.895,878.95,272
0,3762, get_pharmacy_prescriptions,3773,stateless_query,28889.97,11283.362,449
0,3763, get_staff_prescriptions,3774,stateless_query,32508.964,12778.06,676
0,3764, get_pharmacy_prescriptions,3775,stateless_query,30031.461,11594.602,709
0,3765, get_staff_prescriptions,3776,stateless_query,31433.467,11970.163,670
0,3766, get_prescription_medication,3777,stateless_query,30856.75,12842.851,531
0,3767, get_prescription_medication,3778,stateless_query,30276.408,12396.237,453
0,3768, get_pharmacy_prescriptions,3779,stateless_query,32371.206,13209.776,595
0,3769, get_pharmacy_prescriptions,3780,stateless_query,30004.981,11409.567,604
0,3770, get_pharmacy_prescriptions,3781,stateless_query,30920.109,12612.291,470
0,3771, get_staff_prescriptions,3782,stateless_query,32146.036,11973.57,612
0,3772, update_prescription_medication,3783,apply,3036.866,920.167,293
0,3773, get_pharmacy_prescriptions,3784,stateless_query,30357.158,12204.821,436
0,3774, create_prescription,3785,apply,3223.233,1199.989,377
0,3775, get_prescription_medication,3786,stateless_query,32101.422,12710.725,565
0,3776, create_prescription,3787,apply,2910.129,1111.924,383
0,3777, get_prescription_medication,3788,stateless_query,29387.98,11454.431,440
0,3778, get_prescription,3789,stateless_query,31178.922,11958.832,682
0,3779, get_pharmacy_prescriptions,3790,stateless_query,31980.837,12299.126,623
0,3780, get_prescription_medication,3791,stateless_query,30310.151,11871.27,444
0,3781, get_prescription_medication,3792,stateless_query,35275.965,14655.444,681
0,3782, get_pharmacy_prescriptions,3793,stateless_query,31898.173,12760.357,573
0,3783, get_prescription_medication,3794,stateless_query,32196.51,12313.033,713
0,3784, get_staff_prescriptions,3795,stateless_query,33077.975,13338.165,640
0,3785, get_prescription_medication,3796,stateless_query,30054.834,11536.454,470
0,3786, process_prescription,3797,apply,3221.14,982.092,285
0,3787, get_pharmacy_prescriptions,3798,stateless_query,29921.947,11484.997,526
0,3788, get_processed_pharmacy_prescriptions,3799,stateless_query,29789.569,11753.159,508
0,3789, get_staff_prescriptions,3800,stateless_query,31939.23,11834.62,630
0,3790, get_prescription_medication,3801,stateless_query,29633.028,11719.195,485
0,3791, get_pharmacy_prescriptions,3802,stateless_query,32421.129,12866.686,712
0,3792, get_patient,3803,stateless_query,31085.397,41785.259,449
0,3793, get_pharmacy_prescriptions,3804,stateless_query,29519.976,11474.799,460
0,3794, create_prescription,3805,apply,2990.861,1152.671,358
0,3795, get_processed_pharmacy_prescriptions,3806,stateless_query,32662.109,13440.687,504
0,3796, get_pharmacy_prescriptions,3807,stateless_query,36027.719,14462.082,699
0,3797, get_processed_pharmacy_prescriptions,3808,stateless_query,32552.173,12880.01,458
0,3798, get_prescription_medication,3809,stateless_query,32970.514,11583.321,680
0,3799, get_pharmacy_prescriptions,3810,stateless_query,31203.477,12158.555,716
0,3800, get_processed_pharmacy_prescriptions,3811,stateless_query,33772.621,13139.625,682
0,3801, get_pharmacy_prescriptions,3812,stateless_query,30738.31,12734.791,497
0,3802, get_prescription_medication,3813,stateless_query,33089.196,14163.094,478
0,3803, create_prescription,3814,apply,3120.843,1228.272,337
0,3804, get_staff_prescriptions,3815,stateless_query,30089.209,11964.633,563
0,3805, create_prescription,3816,apply,3134.028,1257.025,525
0,3806, get_staff_prescriptions,3817,stateless_query,29972.711,11782.813,455
0,3807, get_pharmacy_prescriptions,3818,stateless_query,31252.138,12713.881,644
0,3808, get_prescription_medication,3819,stateless_query,31424.36,12268.439,470
0,3809, get_prescription_medication,3820,stateless_query,33889.719,14476.039,487
0,3810, update_prescription_medication,3821,apply,2918.976,960.292,271
0,3811, get_prescription_medication,3822,stateless_query,33375.77,12392.601,523
0,3812, create_prescription,3823,apply,3926.226,1636.143,580
0,3813, get_pharmacy_prescriptions,3824,stateless_query,30337.742,11893.119,451
0,3814, create_prescription,3825,apply,2968.338,1096.014,337
0,3815, get_prescription_medication,3826,stateless_query,34201.09,13376.075,665
0,3816, get_pharmacy_prescriptions,3827,stateless_query,33251.568,13796.36,493
0,3817, get_prescription,3828,stateless_query,33244.516,12994.845,681
0,3818, get_prescription,3829,stateless_query,32440.034,13262.895,497
0,3819, create_prescription,3830,apply,3488.869,1516.74,372
0,3820, get_prescription_medication,3831,stateless_query,33567.648,13746.407,594
0,3821, get_prescription_medication,3832,stateless_query,30663.16,11628.776,485
0,3822, create_prescription,3833,apply,3560.122,1547.337,547
0,3823, get_pharmacy_prescriptions,3834,stateless_query,30553.073,11858.114,442
0,3824, get_processed_pharmacy_prescriptions,3835,stateless_query,32500.697,13004.933,463
0,3825, get_prescription_medication,3836,stateless_query,31544.714,11911.904,475
0,3826, get_pharmacy_prescriptions,3837,stateless_query,31972.171,12204.641,461
0,3827, get_prescription,3838,stateless_query,30252.042,11651.579,453
0,3828, process_prescription,3839,apply,3189.01,1074.955,419
0,3829, get_staff_prescriptions,3840,stateless_query,31658.196,12919.805,657
0,3830, get_prescription_medication,3841,stateless_query,31013.162,11552.884,828
0,3831, get_prescription_medication,3842,stateless_query,30415.437,12099.796,561
0,3832, get_prescription_medication,3843,stateless_query,29302.36,11525.023,462
0,3833, get_prescription_medication,3844,stateless_query,33030.446,13499.948,569
0,3834, get_staff_prescriptions,3845,stateless_query,29763.661,11559.476,452
0,3835, process_prescription,3846,apply,2766.351,961.474,362
0,3836, get_pharmacy_prescriptions,3847,stateless_query,32643.143,11927.122,701
0,3837, create_prescription,3848,apply,3722.204,1434.115,479
0,3838, get_staff_prescriptions,3849,stateless_query,31904.585,11967.278,441
0,3839, get_prescription,3850,stateless_query,32834.51,13107.344,688
0,3840, create_prescription,3851,apply,3137.684,1247.769,342
0,3841, get_pharmacy_prescriptions,3852,stateless_query,31236.81,12342.006,632
0,3842, get_prescription,3853,stateless_query,31723.096,12269.172,585
0,3843, create_prescription,3854,apply,3422.095,1552.316,517
0,3844, get_processed_pharmacy_prescriptions,3855,stateless_query,31664.147,12457.923,563
0,3845, get_prescription_medication,3856,stateless_query,32526.216,13174.64,555
0,3846, get_prescription_medication,3857,stateless_query,33684.616,12994.254,720
0,3847, get_prescription_medication,3858,stateless_query,34104.369,12716.656,737
0,3848, get_staff_prescriptions,3859,stateless_query,30819.17,11718.444,567
0,3849, get_processed_pharmacy_prescriptions,3860,stateless_query,32039.077,12925.536,474
0,3850, get_prescription_medication,3861,stateless_query,32977.457,12747.254,689
0,3851, get_prescription_medication,3862,stateless_query,32047.773,12480.856,467
0,3852, get_patient,3863,stateless_query,32596.496,42607.644,522
0,3853, get_staff_prescriptions,3864,stateless_query,32711.0,13768.337,467
0,3854, get_prescription_medication,3865,stateless_query,31742.143,12189.843,571
0,3855, get_pharmacy_prescriptions,3866,stateless_query,31291.201,11931.951,483
0,3856, get_staff_prescriptions,3867,stateless_query,32850.981,12453.105,483
0,3857, get_prescription_medication,3868,stateless_query,33394.786,12798.649,462
0,3858, get_prescription_medication,3869,stateless_query,30699.317,11635.689,469
0,3859, process_prescription,3870,apply,3519.666,1133.144,382
0,3860, get_staff_prescriptions,3871,stateless_query,34394.962,14193.441,475
0,3861, get_prescription_medication,3872,stateless_query,30891.245,11795.797,693
0,3862, get_processed_pharmacy_prescriptions,3873,stateless_query,32452.117,12219.057,767
0,3863, update_prescription_medication,3874,apply,3336.936,1120.721,275
0,3864, get_pharmacy_prescriptions,3875,stateless_query,31767.029,12954.37,608
0,3865, create_prescription,3876,apply,3040.212,1188.087,423
0,3866, get_processed_pharmacy_prescriptions,3877,stateless_query,31457.171,12076.913,538
0,3867, get_prescription_medication,3878,stateless_query,30433.19,11791.88,535
0,3868, get_prescription_medication,3879,stateless_query,30255.208,11660.216,482
0,3869, process_prescription,3880,apply,3072.182,916.69,276
0,3870, get_pharmacy_prescriptions,3881,stateless_query,30108.354,11678.579,697
0,3871, get_processed_pharmacy_prescriptions,3882,stateless_query,31219.207,12855.815,481
0,3872, get_prescription,3883,stateless_query,31531.87,11785.098,454
0,3873, create_prescription,3884,apply,3021.117,1226.829,524
0,3874, get_pharmacy_prescriptions,3885,stateless_query,32651.468,13251.614,686
0,3875, update_prescription_medication,3886,apply,2707.221,836.29,269
0,3876, get_staff_prescriptions,3887,stateless_query,34593.332,14903.797,725
0,3877, get_prescription_medication,3888,stateless_query,32206.139,12373.967,535
0,3878, process_prescription,3889,apply,2957.788,1051.823,418
0,3879, get_pharmacy_prescriptions,3890,stateless_query,31731.172,12096.478,572
0,3880, get_staff_prescriptions,3891,stateless_query,33132.246,14344.925,706
0,3881, get_staff_prescriptions,3892,stateless_query,32615.402,12026.959,726
0,3882, get_pharmacy_prescriptions,3893,stateless_query,31041.074,11933.795,573
0,3883, get_staff_prescriptions,3894,stateless_query,33043.17,14197.158,505
0,3884, get_processed_pharmacy_prescriptions,3895,stateless_query,32722.762,13556.123,480
0,3885, create_prescription,3896,apply,3103.841,1272.284,430
0,3886, get_pharmacy_prescriptions,3897,stateless_query,33236.32,12432.526,727
0,3887, get_staff_prescriptions,3898,stateless_query,34851.244,14059.06,686
0,3888, get_prescription_medication,3899,stateless_query,34918.659,14791.588,534
0,3889, get_prescription_medication,3900,stateless_query,33699.314,13802.141,533
0,3890, get_prescription_medication,3901,stateless_query,33086.12,14323.684,488
0,3891, get_staff_prescriptions,3902,stateless_query,32385.001,12382.462,530
0,3892, get_staff_prescriptions,3903,stateless_query,33346.055,13163.951,752
0,3893, get_pharmacy_prescriptions,3904,stateless_query,30794.725,11802.3,467
0,3894, create_prescription,3905,apply,3041.154,1130.799,342
0,3895, create_prescription,3906,apply,2622.664,942.288,339
0,3896, get_patient,3907,stateless_query,32033.537,44288.501,484
0,3897, create_prescription,3908,apply,2830.581,1060.399,334
0,3898, get_pharmacy_prescriptions,3909,stateless_query,30555.699,11803.552,693
0,3899, get_staff_prescriptions,3910,stateless_query,33315.027,13180.502,709
0,3900, get_pharmacy_prescriptions,3911,stateless_query,33412.76,13681.246,715
0,3901, get_pharmacy_prescriptions,3912,stateless_query,31972.853,11857.613,476
0,3902, get_patient,3913,stateless_query,31907.14,41692.807,480
0,3903, get_pharmacy_prescriptions,3914,stateless_query,32707.614,12491.516,732
0,3904, get_prescription_medication,3915,stateless_query,35294.44,14918.133,463
0,3905, get_prescription_medication,3916,stateless_query,33519.599,12314.325,641
0,3906, get_staff_prescriptions,3917,stateless_query,30564.636,11911.033,473
0,3907, get_pharmacy_prescriptions,3918,stateless_query,30428.582,11674.301,473
0,3908, update_prescription_medication,3919,apply,2596.084,787.329,277
0,3909, get_pharmacy_prescriptions,3920,stateless_query,33016.75,13123.274,680
0,3910, get_prescription,3921,stateless_query,31937.327,12692.431,498
0,3911, get_prescription_medication,3922,stateless_query,31887.003,12903.203,487
0,3912, get_processed_pharmacy_prescriptions,3923,stateless_query,34018.59,14068.468,485
0,3913, create_prescription,3924,apply,4111.37,1785.602,535
0,3914, create_prescription,3925,apply,3014.795,1145.828,396
0,3915, get_pharmacy_prescriptions,3926,stateless_query,35161.081,15295.559,687
0,3916, get_prescription_medication,3927,stateless_query,32677.167,12386.579,528
0,3917, get_prescription_medication,3928,stateless_query,32880.205,12866.295,495
0,3918, get_patient,3929,stateless_query,33421.126,44222.357,739
0,3919, get_pharmacy_prescriptions,3930,stateless_query,33140.802,13037.023,535
0,3920, get_pharmacy_prescriptions,3931,stateless_query,33538.423,12050.382,547
0,3921, process_prescription,3932,apply,2956.056,1061.22,319
0,3922, get_pharmacy_prescriptions,3933,stateless_query,33101.028,12992.049,496
0,3923, get_staff_prescriptions,3934,stateless_query,31423.248,12173.072,532
0,3924, create_prescription,3935,apply,3069.016,1179.581,344
0,3925, get_patient,3936,stateless_query,34118.666,46922.535,467
0,3926, get_processed_pharmacy_prescriptions,3937,stateless_query,32242.937,11847.344,604
0,3927, get_processed_pharmacy_prescriptions,3938,stateless_query,31775.304,12004.337,539
0,3928, get_staff_prescriptions,3939,stateless_query,33945.503,12386.4,467
0,3929, get_prescription_medication,3940,stateless_query,35773.503,14455.289,466
0,3930, get_pharmacy_prescriptions,3941,stateless_query,32212.54,12343.249,517
0,3931, get_pharmacy_prescriptions,3942,stateless_query,30469.398,11908.538,465
0,3932, create_prescription,3943,apply,2812.027,1149.595,341
0,3933, process_prescription,3944,apply,2096.962,686.08,256
0,3934, get_patient,3945,stateless_query,30413.203,40877.627,526
0,3935, get_pharmacy_prescriptions,3946,stateless_query,32419.115,13387.788,482
0,3936, get_pharmacy_prescriptions,3947,stateless_query,31155.889,12349.061,529
0,3937, get_pharmacy_prescriptions,3948,stateless_query,31596.29,13036.702,478
0,3938, get_pharmacy_prescriptions,3949,stateless_query,35552.883,14479.094,483
0,3939, get_prescription_medication,3950,stateless_query,34087.208,14818.548,470
0,3940, get_prescription_medication,3951,stateless_query,37081.034,15516.951,848
0,3941, create_prescription,3952,apply,3375.267,1446.809,342
0,3942, get_staff_prescriptions,3953,stateless_query,34161.265,13730.577,484
0,3943, get_staff_prescriptions,3954,stateless_query,32145.835,12190.985,703
