thread_id,front_id,client_operation,back_id,dag_operation,total_time,front_time,back_time
0,-1,,1,apply,,9234.491,375
0,-1,,2,apply,,2757.077,328
0,-1,,3,apply,,1690.646,443
0,-1,,7,apply,,1711.335,448
0,-1,,6,apply,,1225.398,352
1,-1,,1,stateless_query,,8282.504,63
0,-1,,9,apply,,1718.349,463
0,-1,,10,apply,,1295.9,367
0,-1,,8,apply,,1490.022,515
0,-1,,5,apply,,1586.963,534
0,-1,,4,apply,,1694.504,428
1,0, get_pharmacy_prescriptions,2,stateless_query,4240.126,1408.971,52
0,0, get_pharmacy_prescriptions,11,stateless_query,6756.274,2756.997,55
0,1, get_prescription_medication,12,stateless_query,3541.912,811.686,71
1,1, get_processed_pharmacy_prescriptions,3,stateless_query,5517.071,954.231,67
0,2, get_staff_prescriptions,13,stateless_query,4602.664,1112.517,72
1,2, get_prescription_medication,4,stateless_query,5393.289,1052.835,34
0,3, get_prescription,14,stateless_query,5342.014,1286.001,71
1,3, get_prescription_medication,5,stateless_query,5641.503,1540.706,26
0,4, get_patient,15,stateless_query,6128.983,3264.936,100
1,4, process_prescription,6,apply,18510.6,8837.44,382
0,5, get_prescription_medication,16,stateless_query,4037.438,840.189,94
1,5, get_prescription_medication,7,stateless_query,4166.489,1025.504,24
1,6, get_prescription_medication,8,stateless_query,3588.881,704.766,74
0,6, get_prescription_medication,17,stateless_query,3152.585,684.869,50
1,7, get_pharmacy_prescriptions,9,stateless_query,5098.72,1514.358,77
0,7, get_processed_pharmacy_prescriptions,18,stateless_query,4145.36,1121.955,66
0,8, get_staff_prescriptions,19,stateless_query,5416.012,1258.771,73
1,8, get_prescription_medication,10,stateless_query,5038.267,879.642,72
1,9, get_prescription_medication,11,stateless_query,4162.642,1032.447,82
0,9, process_prescription,20,apply,4340.274,1211.933,468
0,10, process_prescription,21,apply,4087.09,1202.314,326
1,10, create_prescription,12,apply,5548.48,2760.184,581
1,11, get_pharmacy_prescriptions,13,stateless_query,4358.918,1308.423,64
0,11, update_prescription_medication,22,apply,4895.239,1220.699,256
1,12, get_pharmacy_prescriptions,14,stateless_query,4309.095,1411.815,48
0,12, process_prescription,23,apply,4489.552,1063.936,296
0,13, get_staff_prescriptions,24,stateless_query,5429.497,1186.555,68
1,13, create_prescription,15,apply,3995.63,1859.151,593
1,14, get_patient,16,stateless_query,4712.258,3269.955,66
0,14, create_prescription,25,apply,4608.164,1205.13,329
1,15, get_pharmacy_prescriptions,17,stateless_query,3654.082,1132.855,61
0,15, get_prescription,26,stateless_query,5300.537,1559.842,56
1,16, get_processed_pharmacy_prescriptions,18,stateless_query,3923.786,1656.945,40
0,16, get_prescription_medication,27,stateless_query,4020.957,952.549,67
0,17, get_prescription_medication,28,stateless_query,8621.006,4887.404,68
1,17, get_processed_pharmacy_prescriptions,19,stateless_query,6270.427,2130.428,99
1,18, get_processed_pharmacy_prescriptions,20,stateless_query,3853.465,1427.946,32
0,18, get_prescription_medication,29,stateless_query,5108.829,1596.231,64
0,19, get_staff_prescriptions,30,stateless_query,4008.244,1468.601,46
1,19, get_prescription_medication,21,stateless_query,4572.897,1239.885,66
1,20, get_staff_prescriptions,22,stateless_query,4294.788,1506.723,45
0,20, get_pharmacy_prescriptions,31,stateless_query,5415.391,1723.467,92
0,21, get_pharmacy_prescriptions,32,stateless_query,3423.972,1160.176,33
1,21, get_prescription_medication,23,stateless_query,4568.81,1347.486,46
0,22, get_pharmacy_prescriptions,33,stateless_query,4684.988,1738.576,60
1,22, get_prescription_medication,24,stateless_query,4846.078,1516.532,56
0,23, get_pharmacy_prescriptions,34,stateless_query,5203.275,1341.174,86
1,23, get_pharmacy_prescriptions,25,stateless_query,5857.316,1535.958,100
0,24, get_pharmacy_prescriptions,35,stateless_query,6355.176,1641.805,101
1,24, get_prescription_medication,26,stateless_query,4849.865,1314.525,106
0,25, get_staff_prescriptions,36,stateless_query,6417.461,1476.477,100
1,25, get_patient,27,stateless_query,5951.882,4492.607,96
0,26, create_prescription,37,apply,6077.557,1984.075,436
1,26, get_staff_prescriptions,28,stateless_query,5052.874,1447.553,70
0,27, get_pharmacy_prescriptions,38,stateless_query,5657.823,1280.471,58
1,27, process_prescription,29,apply,4616.349,1476.757,431
0,28, get_prescription_medication,39,stateless_query,5038.407,1052.386,70
1,28, get_prescription_medication,30,stateless_query,4960.973,2018.728,51
0,29, create_prescription,40,apply,4013.353,1299.216,481
1,29, process_prescription,31,apply,3519.25,1301.219,372
1,30, get_patient,32,stateless_query,5317.718,4310.407,92
0,30, get_prescription_medication,41,stateless_query,6008.599,1452.732,75
1,31, create_prescription,33,apply,3800.796,1459.495,399
0,31, get_patient,42,stateless_query,4758.234,3068.359,102
0,32, get_prescription_medication,43,stateless_query,4261.776,1770.876,34
1,32, get_prescription_medication,34,stateless_query,4584.399,1127.805,78
0,33, get_prescription,44,stateless_query,5364.906,1848.652,93
1,33, create_prescription,35,apply,5086.136,1654.158,544
1,34, get_prescription_medication,36,stateless_query,6520.724,1535.397,90
0,34, get_prescription_medication,45,stateless_query,5359.566,1877.665,48
1,35, get_pharmacy_prescriptions,37,stateless_query,5104.48,1518.426,49
0,35, get_prescription_medication,46,stateless_query,5234.342,1312.369,95
1,36, update_prescription_medication,38,apply,5332.386,1904.796,432
0,36, get_pharmacy_prescriptions,47,stateless_query,4751.923,1577.615,93
0,37, get_staff_prescriptions,48,stateless_query,7566.517,2510.417,104
1,37, get_pharmacy_prescriptions,39,stateless_query,7420.775,2282.773,96
1,38, get_prescription_medication,40,stateless_query,3944.684,1169.132,36
0,38, get_staff_prescriptions,49,stateless_query,5603.301,1119.1,74
1,39, get_prescription_medication,41,stateless_query,6227.698,1377.532,82
0,39, get_staff_prescriptions,50,stateless_query,4276.735,1348.698,38
0,40, get_pharmacy_prescriptions,51,stateless_query,5179.22,908.937,100
1,40, get_pharmacy_prescriptions,42,stateless_query,4248.803,1364.147,84
0,41, create_prescription,52,apply,3721.308,1501.403,459
1,41, get_prescription_medication,43,stateless_query,4758.856,1468.151,58
0,42, process_prescription,53,apply,4432.055,1067.413,332
1,42, get_pharmacy_prescriptions,44,stateless_query,4316.629,1759.235,56
1,43, get_prescription_medication,45,stateless_query,3472.704,897.205,69
0,43, get_pharmacy_prescriptions,54,stateless_query,4608.244,981.943,78
1,44, update_prescription_medication,46,apply,3195.396,1087.37,387
0,44, get_prescription,55,stateless_query,4026.167,1018.932,77
0,45, get_processed_pharmacy_prescriptions,56,stateless_query,4686.069,1092.329,83
1,45, get_staff_prescriptions,47,stateless_query,4351.685,1090.026,94
0,46, get_prescription_medication,57,stateless_query,5201.071,1227.682,99
1,46, get_patient,48,stateless_query,5043.206,4159.796,105
1,47, get_prescription_medication,49,stateless_query,6466.032,1591.672,82
0,47, get_prescription_medication,58,stateless_query,4465.117,1008.973,64
0,48, get_prescription_medication,59,stateless_query,5503.274,1592.233,76
1,48, get_pharmacy_prescriptions,50,stateless_query,3368.79,956.396,39
0,49, get_prescription_medication,60,stateless_query,4318.433,1112.809,54
1,49, process_prescription,51,apply,4854.533,1272.726,388
0,50, get_pharmacy_prescriptions,61,stateless_query,4488.11,1192.346,74
1,50, get_prescription_medication,52,stateless_query,4626.198,1090.406,97
0,51, get_prescription_medication,62,stateless_query,4555.405,1286.602,105
1,51, get_pharmacy_prescriptions,53,stateless_query,4161.29,1259.762,56
1,52, process_prescription,54,apply,4157.812,1903.144,517
0,52, create_prescription,63,apply,3313.206,1384.235,542
1,53, get_processed_pharmacy_prescriptions,55,stateless_query,5076.198,1597.994,104
0,53, get_staff_prescriptions,64,stateless_query,5544.251,1322.369,117
0,54, get_prescription_medication,65,stateless_query,5146.588,1286.263,103
1,54, get_prescription_medication,56,stateless_query,5186.965,1234.054,109
1,55, get_prescription_medication,57,stateless_query,6021.052,1202.344,102
0,55, get_prescription,66,stateless_query,4676.33,1592.774,61
0,56, get_staff_prescriptions,67,stateless_query,4532.372,1483.79,66
1,56, get_patient,58,stateless_query,5423.295,5325.303,81
1,57, get_pharmacy_prescriptions,59,stateless_query,5504.246,1918.583,94
0,57, create_prescription,68,apply,3685.982,1642.497,557
1,58, get_staff_prescriptions,60,stateless_query,5183.287,1056.813,87
0,58, get_prescription_medication,69,stateless_query,6928.646,2226.758,90
1,59, get_pharmacy_prescriptions,61,stateless_query,5973.483,1554.191,81
0,59, get_prescription_medication,70,stateless_query,4961.082,2179.029,94
0,60, get_prescription_medication,71,stateless_query,5536.417,1506.012,61
1,60, get_pharmacy_prescriptions,62,stateless_query,5292.632,1272.776,87
0,61, get_prescription_medication,72,stateless_query,4444.628,1263.84,50
1,61, get_pharmacy_prescriptions,63,stateless_query,4994.615,1478.521,103
0,62, get_prescription_medication,73,stateless_query,4690.447,1542.108,55
1,62, get_processed_pharmacy_prescriptions,64,stateless_query,5134.246,1198.438,84
1,63, get_patient,65,stateless_query,6272.21,4031.036,88
0,63, get_prescription,74,stateless_query,5619.522,1690.536,60
0,64, get_prescription_medication,75,stateless_query,5064.336,1798.668,64
1,64, get_pharmacy_prescriptions,66,stateless_query,5444.074,1779.433,77
0,65, update_prescription_medication,76,apply,2897.6,1016.989,311
1,65, create_prescription,67,apply,4187.679,1621.988,533
1,66, create_prescription,68,apply,4272.947,1205.351,343
0,66, get_prescription_medication,77,stateless_query,6913.497,1749.105,77
1,67, get_prescription_medication,69,stateless_query,6368.761,1729.68,119
0,67, get_staff_prescriptions,78,stateless_query,4893.988,949.963,81
0,68, get_prescription_medication,79,stateless_query,5903.201,1882.806,121
1,68, get_pharmacy_prescriptions,70,stateless_query,5038.057,1238.903,79
0,69, get_pharmacy_prescriptions,80,stateless_query,5101.134,1685.557,63
1,69, get_processed_pharmacy_prescriptions,71,stateless_query,4751.732,1823.203,58
0,70, update_prescription_medication,81,apply,2800.239,1200.712,288
1,70, create_prescription,72,apply,4670.971,1567.737,558
1,71, get_pharmacy_prescriptions,73,stateless_query,5732.403,1276.544,87
0,71, get_prescription_medication,82,stateless_query,6577.129,1953.407,109
0,72, get_pharmacy_prescriptions,83,stateless_query,5130.349,1432.155,114
1,72, process_prescription,74,apply,3181.901,941.338,293
0,73, update_prescription_medication,84,apply,2885.437,1101.035,341
1,73, process_prescription,75,apply,5676.078,2494.497,392
1,74, get_prescription_medication,76,stateless_query,6112.833,1675.96,88
0,74, get_pharmacy_prescriptions,85,stateless_query,6064.723,2541.033,83
0,75, get_processed_pharmacy_prescriptions,86,stateless_query,5882.503,1867.607,130
1,75, get_pharmacy_prescriptions,77,stateless_query,5490.091,2125.308,57
1,76, get_prescription_medication,78,stateless_query,4474.905,1231.159,88
0,76, get_staff_prescriptions,87,stateless_query,4323.102,1434.779,64
0,77, get_pharmacy_prescriptions,88,stateless_query,6275.917,1448.154,119
1,77, create_prescription,79,apply,3375.562,1319.083,411
0,78, get_pharmacy_prescriptions,89,stateless_query,5528.061,1426.253,119
1,78, get_staff_prescriptions,80,stateless_query,4988.885,1586.633,115
0,79, get_pharmacy_prescriptions,90,stateless_query,5684.102,1504.238,97
1,79, get_prescription_medication,81,stateless_query,6527.397,1492.276,121
0,80, get_prescription_medication,91,stateless_query,5090.143,1754.926,69
1,80, get_pharmacy_prescriptions,82,stateless_query,5755.396,1566.053,73
1,81, get_pharmacy_prescriptions,83,stateless_query,5880.79,1523.414,115
0,81, get_pharmacy_prescriptions,92,stateless_query,4675.399,1572.134,62
0,82, get_prescription_medication,93,stateless_query,6143.309,2105.842,92
1,82, get_staff_prescriptions,84,stateless_query,5242.448,1876.713,114
0,83, process_prescription,94,apply,3350.526,1183.399,391
1,83, create_prescription,85,apply,3351.728,1325.885,560
1,84, process_prescription,86,apply,4488.46,1764.555,436
0,84, process_prescription,95,apply,4925.125,1568.067,292
1,85, get_pharmacy_prescriptions,87,stateless_query,5358.585,1320.086,86
0,85, get_prescription_medication,96,stateless_query,6005.552,1442.885,86
0,86, get_pharmacy_prescriptions,97,stateless_query,4876.955,1845.244,100
1,86, get_patient,88,stateless_query,5848.179,4544.214,115
0,87, get_pharmacy_prescriptions,98,stateless_query,5547.557,1997.318,92
1,87, get_staff_prescriptions,89,stateless_query,4988.664,1594.437,122
0,88, get_prescription_medication,99,stateless_query,4818.717,1952.776,45
1,88, get_pharmacy_prescriptions,90,stateless_query,5245.674,1544.934,50
1,89, get_staff_prescriptions,91,stateless_query,5592.241,2233.83,62
0,89, create_prescription,100,apply,4323.392,1732.525,521
0,90, get_pharmacy_prescriptions,101,stateless_query,5308.912,1255.514,102
1,90, get_prescription_medication,92,stateless_query,5719.238,1785.544,137
1,91, create_prescription,93,apply,5555.903,2018.439,554
0,91, get_pharmacy_prescriptions,102,stateless_query,6541.253,1498.328,129
1,92, get_prescription,94,stateless_query,7472.232,1892.744,100
0,92, get_prescription_medication,103,stateless_query,7393.514,2185.851,82
0,93, get_staff_prescriptions,104,stateless_query,5756.748,1568.168,142
1,93, update_prescription_medication,95,apply,2764.652,779.155,285
0,94, process_prescription,105,apply,4149.968,1847.129,358
1,94, update_prescription_medication,96,apply,3617.454,1377.151,259
0,95, create_prescription,106,apply,4886.694,1223.815,303
1,95, get_pharmacy_prescriptions,97,stateless_query,5824.465,2220.015,121
1,96, get_prescription_medication,98,stateless_query,5902.661,1483.6,113
0,96, get_pharmacy_prescriptions,107,stateless_query,5487.776,2209.404,95
0,97, get_prescription_medication,108,stateless_query,5300.597,1593.194,124
1,97, get_prescription_medication,99,stateless_query,6695.08,2092.947,129
0,98, get_pharmacy_prescriptions,109,stateless_query,4899.929,1679.436,52
1,98, get_prescription_medication,100,stateless_query,5156.117,1543.573,64
0,99, get_pharmacy_prescriptions,110,stateless_query,5238.221,1598.154,51
1,99, get_prescription_medication,101,stateless_query,4511.904,1473.601,52
0,100, get_processed_pharmacy_prescriptions,111,stateless_query,6141.316,1456.239,129
1,100, get_pharmacy_prescriptions,102,stateless_query,4975.028,1889.979,82
1,101, get_pharmacy_prescriptions,103,stateless_query,5487.335,1496.835,115
0,101, get_prescription_medication,112,stateless_query,5731.371,1878.237,126
0,102, get_pharmacy_prescriptions,113,stateless_query,6020.38,1651.203,136
1,102, create_prescription,104,apply,4453.074,2140.957,455
0,103, get_processed_pharmacy_prescriptions,114,stateless_query,4938.27,1775.465,96
1,103, get_prescription_medication,105,stateless_query,6320.871,1444.536,120
1,104, get_pharmacy_prescriptions,106,stateless_query,4787.368,1397.69,83
0,104, get_processed_pharmacy_prescriptions,115,stateless_query,4901.511,1702.208,107
0,105, get_prescription_medication,116,stateless_query,4775.046,1582.304,52
1,105, update_prescription_medication,107,apply,3334.145,1510.59,386
1,106, get_pharmacy_prescriptions,108,stateless_query,5109.289,1538.423,94
0,106, get_pharmacy_prescriptions,117,stateless_query,5532.299,1365.49,97
0,107, get_staff_prescriptions,118,stateless_query,6872.962,2501.531,95
1,107, get_pharmacy_prescriptions,109,stateless_query,6268.805,1990.457,112
1,108, get_pharmacy_prescriptions,110,stateless_query,4662.916,1764.575,58
0,108, create_prescription,119,apply,4461.3,1358.997,366
0,109, get_staff_prescriptions,120,stateless_query,5241.536,1507.755,53
1,109, get_pharmacy_prescriptions,111,stateless_query,6173.947,2101.794,99
1,110, get_pharmacy_prescriptions,112,stateless_query,6715.358,2776.624,79
0,110, get_prescription_medication,121,stateless_query,5342.545,1314.493,98
0,111, create_prescription,122,apply,5196.813,2276.661,496
1,111, get_pharmacy_prescriptions,113,stateless_query,6741.126,1780.544,107
1,112, get_pharmacy_prescriptions,114,stateless_query,5908.762,1808.577,111
0,112, get_processed_pharmacy_prescriptions,123,stateless_query,7993.374,2386.316,130
0,113, get_prescription_medication,124,stateless_query,6454.852,2337.273,68
1,113, get_prescription_medication,115,stateless_query,4947.197,1719.099,53
1,114, create_prescription,116,apply,4872.157,1710.844,368
0,114, get_prescription_medication,125,stateless_query,4699.976,1338.239,75
0,115, get_pharmacy_prescriptions,126,stateless_query,7305.87,2052.402,138
1,115, get_pharmacy_prescriptions,117,stateless_query,5033.648,1681.318,94
1,116, get_staff_prescriptions,118,stateless_query,6710.148,1859.08,83
0,116, get_processed_pharmacy_prescriptions,127,stateless_query,4878.599,1735.601,106
0,117, update_prescription_medication,128,apply,2435.196,717.791,273
1,117, get_prescription_medication,119,stateless_query,5430.449,1789.3,98
1,118, get_patient,120,stateless_query,5579.097,5616.737,109
0,118, get_pharmacy_prescriptions,129,stateless_query,6335.369,2053.464,121
0,119, get_staff_prescriptions,130,stateless_query,6622.775,1672.682,138
1,119, get_prescription_medication,121,stateless_query,5091.406,1738.396,73
1,120, get_prescription_medication,122,stateless_query,5483.718,1539.834,111
0,120, get_staff_prescriptions,131,stateless_query,4621.929,1608.344,56
0,121, get_staff_prescriptions,132,stateless_query,5595.427,1620.947,122
1,121, get_prescription_medication,123,stateless_query,6553.095,1944.58,100
1,122, get_pharmacy_prescriptions,124,stateless_query,5785.211,1668.295,102
0,122, get_processed_pharmacy_prescriptions,133,stateless_query,6075.714,1970.169,81
0,123, get_staff_prescriptions,134,stateless_query,5777.436,1619.775,91
1,123, get_pharmacy_prescriptions,125,stateless_query,6018.136,1620.015,104
1,124, get_pharmacy_prescriptions,126,stateless_query,6282.159,1794.42,121
0,124, get_pharmacy_prescriptions,135,stateless_query,6389.419,2358.534,55
0,125, get_prescription_medication,136,stateless_query,5031.684,1978.253,56
1,125, get_pharmacy_prescriptions,127,stateless_query,5376.277,1721.104,97
1,126, get_staff_prescriptions,128,stateless_query,5678.262,2065.015,96
0,126, get_prescription_medication,137,stateless_query,5052.283,1458.072,105
0,127, get_pharmacy_prescriptions,138,stateless_query,6401.612,1626.266,119
1,127, create_prescription,129,apply,4566.967,1858.049,467
1,128, get_prescription_medication,130,stateless_query,6429.784,1647.766,102
0,128, get_pharmacy_prescriptions,139,stateless_query,6120.788,1506.333,132
0,129, get_pharmacy_prescriptions,140,stateless_query,6022.113,1616.709,150
1,129, process_prescription,131,apply,3838.516,1827.733,357
1,130, get_prescription_medication,132,stateless_query,5651.541,1667.964,135
0,130, update_prescription_medication,141,apply,3040.407,1215.88,354
0,131, get_pharmacy_prescriptions,142,stateless_query,7430.152,2274.586,132
1,131, get_prescription,133,stateless_query,6835.763,1900.749,103
1,132, get_prescription_medication,134,stateless_query,6169.97,1813.626,120
0,132, get_staff_prescriptions,143,stateless_query,5585.247,2153.87,119
0,133, get_staff_prescriptions,144,stateless_query,4748.395,1550.724,58
1,133, get_prescription,135,stateless_query,6498.393,1496.314,103
1,134, get_processed_pharmacy_prescriptions,136,stateless_query,5170.624,1676.36,89
0,134, get_prescription_medication,145,stateless_query,4877.567,1575.331,73
0,135, get_prescription_medication,146,stateless_query,5152.72,1435.45,81
1,135, get_pharmacy_prescriptions,137,stateless_query,6505.376,1385.897,150
1,136, get_staff_prescriptions,138,stateless_query,4410.123,1365.199,111
0,136, get_pharmacy_prescriptions,147,stateless_query,7413.35,2921.525,103
0,137, get_prescription_medication,148,stateless_query,5436.099,1515.7,101
1,137, get_patient,139,stateless_query,6528.519,5481.474,125
1,138, get_prescription_medication,140,stateless_query,5580.178,1408.941,116
0,138, get_prescription_medication,149,stateless_query,5433.835,1405.384,111
0,139, get_prescription_medication,150,stateless_query,6185.409,1450.348,69
1,139, get_prescription_medication,141,stateless_query,6514.733,1915.356,112
1,140, create_prescription,142,apply,5074.655,2000.425,609
0,140, get_prescription_medication,151,stateless_query,6336.169,1671.02,111
0,141, get_prescription_medication,152,stateless_query,6489.105,2663.583,60
1,141, get_pharmacy_prescriptions,143,stateless_query,6337.002,1590.139,102
1,142, get_pharmacy_prescriptions,144,stateless_query,6409.427,1990.156,93
0,142, get_prescription_medication,153,stateless_query,5528.412,1389.493,108
0,143, create_prescription,154,apply,3285.574,1476.587,387
1,143, get_pharmacy_prescriptions,145,stateless_query,7789.744,2203.413,175
1,144, get_prescription_medication,146,stateless_query,8621.517,2834.873,189
0,144, get_prescription,155,stateless_query,7445.161,2107.084,130
0,145, get_pharmacy_prescriptions,156,stateless_query,7099.835,2077.829,196
1,145, get_prescription,147,stateless_query,8679.375,2897.299,146
1,146, process_prescription,148,apply,4539.215,1990.456,471
0,146, update_prescription_medication,157,apply,5100.412,2306.656,474
0,147, create_prescription,158,apply,5306.748,1957.304,598
1,147, get_processed_pharmacy_prescriptions,149,stateless_query,7254.895,2635.24,179
1,148, process_prescription,150,apply,5974.385,2313.039,470
0,148, create_prescription,159,apply,3511.526,1273.427,499
0,149, get_prescription_medication,160,stateless_query,8427.775,2464.722,165
1,149, get_pharmacy_prescriptions,151,stateless_query,5355.198,1622.258,141
1,150, get_prescription,152,stateless_query,6023.457,2025.722,115
0,150, get_processed_pharmacy_prescriptions,161,stateless_query,6826.635,2207.03,138
0,151, get_pharmacy_prescriptions,162,stateless_query,6600.874,2405.882,148
1,151, get_staff_prescriptions,153,stateless_query,6904.811,2609.072,154
0,152, get_prescription_medication,163,stateless_query,5815.478,2185.671,136
1,152, get_patient,154,stateless_query,9151.797,8601.159,117
1,153, get_prescription,155,stateless_query,6477.444,2127.232,101
0,153, get_prescription_medication,164,stateless_query,6246.453,2061.608,116
0,154, get_prescription_medication,165,stateless_query,6068.38,1827.141,147
1,154, process_prescription,156,apply,4002.614,1663.055,274
1,155, process_prescription,157,apply,3680.271,872.058,325
0,155, get_pharmacy_prescriptions,166,stateless_query,6846.663,3060.965,64
1,156, get_staff_prescriptions,158,stateless_query,6051.218,2194.718,144
0,156, get_pharmacy_prescriptions,167,stateless_query,7222.915,2060.708,142
0,157, get_pharmacy_prescriptions,168,stateless_query,6608.178,1547.82,132
1,157, get_pharmacy_prescriptions,159,stateless_query,5662.111,2015.193,122
1,158, process_prescription,160,apply,3040.437,1027.919,452
0,158, get_pharmacy_prescriptions,169,stateless_query,6251.111,2161.787,98
0,159, get_prescription_medication,170,stateless_query,5943.707,1776.838,142
1,159, update_prescription_medication,161,apply,3672.878,1638.379,375
1,160, get_prescription_medication,162,stateless_query,7028.683,2437.561,120
0,160, get_pharmacy_prescriptions,171,stateless_query,5280.378,1541.057,127
0,161, get_prescription_medication,172,stateless_query,6855.57,2075.545,168
1,161, process_prescription,163,apply,5068.353,2088.54,302
1,162, get_pharmacy_prescriptions,164,stateless_query,5291.991,1638.079,153
0,162, get_pharmacy_prescriptions,173,stateless_query,6667.489,2679.272,99
0,163, get_pharmacy_prescriptions,174,stateless_query,6696.382,2914.431,160
1,163, create_prescription,165,apply,3340.958,1469.764,578
1,164, get_pharmacy_prescriptions,166,stateless_query,6154.009,1795.462,153
0,164, get_prescription_medication,175,stateless_query,6226.545,2255.692,104
0,165, get_staff_prescriptions,176,stateless_query,5707.507,1884.198,67
1,165, get_staff_prescriptions,167,stateless_query,6166.393,1699.293,129
1,166, create_prescription,168,apply,4390.397,2409.479,470
0,166, get_staff_prescriptions,177,stateless_query,5729.077,1569.911,103
0,167, get_pharmacy_prescriptions,178,stateless_query,6623.276,1966.5,150
1,167, get_pharmacy_prescriptions,169,stateless_query,6946.018,2213.253,109
1,168, get_pharmacy_prescriptions,170,stateless_query,6056.407,1745.648,122
0,168, get_prescription_medication,179,stateless_query,5262.355,1994.805,66
0,169, get_prescription,180,stateless_query,6387.566,2156.677,77
1,169, process_prescription,171,apply,4651.455,1785.764,475
1,170, update_prescription_medication,172,apply,3379.019,1075.879,447
0,170, get_prescription_medication,181,stateless_query,5986.237,2556.223,128
1,171, get_prescription_medication,173,stateless_query,6729.234,2368.662,177
0,171, process_prescription,182,apply,6318.406,2874.377,359
0,172, get_prescription_medication,183,stateless_query,7404.745,3063.08,164
1,172, process_prescription,174,apply,4103.631,1650.892,382
1,173, get_pharmacy_prescriptions,175,stateless_query,9396.825,3164.179,162
0,173, get_staff_prescriptions,184,stateless_query,6192.682,2364.274,70
0,174, get_prescription_medication,185,stateless_query,7368.508,1798.238,156
1,174, get_pharmacy_prescriptions,176,stateless_query,7251.579,2376.187,107
1,175, get_pharmacy_prescriptions,177,stateless_query,5893.684,2202.242,72
0,175, get_prescription_medication,186,stateless_query,6724.355,1738.956,151
0,176, get_prescription,187,stateless_query,7386.741,2127.262,127
1,176, get_prescription_medication,178,stateless_query,6749.953,2181.654,77
1,177, get_prescription_medication,179,stateless_query,6054.554,1832.702,126
0,177, get_pharmacy_prescriptions,188,stateless_query,8024.432,2537.468,106
0,178, get_prescription_medication,189,stateless_query,5912.098,1763.523,89
1,178, get_pharmacy_prescriptions,180,stateless_query,6944.446,2286.76,120
1,179, get_pharmacy_prescriptions,181,stateless_query,6534.951,1886.482,156
0,179, get_pharmacy_prescriptions,190,stateless_query,7044.823,3163.136,66
1,180, get_pharmacy_prescriptions,182,stateless_query,7675.811,2351.2,119
0,180, get_processed_pharmacy_prescriptions,191,stateless_query,6303.218,2226.216,75
0,181, get_pharmacy_prescriptions,192,stateless_query,6796.269,2038.726,122
1,181, get_pharmacy_prescriptions,183,stateless_query,7391.811,2075.836,168
1,182, create_prescription,184,apply,4916.44,2310.704,420
0,182, get_pharmacy_prescriptions,193,stateless_query,5836.206,2257.215,163
0,183, get_staff_prescriptions,194,stateless_query,5772.117,2187.804,120
1,183, create_prescription,185,apply,3093.686,1292.433,349
0,184, get_prescription_medication,195,stateless_query,5064.906,1617.18,126
1,184, get_prescription_medication,186,stateless_query,7655.013,3282.187,155
0,185, get_pharmacy_prescriptions,196,stateless_query,6122.301,1737.765,140
1,185, get_patient,187,stateless_query,5838.601,5942.655,159
0,186, get_pharmacy_prescriptions,197,stateless_query,6559.667,2437.982,135
1,186, get_pharmacy_prescriptions,188,stateless_query,6976.866,1963.977,179
1,187, get_prescription_medication,189,stateless_query,7307.253,2063.392,154
0,187, get_prescription_medication,198,stateless_query,6221.896,2683.76,77
1,188, get_prescription_medication,190,stateless_query,8189.03,2745.606,124
0,188, create_prescription,199,apply,5485.983,2784.358,581
0,189, get_pharmacy_prescriptions,200,stateless_query,7072.105,2374.965,175
1,189, get_processed_pharmacy_prescriptions,191,stateless_query,7764.217,3578.0,156
1,190, get_pharmacy_prescriptions,192,stateless_query,6916.413,2549.631,114
0,190, get_prescription_medication,201,stateless_query,7570.886,2417.744,152
0,191, create_prescription,202,apply,5847.888,2484.769,331
1,191, get_staff_prescriptions,193,stateless_query,5931.144,2109.638,133
1,192, get_pharmacy_prescriptions,194,stateless_query,9122.231,2519.865,170
0,192, update_prescription_medication,203,apply,3378.548,886.966,315
0,193, get_prescription_medication,204,stateless_query,7902.454,3203.972,72
1,193, get_pharmacy_prescriptions,195,stateless_query,6183.174,1762.121,134
1,194, get_prescription_medication,196,stateless_query,8885.4,2278.124,181
0,194, get_staff_prescriptions,205,stateless_query,6375.213,2097.757,117
0,195, get_prescription,206,stateless_query,6765.982,2646.17,109
1,195, get_staff_prescriptions,197,stateless_query,6903.259,1985.727,125
1,196, get_pharmacy_prescriptions,198,stateless_query,7470.528,3082.245,130
0,196, get_prescription,207,stateless_query,6435.305,1859.762,109
0,197, create_prescription,208,apply,4518.817,2037.074,526
1,197, get_prescription_medication,199,stateless_query,7842.422,2905.514,162
1,198, get_staff_prescriptions,200,stateless_query,7291.544,2603.711,124
0,198, get_pharmacy_prescriptions,209,stateless_query,7220.431,2996.755,157
0,199, get_processed_pharmacy_prescriptions,210,stateless_query,6300.103,2149.774,121
1,199, get_staff_prescriptions,201,stateless_query,6093.076,2067.169,132
1,200, get_prescription_medication,202,stateless_query,7007.383,2438.993,151
0,200, get_pharmacy_prescriptions,211,stateless_query,6968.731,1895.989,179
0,201, get_pharmacy_prescriptions,212,stateless_query,6168.888,2135.347,105
1,201, get_pharmacy_prescriptions,203,stateless_query,6854.097,2666.75,160
1,202, process_prescription,204,apply,3188.122,1054.339,355
0,202, get_prescription_medication,213,stateless_query,7896.944,3254.246,151
0,203, get_pharmacy_prescriptions,214,stateless_query,5905.926,1927.899,163
1,203, get_prescription_medication,205,stateless_query,6488.364,2127.312,94
1,204, get_pharmacy_prescriptions,206,stateless_query,7314.526,1833.053,184
0,204, get_staff_prescriptions,215,stateless_query,9581.76,3380.262,166
0,205, get_patient,216,stateless_query,7278.339,7416.668,103
1,205, get_staff_prescriptions,207,stateless_query,7917.272,2685.032,142
1,206, get_prescription,208,stateless_query,9585.296,2269.045,149
0,206, get_staff_prescriptions,217,stateless_query,8328.269,3326.652,112
1,207, process_prescription,209,apply,3242.353,1121.594,479
0,207, get_staff_prescriptions,218,stateless_query,6311.003,2493.376,77
1,208, get_processed_pharmacy_prescriptions,210,stateless_query,5992.468,2289.264,144
0,208, process_prescription,219,apply,5102.246,1539.213,365
1,209, get_processed_pharmacy_prescriptions,211,stateless_query,7346.547,3293.008,103
0,209, create_prescription,220,apply,5393.81,2321.234,474
0,210, get_prescription_medication,221,stateless_query,6196.359,2275.029,232
1,210, get_pharmacy_prescriptions,212,stateless_query,6979.792,2829.553,159
1,211, get_prescription_medication,213,stateless_query,9824.633,3546.151,149
0,211, get_pharmacy_prescriptions,222,stateless_query,7355.754,2372.079,156
0,212, process_prescription,223,apply,3432.238,1367.844,550
1,212, get_processed_pharmacy_prescriptions,214,stateless_query,8087.399,2960.047,109
1,213, get_pharmacy_prescriptions,215,stateless_query,7976.161,2720.709,109
0,213, get_prescription_medication,224,stateless_query,6798.253,2557.645,128
1,214, get_staff_prescriptions,216,stateless_query,6655.346,2640.951,136
0,214, get_staff_prescriptions,225,stateless_query,7854.434,2755.113,163
0,215, get_pharmacy_prescriptions,226,stateless_query,7626.329,2246.916,140
1,215, get_staff_prescriptions,217,stateless_query,6619.93,2448.792,182
1,216, get_pharmacy_prescriptions,218,stateless_query,6995.792,2277.122,157
0,216, create_prescription,227,apply,5662.192,2546.224,448
0,217, get_staff_prescriptions,228,stateless_query,6805.467,2272.163,186
1,217, get_pharmacy_prescriptions,219,stateless_query,7571.185,3486.82,170
1,218, get_prescription_medication,220,stateless_query,7281.575,2147.17,177
0,218, get_pharmacy_prescriptions,229,stateless_query,7125.304,2682.939,180
0,219, process_prescription,230,apply,6105.719,2654.987,534
1,219, create_prescription,221,apply,4595.29,1955.03,509
1,220, get_prescription_medication,222,stateless_query,8382.772,2820.997,165
0,220, get_pharmacy_prescriptions,231,stateless_query,7608.435,2585.618,236
0,221, get_prescription_medication,232,stateless_query,7711.017,2648.665,152
1,221, get_staff_prescriptions,223,stateless_query,6538.878,2691.947,138
1,222, create_prescription,224,apply,4151.821,2069.353,588
0,222, get_prescription_medication,233,stateless_query,7189.152,3256.72,97
0,223, create_prescription,234,apply,5179.741,2681.296,600
1,223, get_processed_pharmacy_prescriptions,225,stateless_query,9161.104,3751.455,135
1,224, get_pharmacy_prescriptions,226,stateless_query,7011.29,2653.345,111
0,224, get_staff_prescriptions,235,stateless_query,6944.245,2388.86,140
1,225, create_prescription,227,apply,3914.949,2002.809,383
0,225, get_prescription_medication,236,stateless_query,7352.227,3191.98,135
0,226, get_staff_prescriptions,237,stateless_query,7753.737,2495.939,142
1,226, get_prescription_medication,228,stateless_query,6072.478,1928.411,139
0,227, get_staff_prescriptions,238,stateless_query,7540.829,2664.374,174
1,227, get_processed_pharmacy_prescriptions,229,stateless_query,7154.678,2420.148,211
1,228, get_prescription,230,stateless_query,6789.496,2389.07,141
0,228, get_prescription_medication,239,stateless_query,7245.558,2872.533,119
1,229, create_prescription,231,apply,2728.845,949.523,343
0,229, get_pharmacy_prescriptions,240,stateless_query,7142.155,2921.304,141
1,230, get_prescription_medication,232,stateless_query,6929.397,2337.765,143
0,230, get_prescription_medication,241,stateless_query,8773.701,3888.319,214
1,231, get_prescription_medication,233,stateless_query,6746.126,2286.118,126
0,231, get_prescription,242,stateless_query,8236.287,3967.348,124
1,232, create_prescription,234,apply,3057.739,1014.544,380
0,232, get_pharmacy_prescriptions,243,stateless_query,6891.847,2622.786,134
0,233, get_prescription_medication,244,stateless_query,9109.708,4435.372,138
1,233, get_prescription_medication,235,stateless_query,7118.891,2095.262,194
1,234, get_prescription_medication,236,stateless_query,8237.81,2331.273,238
0,234, process_prescription,245,apply,3742.848,1008.723,370
1,235, get_prescription_medication,237,stateless_query,7933.652,3568.723,154
0,235, get_pharmacy_prescriptions,246,stateless_query,8081.498,3432.157,139
0,236, get_prescription_medication,247,stateless_query,8360.99,2452.249,135
1,236, get_prescription_medication,238,stateless_query,7060.422,2817.16,138
0,237, get_pharmacy_prescriptions,248,stateless_query,6896.846,2033.778,93
1,237, get_prescription_medication,239,stateless_query,7141.674,2249.35,146
1,238, get_pharmacy_prescriptions,240,stateless_query,6873.443,2063.772,109
0,238, get_prescription,249,stateless_query,8567.897,3330.389,195
0,239, get_pharmacy_prescriptions,250,stateless_query,8140.378,2965.116,205
1,239, get_prescription_medication,241,stateless_query,10240.449,3960.074,122
1,240, get_prescription_medication,242,stateless_query,8648.627,3250.429,123
0,240, get_prescription_medication,251,stateless_query,8647.946,2297.219,195
0,241, get_processed_pharmacy_prescriptions,252,stateless_query,10548.335,3393.335,213
1,241, get_prescription_medication,243,stateless_query,9295.405,3115.246,153
1,242, get_pharmacy_prescriptions,244,stateless_query,9352.301,2999.71,199
0,242, get_pharmacy_prescriptions,253,stateless_query,9242.256,2724.697,116
0,243, get_patient,254,stateless_query,7498.82,7931.648,90
1,243, get_prescription_medication,245,stateless_query,7963.618,2569.597,157
1,244, process_prescription,246,apply,4175.686,2369.183,455
0,244, get_prescription_medication,255,stateless_query,7236.691,2719.928,151
0,245, update_prescription_medication,256,apply,3399.107,958.91,288
1,245, get_prescription_medication,247,stateless_query,7693.093,2467.507,201
1,246, get_staff_prescriptions,248,stateless_query,7443.618,2778.718,185
0,246, get_prescription_medication,257,stateless_query,7172.812,2403.247,164
0,247, get_prescription_medication,258,stateless_query,10044.874,3498.222,161
1,247, create_prescription,249,apply,4906.481,2554.69,424
1,248, get_prescription_medication,250,stateless_query,7950.594,2335.65,149
0,248, get_prescription_medication,259,stateless_query,6879.394,2346.932,172
0,249, get_prescription_medication,260,stateless_query,6961.447,1970.7,112
1,249, get_pharmacy_prescriptions,251,stateless_query,7525.811,2746.909,152
1,250, get_pharmacy_prescriptions,252,stateless_query,8414.901,2090.304,215
0,250, get_staff_prescriptions,261,stateless_query,8384.384,2291.699,169
0,251, get_prescription_medication,262,stateless_query,7584.06,2606.426,185
1,251, update_prescription_medication,253,apply,6229.0,3093.756,389
0,252, get_staff_prescriptions,263,stateless_query,8532.08,3717.971,204
1,252, get_prescription_medication,254,stateless_query,7895.06,2819.243,142
1,253, get_prescription_medication,255,stateless_query,8383.633,3208.651,152
0,253, get_pharmacy_prescriptions,264,stateless_query,6240.261,2253.938,129
0,254, get_pharmacy_prescriptions,265,stateless_query,9044.146,3795.516,173
1,254, get_prescription_medication,256,stateless_query,9652.281,3950.286,88
1,255, get_processed_pharmacy_prescriptions,257,stateless_query,8074.245,2495.981,204
0,255, update_prescription_medication,266,apply,5252.827,2471.775,311
0,256, get_prescription_medication,267,stateless_query,6715.388,1968.164,171
1,256, get_prescription_medication,258,stateless_query,7392.953,2137.34,196
1,257, get_processed_pharmacy_prescriptions,259,stateless_query,7401.689,2749.122,205
0,257, get_staff_prescriptions,268,stateless_query,7303.746,2439.114,144
0,258, get_prescription_medication,269,stateless_query,6824.452,2310.754,226
1,258, get_prescription_medication,260,stateless_query,7497.057,2692.437,123
1,259, create_prescription,261,apply,3212.498,1135.84,469
0,259, get_processed_pharmacy_prescriptions,270,stateless_query,6508.001,2270.379,186
0,260, get_prescription,271,stateless_query,6562.843,2684.801,138
1,260, create_prescription,262,apply,4582.416,2264.478,336
1,261, get_prescription_medication,263,stateless_query,6284.954,1948.127,136
0,261, get_pharmacy_prescriptions,272,stateless_query,7857.66,2327.726,181
0,262, get_processed_pharmacy_prescriptions,273,stateless_query,8176.446,2748.0,191
1,262, get_patient,264,stateless_query,6724.305,7464.748,133
1,263, get_pharmacy_prescriptions,265,stateless_query,7466.631,3213.72,120
0,263, get_staff_prescriptions,274,stateless_query,7560.565,1957.164,194
0,264, get_pharmacy_prescriptions,275,stateless_query,7917.041,2280.898,147
1,264, get_prescription,266,stateless_query,7384.407,2727.463,113
1,265, get_prescription_medication,267,stateless_query,7322.231,3080.621,86
0,265, get_prescription_medication,276,stateless_query,7184.413,1933.37,144
0,266, get_pharmacy_prescriptions,277,stateless_query,7834.918,2386.877,161
1,266, get_pharmacy_prescriptions,268,stateless_query,6369.072,1967.353,87
1,267, get_pharmacy_prescriptions,269,stateless_query,6493.895,2152.93,107
0,267, get_staff_prescriptions,278,stateless_query,6029.387,2113.346,94
0,268, get_pharmacy_prescriptions,279,stateless_query,8695.595,2705.922,138
1,268, get_pharmacy_prescriptions,270,stateless_query,8512.643,3049.013,186
1,269, update_prescription_medication,271,apply,3794.435,1948.748,278
0,269, get_pharmacy_prescriptions,280,stateless_query,7270.615,2436.259,152
0,270, get_prescription_medication,281,stateless_query,8290.138,2954.175,147
1,270, get_prescription_medication,272,stateless_query,8180.383,2357.231,223
1,271, get_pharmacy_prescriptions,273,stateless_query,8179.391,2774.359,142
0,271, get_staff_prescriptions,282,stateless_query,6753.119,2240.454,126
0,272, get_pharmacy_prescriptions,283,stateless_query,6419.074,1937.779,143
1,272, get_pharmacy_prescriptions,274,stateless_query,7751.232,2411.162,195
1,273, get_staff_prescriptions,275,stateless_query,7340.034,1993.873,159
0,273, get_pharmacy_prescriptions,284,stateless_query,9052.311,3450.343,198
0,274, get_staff_prescriptions,285,stateless_query,6501.108,2166.645,189
1,274, get_prescription_medication,276,stateless_query,6583.372,2044.767,102
1,275, create_prescription,277,apply,6190.889,3190.817,528
0,275, get_staff_prescriptions,286,stateless_query,7334.243,3186.85,124
0,276, get_pharmacy_prescriptions,287,stateless_query,6750.493,2185.17,148
1,276, get_pharmacy_prescriptions,278,stateless_query,8195.561,3291.205,136
1,277, update_prescription_medication,279,apply,4391.229,2182.454,333
0,277, get_patient,288,stateless_query,7827.154,8462.259,127
0,278, get_pharmacy_prescriptions,289,stateless_query,7807.628,2583.003,85
1,278, get_patient,280,stateless_query,8707.407,9829.794,170
1,279, get_pharmacy_prescriptions,281,stateless_query,7424.282,2050.207,140
0,279, get_pharmacy_prescriptions,290,stateless_query,7030.947,2526.687,144
0,280, get_processed_pharmacy_prescriptions,291,stateless_query,9113.926,3580.506,146
1,280, get_pharmacy_prescriptions,282,stateless_query,8203.877,2390.101,122
1,281, get_pharmacy_prescriptions,283,stateless_query,6586.186,2142.871,85
0,281, get_prescription_medication,292,stateless_query,6719.095,2230.705,121
0,282, get_prescription,293,stateless_query,8325.224,2977.048,195
1,282, get_staff_prescriptions,284,stateless_query,8590.749,2528.501,154
1,283, create_prescription,285,apply,4505.151,2664.335,444
0,283, get_prescription_medication,294,stateless_query,8387.21,3467.554,138
0,284, get_prescription_medication,295,stateless_query,7713.612,3069.852,98
1,284, get_processed_pharmacy_prescriptions,286,stateless_query,7263.412,2289.204,147
1,285, process_prescription,287,apply,3959.082,1373.083,507
0,285, get_pharmacy_prescriptions,296,stateless_query,7250.747,2718.486,140
0,286, get_pharmacy_prescriptions,297,stateless_query,7892.326,2448.421,147
1,286, get_patient,288,stateless_query,7913.746,8191.834,188
1,287, get_pharmacy_prescriptions,289,stateless_query,8944.82,3473.805,179
0,287, get_patient,298,stateless_query,8046.293,8097.839,167
0,288, get_staff_prescriptions,299,stateless_query,7851.689,2684.061,146
1,288, get_patient,290,stateless_query,7482.079,7945.675,149
1,289, get_prescription_medication,291,stateless_query,7655.493,2639.208,134
0,289, update_prescription_medication,300,apply,4917.972,2942.825,390
0,290, get_pharmacy_prescriptions,301,stateless_query,6759.801,2149.764,149
1,290, get_pharmacy_prescriptions,292,stateless_query,7379.298,2429.777,125
1,291, get_prescription_medication,293,stateless_query,8155.316,2505.338,211
0,291, get_prescription_medication,302,stateless_query,7493.661,2865.059,94
0,292, get_pharmacy_prescriptions,303,stateless_query,8174.132,2638.976,140
1,292, update_prescription_medication,294,apply,2564.077,851.46,280
1,293, get_pharmacy_prescriptions,295,stateless_query,9518.962,2815.998,144
0,293, get_staff_prescriptions,304,stateless_query,8908.242,2811.679,182
0,294, process_prescription,305,apply,2969.955,1045.993,335
1,294, get_prescription_medication,296,stateless_query,7580.984,2653.343,115
1,295, create_prescription,297,apply,5179.24,3052.118,465
0,295, get_pharmacy_prescriptions,306,stateless_query,7518.757,2766.205,194
0,296, get_pharmacy_prescriptions,307,stateless_query,9120.748,3941.679,190
1,296, get_prescription,298,stateless_query,9228.29,4120.653,208
1,297, get_prescription_medication,299,stateless_query,8987.3,2811.038,217
0,297, get_pharmacy_prescriptions,308,stateless_query,9628.076,4236.441,170
0,298, get_prescription_medication,309,stateless_query,8394.663,2420.819,197
1,298, get_pharmacy_prescriptions,300,stateless_query,8168.06,3667.989,144
1,299, get_staff_prescriptions,301,stateless_query,7359.27,2842.708,129
0,299, get_pharmacy_prescriptions,310,stateless_query,9837.637,3014.87,210
0,300, get_prescription_medication,311,stateless_query,9679.452,3904.921,128
1,300, get_prescription_medication,302,stateless_query,8627.368,2833.761,114
1,301, get_pharmacy_prescriptions,303,stateless_query,8580.4,3228.629,167
0,301, get_prescription_medication,312,stateless_query,7505.934,2361.047,189
0,302, get_pharmacy_prescriptions,313,stateless_query,6929.929,2378.471,172
1,302, get_prescription_medication,304,stateless_query,8925.354,3768.285,213
1,303, process_prescription,305,apply,6200.427,3305.351,380
0,303, get_prescription_medication,314,stateless_query,7381.612,2393.89,188
0,304, process_prescription,315,apply,3424.293,1226.45,471
1,304, get_prescription_medication,306,stateless_query,7141.764,2608.691,141
1,305, get_staff_prescriptions,307,stateless_query,7196.005,2382.408,201
0,305, get_prescription_medication,316,stateless_query,8842.109,3270.476,165
0,306, get_pharmacy_prescriptions,317,stateless_query,9771.744,4042.989,154
1,306, get_prescription_medication,308,stateless_query,9100.01,4191.475,264
1,307, get_prescription_medication,309,stateless_query,8950.39,3475.94,180
0,307, get_processed_pharmacy_prescriptions,318,stateless_query,9271.44,2828.391,211
0,308, get_staff_prescriptions,319,stateless_query,9085.714,3391.993,164
1,308, update_prescription_medication,310,apply,3206.978,845.89,344
1,309, update_prescription_medication,311,apply,3059.743,987.013,417
0,309, get_pharmacy_prescriptions,320,stateless_query,7003.445,2253.918,156
0,310, get_prescription_medication,321,stateless_query,9823.912,3534.149,180
1,310, get_processed_pharmacy_prescriptions,312,stateless_query,9305.704,3805.675,165
1,311, get_staff_prescriptions,313,stateless_query,7584.01,3063.009,123
0,311, get_staff_prescriptions,322,stateless_query,7222.955,2420.288,156
0,312, get_pharmacy_prescriptions,323,stateless_query,8223.153,2525.384,144
1,312, get_staff_prescriptions,314,stateless_query,9648.624,3200.345,180
1,313, create_prescription,315,apply,4514.93,2554.72,405
0,313, get_patient,324,stateless_query,8814.497,9750.134,192
0,314, get_prescription_medication,325,stateless_query,9260.791,3802.108,173
1,314, get_patient,316,stateless_query,8477.517,9123.344,150
1,315, get_prescription_medication,317,stateless_query,9010.052,2943.455,206
0,315, get_prescription_medication,326,stateless_query,9233.971,3798.793,166
0,316, get_processed_pharmacy_prescriptions,327,stateless_query,9148.511,3612.104,161
1,316, get_prescription_medication,318,stateless_query,8699.513,2396.735,202
1,317, get_pharmacy_prescriptions,319,stateless_query,8970.238,2491.101,178
0,317, get_prescription_medication,328,stateless_query,8639.841,3213.89,193
0,318, get_pharmacy_prescriptions,329,stateless_query,8111.324,2309.351,246
1,318, get_pharmacy_prescriptions,320,stateless_query,8602.261,2844.12,264
1,319, get_pharmacy_prescriptions,321,stateless_query,9716.18,3705.619,211
0,319, get_staff_prescriptions,330,stateless_query,9091.795,2660.368,192
0,320, get_pharmacy_prescriptions,331,stateless_query,9998.478,4131.554,195
1,320, get_prescription_medication,322,stateless_query,9547.426,3826.485,161
1,321, get_staff_prescriptions,323,stateless_query,7718.13,2347.422,203
0,321, get_prescription,332,stateless_query,8791.614,2294.485,213
0,322, process_prescription,333,apply,6091.343,3465.951,332
1,322, get_pharmacy_prescriptions,324,stateless_query,9547.004,3083.157,110
1,323, get_processed_pharmacy_prescriptions,325,stateless_query,10056.055,4110.234,169
0,323, get_pharmacy_prescriptions,334,stateless_query,10130.173,3528.097,237
0,324, create_prescription,335,apply,3431.657,1375.638,500
1,324, get_prescription,326,stateless_query,8022.087,3382.425,141
1,325, get_staff_prescriptions,327,stateless_query,8838.391,3664.471,247
0,325, create_prescription,336,apply,5377.901,2732.912,387
0,326, get_pharmacy_prescriptions,337,stateless_query,8795.903,3515.704,218
1,326, create_prescription,328,apply,2922.156,1128.247,414
1,327, get_prescription_medication,329,stateless_query,7496.616,2451.698,157
0,327, get_prescription_medication,338,stateless_query,10161.623,2952.733,222
0,328, get_prescription_medication,339,stateless_query,8618.44,2898.371,176
1,328, get_prescription_medication,330,stateless_query,7044.151,2811.729,191
1,329, get_prescription_medication,331,stateless_query,7906.433,2608.31,175
0,329, get_staff_prescriptions,340,stateless_query,8768.952,2983.45,133
0,330, get_prescription_medication,341,stateless_query,8111.284,2411.412,247
1,330, get_pharmacy_prescriptions,332,stateless_query,9142.94,3198.082,147
1,331, get_pharmacy_prescriptions,333,stateless_query,7326.669,2570.98,121
0,331, process_prescription,342,apply,4440.03,1115.823,365
0,332, create_prescription,343,apply,6426.238,2918.97,523
1,332, get_prescription_medication,334,stateless_query,9243.769,3384.258,216
1,333, get_prescription,335,stateless_query,10079.92,3719.183,127
0,333, get_pharmacy_prescriptions,344,stateless_query,9391.514,3803.201,171
0,334, create_prescription,345,apply,3449.902,1613.903,530
1,334, create_prescription,336,apply,3238.817,1313.753,365
0,335, get_pharmacy_prescriptions,346,stateless_query,8257.537,3082.315,152
1,335, get_prescription_medication,337,stateless_query,7863.391,3047.99,217
1,336, get_pharmacy_prescriptions,338,stateless_query,8618.1,3400.689,217
0,336, create_prescription,347,apply,5749.805,3044.775,338
0,337, get_pharmacy_prescriptions,348,stateless_query,8925.845,3231.613,160
1,337, get_pharmacy_prescriptions,339,stateless_query,9986.405,4548.072,199
1,338, get_prescription_medication,340,stateless_query,9225.033,3467.554,235
0,338, get_staff_prescriptions,349,stateless_query,10291.174,3798.582,129
0,339, process_prescription,350,apply,3300.582,1353.697,493
1,339, create_prescription,341,apply,3632.993,1597.814,569
1,340, get_processed_pharmacy_prescriptions,342,stateless_query,10593.719,2816.789,201
0,340, get_prescription_medication,351,stateless_query,9259.558,3861.32,213
0,341, process_prescription,352,apply,5709.711,3609.95,295
1,341, process_prescription,343,apply,4329.644,1204.268,514
1,342, create_prescription,344,apply,5832.42,3039.245,347
0,342, get_prescription_medication,353,stateless_query,9241.484,3301.935,166
1,343, process_prescription,345,apply,3586.927,1266.695,419
0,343, get_pharmacy_prescriptions,354,stateless_query,8487.997,3097.433,168
0,344, get_prescription_medication,355,stateless_query,9237.848,3400.49,298
1,344, get_pharmacy_prescriptions,346,stateless_query,10169.577,3774.787,231
0,345, get_pharmacy_prescriptions,356,stateless_query,9704.619,3352.199,214
1,345, get_prescription_medication,347,stateless_query,7905.139,3182.381,223
1,346, get_prescription_medication,348,stateless_query,8697.859,3492.26,227
0,346, get_prescription_medication,357,stateless_query,9161.976,2593.021,236
0,347, get_pharmacy_prescriptions,358,stateless_query,10290.213,3240.591,119
1,347, get_prescription_medication,349,stateless_query,9096.644,3133.209,191
1,348, get_staff_prescriptions,350,stateless_query,9518.551,2934.679,221
0,348, get_pharmacy_prescriptions,359,stateless_query,9671.788,3396.202,165
0,349, get_patient,360,stateless_query,9240.873,10350.234,114
1,349, get_staff_prescriptions,351,stateless_query,8044.208,2565.35,128
1,350, get_pharmacy_prescriptions,352,stateless_query,9553.096,3107.792,243
0,350, get_prescription_medication,361,stateless_query,8669.857,3209.864,246
0,351, get_processed_pharmacy_prescriptions,362,stateless_query,8267.776,3499.464,171
1,351, get_prescription,353,stateless_query,9035.239,3141.334,156
1,352, get_staff_prescriptions,354,stateless_query,9002.578,2865.74,241
0,352, process_prescription,363,apply,7263.271,4054.129,566
0,353, get_pharmacy_prescriptions,364,stateless_query,9962.4,3115.306,227
1,353, process_prescription,355,apply,6860.018,3748.208,333
1,354, get_pharmacy_prescriptions,356,stateless_query,8122.815,2525.867,201
0,354, get_prescription,365,stateless_query,9678.24,2805.127,239
0,355, get_pharmacy_prescriptions,366,stateless_query,9824.773,3553.484,264
1,355, create_prescription,357,apply,4346.965,1360.45,394
0,356, get_processed_pharmacy_prescriptions,367,stateless_query,9083.439,3818.559,181
1,356, get_processed_pharmacy_prescriptions,358,stateless_query,8948.167,3297.547,240
1,357, get_pharmacy_prescriptions,359,stateless_query,8607.57,2775.723,167
0,357, create_prescription,368,apply,3463.046,1269.309,379
0,358, get_patient,369,stateless_query,8506.151,9174.66,224
1,358, get_prescription_medication,360,stateless_query,9601.777,3831.103,172
0,359, get_pharmacy_prescriptions,370,stateless_query,9853.647,4616.89,166
1,359, update_prescription_medication,361,apply,4662.666,2645.339,325
1,360, get_prescription_medication,362,stateless_query,8012.059,2743.462,184
0,360, get_prescription,371,stateless_query,8389.534,2952.393,171
0,361, get_staff_prescriptions,372,stateless_query,9263.705,3926.992,176
1,361, get_prescription_medication,363,stateless_query,10415.606,3597.977,243
1,362, get_processed_pharmacy_prescriptions,364,stateless_query,8610.136,3376.674,175
0,362, get_staff_prescriptions,373,stateless_query,10619.979,4244.636,169
0,363, get_staff_prescriptions,374,stateless_query,10841.141,3849.909,265
1,363, update_prescription_medication,365,apply,2764.993,773.925,320
1,364, get_pharmacy_prescriptions,366,stateless_query,8202.745,3094.749,160
0,364, get_prescription_medication,375,stateless_query,9016.734,3337.722,334
0,365, get_processed_pharmacy_prescriptions,376,stateless_query,8827.702,3101.672,185
1,365, get_processed_pharmacy_prescriptions,367,stateless_query,9498.925,3494.374,259
1,366, get_staff_prescriptions,368,stateless_query,8777.187,2598.902,226
0,366, get_prescription_medication,377,stateless_query,9006.756,3608.567,176
1,367, get_prescription_medication,369,stateless_query,10513.9,4007.983,269
0,367, get_pharmacy_prescriptions,378,stateless_query,9274.677,4026.778,139
0,368, get_pharmacy_prescriptions,379,stateless_query,10659.452,3449.34,302
1,368, get_prescription_medication,370,stateless_query,10853.213,3566.408,280
1,369, get_pharmacy_prescriptions,371,stateless_query,8489.6,2917.066,177
0,369, get_staff_prescriptions,380,stateless_query,9887.71,4053.158,253
0,370, get_pharmacy_prescriptions,381,stateless_query,7921.69,3094.247,168
1,370, get_processed_pharmacy_prescriptions,372,stateless_query,9212.831,3170.058,183
1,371, process_prescription,373,apply,3456.464,1240.015,430
0,371, get_pharmacy_prescriptions,382,stateless_query,9598.431,3447.286,246
0,372, get_pharmacy_prescriptions,383,stateless_query,9551.343,3140.593,183
1,372, get_prescription_medication,374,stateless_query,12066.058,4233.965,212
1,373, update_prescription_medication,375,apply,5479.61,3234.539,315
0,373, get_prescription_medication,384,stateless_query,8394.293,2937.214,172
0,374, get_pharmacy_prescriptions,385,stateless_query,9348.204,3223.509,132
1,374, get_patient,376,stateless_query,8486.415,9406.162,166
1,375, get_pharmacy_prescriptions,377,stateless_query,9059.264,3600.122,170
0,375, get_staff_prescriptions,386,stateless_query,12216.469,4671.031,250
0,376, get_pharmacy_prescriptions,387,stateless_query,9025.631,3622.284,219
1,376, get_patient,378,stateless_query,8986.057,9773.979,212
1,377, process_prescription,379,apply,3322.603,874.643,310
0,377, get_pharmacy_prescriptions,388,stateless_query,9226.957,3638.963,124
0,378, create_prescription,389,apply,5525.807,3582.94,429
1,378, get_pharmacy_prescriptions,380,stateless_query,10244.827,3253.383,259
1,379, get_staff_prescriptions,381,stateless_query,9748.381,3326.19,191
0,379, get_staff_prescriptions,390,stateless_query,9461.875,3687.464,282
0,380, process_prescription,391,apply,3448.148,1139.928,544
1,380, get_prescription,382,stateless_query,11978.484,4628.792,231
1,381, get_prescription_medication,383,stateless_query,9174.459,4352.346,123
0,381, update_prescription_medication,392,apply,6823.319,3823.048,366
0,382, get_pharmacy_prescriptions,393,stateless_query,8787.326,3090.911,175
1,382, get_patient,384,stateless_query,8690.887,9237.928,273
1,383, get_pharmacy_prescriptions,385,stateless_query,10277.369,2919.431,235
0,383, get_prescription,394,stateless_query,8299.897,3070.794,213
0,384, get_pharmacy_prescriptions,395,stateless_query,8639.74,2876.21,155
1,384, get_prescription,386,stateless_query,10243.756,3824.22,242
1,385, get_processed_pharmacy_prescriptions,387,stateless_query,10064.792,4423.118,185
0,385, get_prescription_medication,396,stateless_query,9453.44,3016.602,145
0,386, process_prescription,397,apply,4956.233,3009.669,457
1,386, get_pharmacy_prescriptions,388,stateless_query,9484.287,3606.403,240
1,387, get_pharmacy_prescriptions,389,stateless_query,11415.974,4341.325,265
0,387, get_prescription_medication,398,stateless_query,9050.448,2999.099,297
0,388, get_prescription_medication,399,stateless_query,8748.294,2788.527,212
1,388, get_staff_prescriptions,390,stateless_query,9009.841,3319.638,265
1,389, get_pharmacy_prescriptions,391,stateless_query,11339.722,4309.115,174
0,389, get_pharmacy_prescriptions,400,stateless_query,9886.569,3492.25,187
0,390, get_staff_prescriptions,401,stateless_query,8704.281,3612.455,134
1,390, get_prescription_medication,392,stateless_query,8963.976,3360.044,183
1,391, get_pharmacy_prescriptions,393,stateless_query,8941.304,3721.869,182
0,391, get_staff_prescriptions,402,stateless_query,9464.411,3742.448,171
0,392, get_prescription_medication,403,stateless_query,11901.531,4246.78,198
1,392, get_prescription_medication,394,stateless_query,9641.602,3463.857,246
1,393, process_prescription,395,apply,3839.108,1259.622,365
0,393, get_prescription,404,stateless_query,8691.337,3267.772,145
0,394, get_prescription_medication,405,stateless_query,12257.115,4553.972,305
1,394, get_pharmacy_prescriptions,396,stateless_query,10553.995,3642.021,192
1,395, create_prescription,397,apply,4792.718,2948.184,522
0,395, get_prescription_medication,406,stateless_query,8066.09,3028.846,189
0,396, get_prescription_medication,407,stateless_query,12627.847,5700.854,259
1,396, process_prescription,398,apply,3999.557,1289.327,493
1,397, get_pharmacy_prescriptions,399,stateless_query,9516.527,3744.07,166
0,397, get_prescription_medication,408,stateless_query,10790.266,5381.889,137
0,398, get_prescription_medication,409,stateless_query,8488.068,2977.247,137
1,398, get_processed_pharmacy_prescriptions,400,stateless_query,11431.163,4653.088,181
1,399, get_prescription,401,stateless_query,8918.491,4029.343,139
0,399, update_prescription_medication,410,apply,6131.948,3661.146,392
0,400, get_pharmacy_prescriptions,411,stateless_query,9579.576,3222.185,188
1,400, update_prescription_medication,402,apply,6106.401,3441.406,312
1,401, create_prescription,403,apply,3485.538,1415.282,571
0,401, get_staff_prescriptions,412,stateless_query,8979.725,3793.202,184
0,402, get_prescription_medication,413,stateless_query,7896.773,3017.894,121
1,402, get_staff_prescriptions,404,stateless_query,10008.166,3417.6,174
1,403, get_prescription_medication,405,stateless_query,12730.669,5260.663,209
0,403, get_pharmacy_prescriptions,414,stateless_query,12258.607,3656.277,215
0,404, get_pharmacy_prescriptions,415,stateless_query,10118.592,2695.542,194
1,404, get_prescription_medication,406,stateless_query,9769.7,2948.013,228
1,405, get_pharmacy_prescriptions,407,stateless_query,10462.324,4231.059,276
0,405, get_pharmacy_prescriptions,416,stateless_query,8693.181,2696.494,188
0,406, update_prescription_medication,417,apply,6239.098,3378.418,446
1,406, get_prescription_medication,408,stateless_query,9848.869,4649.591,187
1,407, create_prescription,409,apply,3360.404,1423.478,412
0,407, get_pharmacy_prescriptions,418,stateless_query,9448.25,3218.049,301
0,408, get_pharmacy_prescriptions,419,stateless_query,8764.003,2844.791,273
1,408, get_prescription_medication,410,stateless_query,10876.557,4652.796,250
1,409, get_pharmacy_prescriptions,411,stateless_query,11417.347,4341.405,198
0,409, get_prescription_medication,420,stateless_query,9330.942,2851.664,207
0,410, get_pharmacy_prescriptions,421,stateless_query,10095.438,2901.408,222
1,410, get_prescription,412,stateless_query,8851.626,2735.898,136
1,411, get_pharmacy_prescriptions,413,stateless_query,9347.813,3280.936,125
0,411, get_prescription_medication,422,stateless_query,10034.515,3269.244,260
0,412, get_processed_pharmacy_prescriptions,423,stateless_query,8193.858,2907.138,118
1,412, get_pharmacy_prescriptions,414,stateless_query,8378.814,3291.354,246
1,413, get_prescription,415,stateless_query,8487.166,3051.888,198
0,413, get_prescription_medication,424,stateless_query,8259.34,2743.654,150
0,414, get_prescription_medication,425,stateless_query,8433.997,3055.896,188
1,414, get_pharmacy_prescriptions,416,stateless_query,8187.145,3115.315,164
1,415, get_processed_pharmacy_prescriptions,417,stateless_query,9456.335,3960.744,169
0,415, get_prescription_medication,426,stateless_query,10365.913,4902.813,223
0,416, get_prescription_medication,427,stateless_query,12315.393,4749.087,263
1,416, get_prescription_medication,418,stateless_query,9097.174,3264.094,177
1,417, get_prescription_medication,419,stateless_query,9731.569,3134.131,169
0,417, get_pharmacy_prescriptions,428,stateless_query,10233.246,3709.475,186
0,418, get_prescription_medication,429,stateless_query,9301.166,3475.027,247
1,418, get_staff_prescriptions,420,stateless_query,8661.792,2720.279,206
1,419, get_processed_pharmacy_prescriptions,421,stateless_query,9612.257,3028.885,220
0,419, get_staff_prescriptions,430,stateless_query,8750.418,3374.059,226
0,420, get_prescription_medication,431,stateless_query,8212.122,3211.607,169
1,420, process_prescription,422,apply,6159.54,3530.191,439
1,421, create_prescription,423,apply,3910.832,1122.816,357
0,421, create_prescription,432,apply,6457.066,3526.444,574
0,422, get_prescription_medication,433,stateless_query,9099.158,3028.344,201
1,422, update_prescription_medication,424,apply,3694.147,1713.199,283
1,423, get_prescription_medication,425,stateless_query,11690.276,4863.341,190
0,423, get_pharmacy_prescriptions,434,stateless_query,9645.259,3670.263,203
0,424, get_prescription_medication,435,stateless_query,8953.297,2977.48,250
1,424, get_staff_prescriptions,426,stateless_query,10578.972,5049.097,188
1,425, get_prescription_medication,427,stateless_query,10595.783,4145.129,197
0,425, get_staff_prescriptions,436,stateless_query,8754.855,3001.964,193
0,426, get_staff_prescriptions,437,stateless_query,13785.187,6336.45,282
1,426, get_prescription_medication,428,stateless_query,8884.518,2901.628,180
1,427, get_pharmacy_prescriptions,429,stateless_query,9028.157,3331.199,273
0,427, get_staff_prescriptions,438,stateless_query,11432.134,3976.595,260
0,428, get_processed_pharmacy_prescriptions,439,stateless_query,11456.119,5067.362,215
1,428, process_prescription,430,apply,3845.991,1006.94,297
1,429, get_prescription_medication,431,stateless_query,8108.198,3167.013,232
0,429, create_prescription,440,apply,3863.454,1337.928,497
0,430, get_pharmacy_prescriptions,441,stateless_query,9383.329,3321.4,188
1,430, get_pharmacy_prescriptions,432,stateless_query,8455.527,3461.724,167
1,431, get_prescription_medication,433,stateless_query,9115.579,3350.915,188
0,431, get_prescription_medication,442,stateless_query,9825.405,3731.227,196
0,432, get_pharmacy_prescriptions,443,stateless_query,10481.67,4555.054,192
1,432, get_prescription,434,stateless_query,8849.332,2999.4,160
1,433, get_processed_pharmacy_prescriptions,435,stateless_query,8756.328,3338.523,223
0,433, get_pharmacy_prescriptions,444,stateless_query,10416.337,3286.455,204
0,434, get_pharmacy_prescriptions,445,stateless_query,10572.088,3849.346,283
1,434, get_processed_pharmacy_prescriptions,436,stateless_query,13811.596,6184.256,219
1,435, update_prescription_medication,437,apply,5761.597,3657.008,440
0,435, get_pharmacy_prescriptions,446,stateless_query,9724.126,3680.472,207
0,436, get_pharmacy_prescriptions,447,stateless_query,10214.191,3419.254,158
1,436, get_pharmacy_prescriptions,438,stateless_query,11079.075,3669.732,285
1,437, get_prescription_medication,439,stateless_query,11566.776,4756.309,307
0,437, get_pharmacy_prescriptions,448,stateless_query,9655.727,3728.562,184
0,438, get_prescription_medication,449,stateless_query,11102.669,3547.343,235
1,438, get_prescription_medication,440,stateless_query,10185.467,3930.159,240
1,439, get_prescription_medication,441,stateless_query,8649.519,3017.434,363
0,439, get_prescription_medication,450,stateless_query,9696.243,3564.746,147
0,440, get_patient,451,stateless_query,11310.978,14334.214,171
1,440, get_pharmacy_prescriptions,442,stateless_query,9464.641,3466.371,170
1,441, get_prescription_medication,443,stateless_query,10508.189,4727.265,164
0,441, get_prescription,452,stateless_query,8830.677,3375.613,198
0,442, get_staff_prescriptions,453,stateless_query,10065.612,3772.272,263
1,442, get_pharmacy_prescriptions,444,stateless_query,9283.072,4315.207,115
1,443, get_staff_prescriptions,445,stateless_query,9239.581,3499.844,202
0,443, get_prescription_medication,454,stateless_query,11526.179,5355.831,241
0,444, get_pharmacy_prescriptions,455,stateless_query,8692.029,3209.242,187
1,444, get_pharmacy_prescriptions,446,stateless_query,9603.931,3011.313,254
1,445, get_pharmacy_prescriptions,447,stateless_query,10531.242,4157.633,216
0,445, get_pharmacy_prescriptions,456,stateless_query,9645.508,3463.887,184
0,446, create_prescription,457,apply,4559.383,2605.565,364
1,446, get_pharmacy_prescriptions,448,stateless_query,10504.312,4258.22,170
1,447, get_prescription_medication,449,stateless_query,9912.247,3314.018,261
0,447, get_pharmacy_prescriptions,458,stateless_query,9506.239,3372.938,197
0,448, get_pharmacy_prescriptions,459,stateless_query,9869.306,3642.301,254
1,448, get_pharmacy_prescriptions,450,stateless_query,12088.48,4404.824,249
1,449, update_prescription_medication,451,apply,6146.445,3487.822,349
0,449, create_prescription,460,apply,3817.227,1435.7,426
0,450, get_pharmacy_prescriptions,461,stateless_query,9523.672,3252.983,188
1,450, get_pharmacy_prescriptions,452,stateless_query,9762.126,3676.675,286
1,451, get_prescription_medication,453,stateless_query,11072.764,4610.498,200
0,451, get_prescription_medication,462,stateless_query,9285.036,3612.855,178
0,452, update_prescription_medication,463,apply,5091.907,3147.246,448
1,452, get_prescription_medication,454,stateless_query,9536.274,3275.926,224
1,453, get_pharmacy_prescriptions,455,stateless_query,10578.4,3439.22,267
0,453, get_pharmacy_prescriptions,464,stateless_query,10516.144,4424.05,313
0,454, create_prescription,465,apply,4601.241,2047.312,404
1,454, get_pharmacy_prescriptions,456,stateless_query,9778.397,3142.858,278
1,455, get_pharmacy_prescriptions,457,stateless_query,10066.575,3456.053,166
0,455, create_prescription,466,apply,6100.29,3368.249,354
0,456, get_processed_pharmacy_prescriptions,467,stateless_query,10870.656,4573.519,188
1,456, get_pharmacy_prescriptions,458,stateless_query,10214.311,4153.334,185
1,457, create_prescription,459,apply,6163.898,3732.88,517
0,457, get_prescription,468,stateless_query,11387.741,4859.704,276
0,458, create_prescription,469,apply,5155.085,2484.759,365
1,458, get_pharmacy_prescriptions,460,stateless_query,10616.962,4444.087,270
1,459, get_processed_pharmacy_prescriptions,461,stateless_query,11574.981,4714.352,228
0,459, get_prescription_medication,470,stateless_query,11265.613,4730.712,295
0,460, get_prescription_medication,471,stateless_query,10744.029,4467.681,259
1,460, get_patient,462,stateless_query,11273.598,14289.458,243
1,461, get_prescription_medication,463,stateless_query,9812.18,3750.963,268
0,461, create_prescription,472,apply,3599.15,1188.188,423
0,462, get_prescription_medication,473,stateless_query,11711.155,4595.419,263
1,462, create_prescription,464,apply,3028.785,1097.95,443
1,463, create_prescription,465,apply,3744.972,1567.657,576
0,463, get_staff_prescriptions,474,stateless_query,9616.685,3501.998,204
0,464, process_prescription,475,apply,2805.207,850.227,300
1,464, get_pharmacy_prescriptions,466,stateless_query,8886.321,3575.055,202
1,465, get_prescription_medication,467,stateless_query,12149.684,4495.914,262
0,465, get_prescription_medication,476,stateless_query,10190.847,3990.21,260
0,466, get_pharmacy_prescriptions,477,stateless_query,10209.812,4169.545,195
1,466, get_staff_prescriptions,468,stateless_query,10192.56,4027.279,278
1,467, get_prescription_medication,469,stateless_query,11134.789,4079.777,256
0,467, get_pharmacy_prescriptions,478,stateless_query,10160.51,4330.716,209
1,468, get_prescription_medication,470,stateless_query,11020.276,4696.589,143
0,468, get_pharmacy_prescriptions,479,stateless_query,12623.84,5147.311,293
0,469, get_processed_pharmacy_prescriptions,480,stateless_query,10498.17,3807.749,220
1,469, create_prescription,471,apply,6268.063,3186.83,450
1,470, get_prescription_medication,472,stateless_query,10862.361,5003.692,274
0,470, get_processed_pharmacy_prescriptions,481,stateless_query,11392.149,3868.583,268
0,471, get_pharmacy_prescriptions,482,stateless_query,11206.213,4659.68,194
1,471, get_processed_pharmacy_prescriptions,473,stateless_query,9786.732,3914.368,193
1,472, get_staff_prescriptions,474,stateless_query,9241.384,3454.93,198
0,472, get_prescription_medication,483,stateless_query,10240.51,3683.618,315
0,473, get_pharmacy_prescriptions,484,stateless_query,10379.82,3852.924,295
1,473, get_prescription_medication,475,stateless_query,11087.521,4293.927,170
1,474, get_staff_prescriptions,476,stateless_query,12933.267,5528.461,276
0,474, get_staff_prescriptions,485,stateless_query,11178.461,4280.511,215
0,475, create_prescription,486,apply,3709.115,1337.988,593
1,475, get_prescription_medication,477,stateless_query,13400.7,4668.987,242
1,476, get_prescription_medication,478,stateless_query,10006.152,3562.991,197
0,476, get_pharmacy_prescriptions,487,stateless_query,11868.258,5195.19,209
0,477, get_pharmacy_prescriptions,488,stateless_query,10736.806,4123.118,202
1,477, get_prescription_medication,479,stateless_query,10154.699,3363.189,294
1,478, get_staff_prescriptions,480,stateless_query,12133.114,4344.611,281
0,478, get_staff_prescriptions,489,stateless_query,9179.588,3162.925,220
0,479, get_prescription_medication,490,stateless_query,12026.444,4219.116,242
1,479, get_patient,481,stateless_query,10657.598,12040.62,264
1,480, get_prescription_medication,482,stateless_query,11520.449,4347.637,292
0,480, get_pharmacy_prescriptions,491,stateless_query,10442.447,3946.028,203
0,481, get_prescription_medication,492,stateless_query,11302.372,4076.03,250
1,481, get_prescription_medication,483,stateless_query,10411.098,4142.293,253
1,482, get_processed_pharmacy_prescriptions,484,stateless_query,10826.784,3818.028,144
0,482, get_pharmacy_prescriptions,493,stateless_query,11091.208,3531.053,242
0,483, get_prescription_medication,494,stateless_query,11215.52,3993.466,203
1,483, get_staff_prescriptions,485,stateless_query,9484.508,3321.091,202
1,484, get_pharmacy_prescriptions,486,stateless_query,10147.386,3769.908,136
0,484, get_pharmacy_prescriptions,495,stateless_query,13032.812,4965.22,290
0,485, get_patient,496,stateless_query,9188.315,10495.586,132
1,485, get_staff_prescriptions,487,stateless_query,11048.919,3812.869,124
1,486, get_staff_prescriptions,488,stateless_query,12006.316,5582.603,193
0,486, get_pharmacy_prescriptions,497,stateless_query,12092.548,3713.674,308
0,487, get_processed_pharmacy_prescriptions,498,stateless_query,12274.157,4588.247,181
1,487, get_pharmacy_prescriptions,489,stateless_query,9216.457,3485.377,138
0,488, get_prescription_medication,499,stateless_query,11999.403,4638.45,165
1,488, get_staff_prescriptions,490,stateless_query,11413.85,4771.438,208
0,489, get_prescription_medication,500,stateless_query,10799.103,4450.419,173
1,489, get_patient,491,stateless_query,10422.8,11872.807,296
1,490, get_patient,492,stateless_query,12588.964,14003.105,202
0,490, get_pharmacy_prescriptions,501,stateless_query,9758.88,3600.492,226
0,491, get_pharmacy_prescriptions,502,stateless_query,13895.624,5801.351,291
1,491, get_pharmacy_prescriptions,493,stateless_query,9507.801,3484.655,154
0,492, get_prescription,503,stateless_query,10536.913,3578.311,285
1,492, get_prescription,494,stateless_query,12191.302,5042.445,222
1,493, get_prescription_medication,495,stateless_query,12809.245,3775.078,252
0,493, get_patient,504,stateless_query,11742.253,14522.003,275
0,494, get_processed_pharmacy_prescriptions,505,stateless_query,11150.498,4310.478,232
1,494, get_pharmacy_prescriptions,496,stateless_query,11251.547,4707.249,222
1,495, create_prescription,497,apply,6639.146,3537.094,584
0,495, get_staff_prescriptions,506,stateless_query,11188.218,4500.924,200
0,496, get_processed_pharmacy_prescriptions,507,stateless_query,10528.557,4736.363,144
1,496, get_prescription_medication,498,stateless_query,11494.801,3893.538,271
1,497, get_prescription_medication,499,stateless_query,11352.445,3862.491,343
0,497, get_pharmacy_prescriptions,508,stateless_query,11857.849,4153.505,258
0,498, get_prescription_medication,509,stateless_query,12164.111,4381.911,292
1,498, get_prescription,500,stateless_query,9927.856,3174.387,280
1,499, create_prescription,501,apply,3443.529,1207.525,476
0,499, get_prescription_medication,510,stateless_query,12553.738,4590.141,221
0,500, get_prescription_medication,511,stateless_query,11687.351,3638.923,236
1,500, get_prescription_medication,502,stateless_query,11808.677,5098.109,308
1,501, get_prescription,503,stateless_query,10923.234,3346.348,243
0,501, get_prescription_medication,512,stateless_query,11286.482,3766.943,302
0,502, get_prescription,513,stateless_query,10805.435,3882.278,195
1,502, get_pharmacy_prescriptions,504,stateless_query,11726.384,3827.837,249
1,503, update_prescription_medication,505,apply,7427.297,4565.634,378
0,503, process_prescription,514,apply,3316.401,1161.088,570
1,504, get_pharmacy_prescriptions,506,stateless_query,10342.48,3838.336,214
0,504, get_pharmacy_prescriptions,515,stateless_query,10341.337,3606.623,229
0,505, create_prescription,516,apply,5256.083,1590.459,596
1,505, get_processed_pharmacy_prescriptions,507,stateless_query,10805.375,4933.041,252
0,506, get_pharmacy_prescriptions,517,stateless_query,12923.158,4238.453,221
1,506, get_pharmacy_prescriptions,508,stateless_query,12237.578,5570.019,277
1,507, get_patient,509,stateless_query,13145.744,17037.51,225
0,507, get_prescription_medication,518,stateless_query,10426.477,4004.195,130
0,508, get_prescription,519,stateless_query,11084.245,3864.676,174
1,508, get_prescription_medication,510,stateless_query,10559.635,3948.693,228
0,509, create_prescription,520,apply,9426.209,5908.031,518
1,509, get_pharmacy_prescriptions,511,stateless_query,12686.737,4684.245,244
1,510, get_staff_prescriptions,512,stateless_query,10084.147,3757.565,209
0,510, get_processed_pharmacy_prescriptions,521,stateless_query,11159.706,4123.499,232
0,511, get_staff_prescriptions,522,stateless_query,11898.946,5412.305,292
1,511, create_prescription,513,apply,4703.823,1544.404,500
1,512, get_staff_prescriptions,514,stateless_query,9836.264,3692.514,158
0,512, get_patient,523,stateless_query,12706.323,16560.79,168
1,513, get_pharmacy_prescriptions,515,stateless_query,11459.345,4040.915,216
0,513, get_prescription_medication,524,stateless_query,13992.204,6567.171,217
0,514, get_pharmacy_prescriptions,525,stateless_query,12937.335,5388.862,283
1,514, get_staff_prescriptions,516,stateless_query,13645.316,5454.463,316
1,515, get_prescription,517,stateless_query,12583.874,4722.728,310
0,515, get_processed_pharmacy_prescriptions,526,stateless_query,10195.165,3844.598,216
0,516, get_staff_prescriptions,527,stateless_query,12338.958,4825.579,300
1,516, create_prescription,518,apply,3453.929,1407.918,578
1,517, get_pharmacy_prescriptions,519,stateless_query,11831.24,4851.598,280
0,517, get_pharmacy_prescriptions,528,stateless_query,10724.473,4790.924,190
0,518, get_staff_prescriptions,529,stateless_query,9692.096,3378.929,216
1,518, update_prescription_medication,520,apply,3000.863,1108.089,496
1,519, get_prescription_medication,521,stateless_query,15449.976,5772.227,289
0,519, get_processed_pharmacy_prescriptions,530,stateless_query,12938.807,4475.667,272
0,520, get_prescription_medication,531,stateless_query,10124.452,3841.222,150
1,520, get_pharmacy_prescriptions,522,stateless_query,13526.825,5734.226,270
1,521, create_prescription,523,apply,5761.146,3763.477,558
0,521, get_pharmacy_prescriptions,532,stateless_query,12197.894,5750.607,262
0,522, get_prescription_medication,533,stateless_query,9742.459,3237.184,171
1,522, get_pharmacy_prescriptions,524,stateless_query,12448.371,4595.259,299
1,523, get_staff_prescriptions,525,stateless_query,10808.34,4446.762,211
0,523, get_pharmacy_prescriptions,534,stateless_query,12373.512,4349.762,220
0,524, get_pharmacy_prescriptions,535,stateless_query,11590.36,4397.96,292
1,524, create_prescription,526,apply,3242.635,1173.17,488
1,525, get_prescription_medication,527,stateless_query,10777.342,3841.602,209
0,525, get_pharmacy_prescriptions,536,stateless_query,12561.654,5341.823,274
0,526, get_staff_prescriptions,537,stateless_query,10621.471,3318.496,372
1,526, get_prescription_medication,528,stateless_query,11444.006,3722.019,255
1,527, get_staff_prescriptions,529,stateless_query,10147.887,3460.782,209
0,527, get_prescription_medication,538,stateless_query,13299.531,6052.271,288
0,528, get_processed_pharmacy_prescriptions,539,stateless_query,10192.62,3924.608,299
1,528, get_processed_pharmacy_prescriptions,530,stateless_query,11924.133,4093.944,291
1,529, get_pharmacy_prescriptions,531,stateless_query,9100.741,3476.842,151
0,529, update_prescription_medication,540,apply,2827.269,829.94,305
0,530, get_processed_pharmacy_prescriptions,541,stateless_query,11907.502,4828.174,213
1,530, get_pharmacy_prescriptions,532,stateless_query,13229.771,4823.946,312
1,531, create_prescription,533,apply,6332.453,4359.389,565
0,531, get_prescription,542,stateless_query,10814.992,3520.483,205
0,532, get_pharmacy_prescriptions,543,stateless_query,11364.848,3428.371,334
1,532, get_pharmacy_prescriptions,534,stateless_query,11376.27,4518.065,319
1,533, get_staff_prescriptions,535,stateless_query,11860.935,4363.367,334
0,533, get_prescription_medication,544,stateless_query,10822.876,4708.56,131
1,534, get_prescription_medication,536,stateless_query,11275.542,4821.603,242
0,534, get_prescription_medication,545,stateless_query,12168.619,4319.375,292
0,535, get_pharmacy_prescriptions,546,stateless_query,11601.541,4991.219,189
1,535, get_prescription_medication,537,stateless_query,9652.372,3870.948,215
0,536, get_prescription_medication,547,stateless_query,13077.316,5773.659,312
1,536, get_processed_pharmacy_prescriptions,538,stateless_query,11679.557,5019.993,210
1,537, get_staff_prescriptions,539,stateless_query,10649.262,4233.244,199
0,537, get_processed_pharmacy_prescriptions,548,stateless_query,11838.102,5492.225,230
0,538, get_prescription_medication,549,stateless_query,9403.577,3510.644,207
1,538, get_prescription_medication,540,stateless_query,11583.657,4555.377,212
1,539, get_prescription_medication,541,stateless_query,11509.228,4112.198,175
0,539, get_staff_prescriptions,550,stateless_query,12105.442,4815.661,292
0,540, get_prescription_medication,551,stateless_query,12298.592,4674.948,286
1,540, get_processed_pharmacy_prescriptions,542,stateless_query,9799.396,3414.334,185
0,541, process_prescription,552,apply,8395.234,4605.93,363
1,541, get_prescription_medication,543,stateless_query,13864.415,5702.476,206
1,542, get_patient,544,stateless_query,10955.635,12977.851,208
0,542, get_prescription_medication,553,stateless_query,12364.515,3795.636,366
0,543, get_pharmacy_prescriptions,554,stateless_query,12380.415,5115.981,266
1,543, get_prescription_medication,545,stateless_query,10322.542,4285.311,231
1,544, create_prescription,546,apply,8458.543,5397.116,401
0,544, get_processed_pharmacy_prescriptions,555,stateless_query,10092.062,4023.312,250
0,545, get_staff_prescriptions,556,stateless_query,10993.645,3695.109,242
1,545, get_prescription,547,stateless_query,10738.86,4132.836,206
0,546, get_prescription,557,stateless_query,11087.661,4025.235,234
1,546, get_staff_prescriptions,548,stateless_query,9849.629,3494.464,302
1,547, get_pharmacy_prescriptions,549,stateless_query,10900.04,5182.927,189
0,547, get_prescription_medication,558,stateless_query,12164.201,4576.684,213
1,548, get_prescription,550,stateless_query,9536.484,3740.824,285
0,548, create_prescription,559,apply,5402.687,3633.625,383
0,549, create_prescription,560,apply,3341.048,1248.18,409
1,549, get_pharmacy_prescriptions,551,stateless_query,12204.737,4187.739,245
0,550, get_pharmacy_prescriptions,561,stateless_query,11381.74,3863.824,230
1,550, get_prescription,552,stateless_query,11813.897,4835.388,304
1,551, get_pharmacy_prescriptions,553,stateless_query,10466.642,4178.351,200
0,551, get_prescription_medication,562,stateless_query,12253.658,5344.128,206
0,552, get_staff_prescriptions,563,stateless_query,11337.358,4789.773,217
1,552, get_staff_prescriptions,554,stateless_query,10941.468,4464.376,307
1,553, get_prescription,555,stateless_query,10067.176,4752.614,161
0,553, get_pharmacy_prescriptions,564,stateless_query,11730.331,3676.985,136
0,554, get_pharmacy_prescriptions,565,stateless_query,11175.446,3439.011,194
1,554, get_pharmacy_prescriptions,556,stateless_query,9988.449,3978.639,142
1,555, get_staff_prescriptions,557,stateless_query,9762.036,3576.337,146
0,555, get_prescription_medication,566,stateless_query,10281.897,4338.37,215
0,556, get_prescription,567,stateless_query,10045.265,3821.104,277
1,556, get_pharmacy_prescriptions,558,stateless_query,9865.208,4342.638,135
0,557, process_prescription,568,apply,5071.659,3178.334,305
1,557, get_pharmacy_prescriptions,559,stateless_query,11143.636,3974.701,209
1,558, get_pharmacy_prescriptions,560,stateless_query,10728.44,4357.366,194
0,558, get_pharmacy_prescriptions,569,stateless_query,11204.179,4952.697,214
0,559, get_prescription_medication,570,stateless_query,11842.199,4389.976,225
1,559, update_prescription_medication,561,apply,5649.829,3772.774,444
1,560, create_prescription,562,apply,3141.736,1228.754,470
0,560, get_patient,571,stateless_query,12616.265,16049.026,275
0,561, get_prescription_medication,572,stateless_query,11587.724,5133.083,222
1,561, create_prescription,563,apply,3188.653,1147.062,405
1,562, get_prescription,564,stateless_query,9862.554,3947.921,169
0,562, get_pharmacy_prescriptions,573,stateless_query,10778.934,4141.341,292
1,563, get_pharmacy_prescriptions,565,stateless_query,9792.023,3587.458,210
0,563, get_prescription,574,stateless_query,10875.385,4136.162,243
0,564, get_prescription_medication,575,stateless_query,9815.045,3754.951,186
1,564, get_prescription_medication,566,stateless_query,12908.761,3515.343,256
1,565, process_prescription,567,apply,6155.903,3993.907,568
0,565, get_prescription_medication,576,stateless_query,9712.624,3836.303,170
0,566, get_pharmacy_prescriptions,577,stateless_query,11737.815,4449.337,300
1,566, get_prescription_medication,568,stateless_query,10473.545,3556.951,373
1,567, update_prescription_medication,569,apply,2711.332,863.021,284
0,567, get_processed_pharmacy_prescriptions,578,stateless_query,10091.001,3683.887,212
1,568, get_processed_pharmacy_prescriptions,570,stateless_query,10108.413,3577.219,322
0,568, get_prescription_medication,579,stateless_query,11738.927,4258.751,213
0,569, create_prescription,580,apply,8026.496,5022.768,614
1,569, update_prescription_medication,571,apply,2500.639,787.832,357
1,570, get_prescription_medication,572,stateless_query,10706.249,4394.896,347
0,570, get_prescription,581,stateless_query,11333.91,3549.387,364
0,571, get_prescription_medication,582,stateless_query,10572.59,4183.661,216
1,571, get_prescription_medication,573,stateless_query,13650.967,5116.473,326
0,572, get_staff_prescriptions,583,stateless_query,10937.691,3968.409,262
1,572, get_staff_prescriptions,574,stateless_query,13105.498,5948.166,334
1,573, get_prescription_medication,575,stateless_query,12266.843,4148.977,355
0,573, get_prescription_medication,584,stateless_query,10209.391,3429.142,313
0,574, get_prescription_medication,585,stateless_query,11908.394,3970.543,376
1,574, get_prescription_medication,576,stateless_query,10868.231,3854.477,270
0,575, process_prescription,586,apply,2892.922,828.197,296
1,575, get_pharmacy_prescriptions,577,stateless_query,10547.052,3681.062,247
1,576, get_pharmacy_prescriptions,578,stateless_query,12560.521,3919.007,297
0,576, process_prescription,587,apply,3202.239,1100.785,432
0,577, get_pharmacy_prescriptions,588,stateless_query,14184.152,7800.854,144
1,577, get_prescription_medication,579,stateless_query,11391.759,4847.0,178
1,578, get_staff_prescriptions,580,stateless_query,10522.636,4222.885,217
0,578, get_prescription_medication,589,stateless_query,13453.638,5152.23,213
0,579, get_prescription_medication,590,stateless_query,11318.202,4046.285,362
1,579, get_prescription_medication,581,stateless_query,11718.8,4317.531,173
1,580, get_staff_prescriptions,582,stateless_query,11264.892,4397.751,295
0,580, get_pharmacy_prescriptions,591,stateless_query,12345.82,5486.603,214
0,581, get_processed_pharmacy_prescriptions,592,stateless_query,10968.138,3684.739,294
1,581, get_pharmacy_prescriptions,583,stateless_query,10610.139,4436.604,198
1,582, get_prescription,584,stateless_query,10570.866,4325.485,218
0,582, create_prescription,593,apply,4028.832,1865.323,543
0,583, get_patient,594,stateless_query,10391.291,12616.245,241
1,583, get_pharmacy_prescriptions,585,stateless_query,10803.53,4367.113,223
1,584, get_pharmacy_prescriptions,586,stateless_query,11308.784,4862.508,340
0,584, get_pharmacy_prescriptions,595,stateless_query,11077.973,3867.36,228
0,585, get_processed_pharmacy_prescriptions,596,stateless_query,12540.234,4834.737,284
1,585, create_prescription,587,apply,3061.606,1246.127,426
1,586, get_prescription_medication,588,stateless_query,10606.853,4168.403,211
0,586, get_pharmacy_prescriptions,597,stateless_query,13159.82,5644.779,227
0,587, get_prescription_medication,598,stateless_query,10790.717,3627.653,216
1,587, get_pharmacy_prescriptions,589,stateless_query,16692.596,8296.099,229
0,588, get_prescription,599,stateless_query,13440.043,3767.975,342
1,588, get_pharmacy_prescriptions,590,stateless_query,10620.428,4374.948,238
1,589, create_prescription,591,apply,8580.43,5448.924,638
0,589, get_pharmacy_prescriptions,600,stateless_query,11596.361,3820.634,254
0,590, get_processed_pharmacy_prescriptions,601,stateless_query,10996.27,3884.904,216
1,590, get_pharmacy_prescriptions,592,stateless_query,12827.79,5802.504,238
1,591, get_prescription_medication,593,stateless_query,11219.056,3976.744,341
0,591, update_prescription_medication,602,apply,6598.519,4208.187,262
1,592, get_prescription,594,stateless_query,13324.027,5108.036,319
0,592, create_prescription,603,apply,2830.054,1053.918,376
0,593, get_patient,604,stateless_query,10880.034,13022.804,330
1,593, get_pharmacy_prescriptions,595,stateless_query,15310.715,5661.751,386
1,594, get_patient,596,stateless_query,11356.002,13998.456,227
0,594, get_pharmacy_prescriptions,605,stateless_query,11808.016,5315.073,216
0,595, get_prescription_medication,606,stateless_query,12920.583,5794.728,229
1,595, get_prescription_medication,597,stateless_query,12712.966,5208.785,310
1,596, get_staff_prescriptions,598,stateless_query,12747.901,4898.264,283
0,596, update_prescription_medication,607,apply,2709.007,939.665,447
0,597, create_prescription,608,apply,3364.161,1272.235,547
1,597, get_prescription_medication,599,stateless_query,10608.777,4098.563,170
1,598, get_staff_prescriptions,600,stateless_query,12728.054,3760.391,283
0,598, get_prescription_medication,609,stateless_query,11220.249,4851.418,179
0,599, get_prescription_medication,610,stateless_query,12110.811,3718.533,281
1,599, get_staff_prescriptions,601,stateless_query,12180.17,4868.831,144
1,600, get_pharmacy_prescriptions,602,stateless_query,10691.832,4766.499,221
0,600, get_processed_pharmacy_prescriptions,611,stateless_query,10903.607,3652.891,224
0,601, get_prescription_medication,612,stateless_query,12343.085,3947.921,178
1,601, create_prescription,603,apply,4632.52,2734.836,386
1,602, get_prescription_medication,604,stateless_query,10865.166,4451.852,235
0,602, get_prescription_medication,613,stateless_query,10631.64,4355.622,167
0,603, get_pharmacy_prescriptions,614,stateless_query,11456.26,3834.779,294
1,603, get_pharmacy_prescriptions,605,stateless_query,11193.498,4274.752,219
1,604, get_pharmacy_prescriptions,606,stateless_query,12316.496,4843.233,291
0,604, get_prescription_medication,615,stateless_query,11902.222,4072.684,312
0,605, get_pharmacy_prescriptions,616,stateless_query,12415.149,4068.757,327
1,605, get_pharmacy_prescriptions,607,stateless_query,13772.113,5422.333,307
1,606, get_staff_prescriptions,608,stateless_query,10499.272,3779.036,215
0,606, get_pharmacy_prescriptions,617,stateless_query,16500.988,6428.001,330
0,607, get_staff_prescriptions,618,stateless_query,12629.42,6070.605,251
1,607, get_prescription,609,stateless_query,10454.339,3713.544,146
1,608, get_prescription_medication,610,stateless_query,11705.946,3992.003,227
0,608, get_processed_pharmacy_prescriptions,619,stateless_query,12305.004,4859.864,282
0,609, get_prescription_medication,620,stateless_query,11645.072,3579.734,335
1,609, get_prescription_medication,611,stateless_query,11943.379,4403.452,224
0,610, get_pharmacy_prescriptions,621,stateless_query,12718.496,4905.218,339
1,610, get_prescription_medication,612,stateless_query,12643.376,4680.489,204
1,611, get_pharmacy_prescriptions,613,stateless_query,10635.406,4190.353,250
0,611, get_processed_pharmacy_prescriptions,622,stateless_query,11796.274,5325.933,214
0,612, get_staff_prescriptions,623,stateless_query,10659.171,3932.161,234
1,612, get_pharmacy_prescriptions,614,stateless_query,11821.421,4071.512,236
1,613, get_pharmacy_prescriptions,615,stateless_query,12244.561,5039.629,170
0,613, get_pharmacy_prescriptions,624,stateless_query,11820.329,4864.413,233
1,614, get_pharmacy_prescriptions,616,stateless_query,13418.863,5042.374,333
0,614, get_staff_prescriptions,625,stateless_query,12195.99,5362.712,227
0,615, get_pharmacy_prescriptions,626,stateless_query,11883.337,4978.986,212
1,615, create_prescription,617,apply,3482.943,1358.396,499
1,616, get_prescription_medication,618,stateless_query,12295.246,4453.445,157
0,616, get_prescription_medication,627,stateless_query,13410.638,6187.292,203
0,617, get_pharmacy_prescriptions,628,stateless_query,16416.871,7906.772,255
1,617, get_staff_prescriptions,619,stateless_query,10160.71,3741.856,178
1,618, create_prescription,620,apply,7138.508,4490.164,503
0,618, get_staff_prescriptions,629,stateless_query,11239.504,3941.949,210
0,619, get_staff_prescriptions,630,stateless_query,10586.556,3974.57,224
1,619, get_pharmacy_prescriptions,621,stateless_query,11908.885,3810.064,313
1,620, get_pharmacy_prescriptions,622,stateless_query,11175.595,3890.093,405
0,620, get_processed_pharmacy_prescriptions,631,stateless_query,10349.363,3764.138,180
1,621, get_pharmacy_prescriptions,623,stateless_query,12288.854,4510.522,217
0,621, create_prescription,632,apply,7233.525,4305.809,448
0,622, get_prescription,633,stateless_query,13644.514,5644.058,224
1,622, get_staff_prescriptions,624,stateless_query,11540.517,4665.64,245
1,623, create_prescription,625,apply,3625.98,1292.213,580
0,623, update_prescription_medication,634,apply,2713.256,942.76,353
0,624, get_pharmacy_prescriptions,635,stateless_query,12802.022,5351.551,304
1,624, get_prescription_medication,626,stateless_query,12547.186,3903.788,258
1,625, get_pharmacy_prescriptions,627,stateless_query,13950.927,5457.97,357
0,625, get_prescription_medication,636,stateless_query,14105.475,5963.614,304
0,626, get_prescription_medication,637,stateless_query,11972.233,4306.32,238
1,626, get_staff_prescriptions,628,stateless_query,15839.012,7906.582,253
1,627, get_staff_prescriptions,629,stateless_query,12347.292,3965.934,315
0,627, get_staff_prescriptions,638,stateless_query,13137.018,4248.683,223
0,628, get_prescription_medication,639,stateless_query,11087.361,3895.474,332
1,628, get_prescription_medication,630,stateless_query,11227.302,3688.547,278
1,629, get_patient,631,stateless_query,12923.789,13964.823,359
0,629, get_prescription_medication,640,stateless_query,15650.67,5309.954,339
0,630, get_processed_pharmacy_prescriptions,641,stateless_query,12475.252,5137.162,240
1,630, get_processed_pharmacy_prescriptions,632,stateless_query,11403.29,5162.508,229
1,631, get_pharmacy_prescriptions,633,stateless_query,13072.316,6026.162,240
0,631, get_patient,642,stateless_query,11845.346,14323.684,247
0,632, get_pharmacy_prescriptions,643,stateless_query,10695.89,3821.405,236
1,632, get_pharmacy_prescriptions,634,stateless_query,12348.685,4594.208,234
1,633, get_pharmacy_prescriptions,635,stateless_query,12911.676,4789.352,278
0,633, create_prescription,644,apply,3303.067,1158.483,366
0,634, get_processed_pharmacy_prescriptions,645,stateless_query,11840.316,3841.142,436
1,634, get_pharmacy_prescriptions,636,stateless_query,12543.9,4323.653,246
1,635, get_prescription_medication,637,stateless_query,11348.257,4641.245,147
0,635, get_patient,646,stateless_query,12556.313,14405.745,307
0,636, get_prescription,647,stateless_query,12933.066,4702.539,376
1,636, create_prescription,638,apply,7697.541,5075.446,483
1,637, get_staff_prescriptions,639,stateless_query,14598.726,5987.258,335
0,637, get_prescription,648,stateless_query,13857.984,4441.453,277
1,638, create_prescription,640,apply,3623.004,1747.673,604
0,638, get_pharmacy_prescriptions,649,stateless_query,12678.632,5423.766,237
0,639, get_pharmacy_prescriptions,650,stateless_query,13442.688,6149.963,193
1,639, get_staff_prescriptions,641,stateless_query,13281.327,4907.713,331
1,640, get_pharmacy_prescriptions,642,stateless_query,15768.471,6874.915,160
0,640, update_prescription_medication,651,apply,2940.5,1124.77,274
0,641, get_prescription_medication,652,stateless_query,12987.298,5282.703,228
1,641, get_pharmacy_prescriptions,643,stateless_query,12729.226,6269.015,221
1,642, get_staff_prescriptions,644,stateless_query,10780.308,4467.591,259
0,642, get_prescription,653,stateless_query,11121.955,4856.848,196
0,643, get_patient,654,stateless_query,13763.127,17974.459,341
1,643, get_prescription_medication,645,stateless_query,11375.569,3834.62,267
1,644, get_staff_prescriptions,646,stateless_query,14100.857,4796.245,276
0,644, get_pharmacy_prescriptions,655,stateless_query,11131.012,4418.199,237
0,645, get_prescription_medication,656,stateless_query,12420.008,5870.19,159
1,645, get_pharmacy_prescriptions,647,stateless_query,12559.719,4494.391,321
1,646, get_prescription_medication,648,stateless_query,11446.701,4746.331,151
0,646, get_staff_prescriptions,657,stateless_query,11208.166,4338.049,178
0,647, get_prescription_medication,658,stateless_query,12264.469,4446.151,309
1,647, get_prescription_medication,649,stateless_query,12976.197,5149.043,227
1,648, create_prescription,650,apply,4123.679,1263.699,423
0,648, get_prescription,659,stateless_query,12190.04,3989.499,236
0,649, get_prescription_medication,660,stateless_query,13809.022,5624.591,253
1,649, create_prescription,651,apply,7759.217,4734.399,572
0,650, get_prescription_medication,661,stateless_query,12420.379,4536.35,166
1,650, create_prescription,652,apply,3402.493,1445.618,551
1,651, get_staff_prescriptions,653,stateless_query,10905.721,4308.063,234
0,651, get_staff_prescriptions,662,stateless_query,11421.564,4609.106,241
1,652, get_pharmacy_prescriptions,654,stateless_query,10949.162,4302.672,249
0,652, get_staff_prescriptions,663,stateless_query,12175.763,5712.425,237
0,653, get_patient,664,stateless_query,12466.385,16160.04,253
1,653, get_pharmacy_prescriptions,655,stateless_query,10703.063,3978.928,233
1,654, create_prescription,656,apply,3085.52,1366.982,553
0,654, get_pharmacy_prescriptions,665,stateless_query,11153.003,4624.855,249
0,655, get_pharmacy_prescriptions,666,stateless_query,11466.858,4483.612,290
1,655, get_staff_prescriptions,657,stateless_query,13627.202,5062.462,241
1,656, get_prescription_medication,658,stateless_query,12446.098,4507.165,296
0,656, process_prescription,667,apply,3129.393,1010.166,300
0,657, get_prescription_medication,668,stateless_query,12881.38,5404.921,252
1,657, get_pharmacy_prescriptions,659,stateless_query,12967.28,3996.622,266
1,658, get_pharmacy_prescriptions,660,stateless_query,11402.419,4094.675,176
0,658, get_pharmacy_prescriptions,669,stateless_query,12518.753,4459.956,273
0,659, get_patient,670,stateless_query,11530.488,13578.352,297
1,659, get_staff_prescriptions,661,stateless_query,14744.228,5489.328,241
1,660, get_prescription_medication,662,stateless_query,12896.989,4935.134,248
0,660, get_pharmacy_prescriptions,671,stateless_query,12365.376,5254.9,234
0,661, get_prescription_medication,672,stateless_query,11709.583,4585.232,233
1,661, process_prescription,663,apply,7092.121,4632.459,383
1,662, get_prescription_medication,664,stateless_query,13091.993,4775.295,285
0,662, get_prescription_medication,673,stateless_query,11595.038,5018.288,183
0,663, get_patient,674,stateless_query,11061.663,13695.57,155
1,663, get_pharmacy_prescriptions,665,stateless_query,12030.622,4602.543,275
0,664, get_processed_pharmacy_prescriptions,675,stateless_query,13209.342,4987.613,257
1,664, get_pharmacy_prescriptions,666,stateless_query,12192.644,4779.754,246
1,665, get_processed_pharmacy_prescriptions,667,stateless_query,11051.223,4487.408,236
0,665, get_pharmacy_prescriptions,676,stateless_query,13701.822,5545.885,242
0,666, get_pharmacy_prescriptions,677,stateless_query,12375.245,5814.245,296
1,666, get_prescription_medication,668,stateless_query,10994.999,3966.566,360
1,667, get_patient,669,stateless_query,12416.903,15645.47,231
0,667, get_staff_prescriptions,678,stateless_query,12504.106,5276.923,224
1,668, get_processed_pharmacy_prescriptions,670,stateless_query,14526.712,5339.279,232
0,668, get_pharmacy_prescriptions,679,stateless_query,11217.213,4262.267,251
0,669, get_pharmacy_prescriptions,680,stateless_query,11248.561,4105.283,222
1,669, get_prescription_medication,671,stateless_query,14125.042,6091.353,240
1,670, create_prescription,672,apply,3162.545,1242.419,481
0,670, get_pharmacy_prescriptions,681,stateless_query,14917.181,6772.356,334
0,671, get_prescription_medication,682,stateless_query,12683.46,4720.253,346
1,671, create_prescription,673,apply,8086.638,5041.002,529
0,672, get_pharmacy_prescriptions,683,stateless_query,13717.07,5990.716,275
1,672, create_prescription,674,apply,3091.622,1236.499,340
1,673, get_pharmacy_prescriptions,675,stateless_query,12343.315,4293.687,262
0,673, get_pharmacy_prescriptions,684,stateless_query,12830.385,5627.387,231
1,674, get_prescription_medication,676,stateless_query,13670.192,4592.354,237
0,674, get_prescription_medication,685,stateless_query,12636.663,5644.438,242
0,675, get_prescription_medication,686,stateless_query,12672.8,6123.052,157
1,675, update_prescription_medication,677,apply,6137.419,4207.235,337
1,676, get_pharmacy_prescriptions,678,stateless_query,11463.283,4426.314,229
0,676, get_pharmacy_prescriptions,687,stateless_query,12294.815,4721.395,275
0,677, get_prescription_medication,688,stateless_query,12835.394,5261.544,233
1,677, update_prescription_medication,679,apply,2735.898,908.596,415
1,678, update_prescription_medication,680,apply,2446.688,763.736,334
0,678, get_staff_prescriptions,689,stateless_query,12083.159,4939.352,340
0,679, get_pharmacy_prescriptions,690,stateless_query,11301.5,4137.845,307
1,679, create_prescription,681,apply,7608.255,4781.877,504
0,680, get_processed_pharmacy_prescriptions,691,stateless_query,13054.343,4796.354,324
1,680, get_prescription_medication,682,stateless_query,12046.01,4667.044,350
1,681, get_prescription_medication,683,stateless_query,11206.994,3983.717,249
0,681, get_pharmacy_prescriptions,692,stateless_query,12904.392,4081.07,221
0,682, create_prescription,693,apply,2694.29,1187.958,332
1,682, get_staff_prescriptions,684,stateless_query,12082.248,4315.417,355
1,683, get_pharmacy_prescriptions,685,stateless_query,12391.526,5256.634,227
0,683, get_pharmacy_prescriptions,694,stateless_query,13796.458,5018.59,306
1,684, get_staff_prescriptions,686,stateless_query,15182.326,6418.795,284
0,684, get_patient,695,stateless_query,11697.921,14874.872,186
0,685, get_pharmacy_prescriptions,696,stateless_query,13207.669,4803.79,195
1,685, get_pharmacy_prescriptions,687,stateless_query,14000.239,6220.103,279
0,686, get_processed_pharmacy_prescriptions,697,stateless_query,12058.183,4644.562,238
1,686, get_prescription,688,stateless_query,12828.582,4527.022,245
1,687, create_prescription,689,apply,3350.937,1168.051,386
0,687, get_patient,698,stateless_query,14287.476,17010.479,242
0,688, create_prescription,699,apply,6708.596,4681.61,516
1,688, get_prescription_medication,690,stateless_query,12506.54,4300.71,232
1,689, get_prescription_medication,691,stateless_query,13100.97,5226.258,244
0,689, get_pharmacy_prescriptions,700,stateless_query,14214.369,6383.999,325
0,690, get_staff_prescriptions,701,stateless_query,12982.138,5424.467,256
1,690, process_prescription,692,apply,7439.21,4524.107,441
1,691, get_prescription_medication,693,stateless_query,13256.53,5246.235,347
0,691, get_patient,702,stateless_query,13752.797,15142.242,352
0,692, get_prescription_medication,703,stateless_query,12421.662,5044.228,202
1,692, get_pharmacy_prescriptions,694,stateless_query,11392.44,4158.715,236
1,693, get_prescription_medication,695,stateless_query,14107.57,5471.655,364
0,693, get_prescription_medication,704,stateless_query,12929.32,4468.553,249
0,694, get_prescription_medication,705,stateless_query,14025.746,5223.432,291
1,694, get_pharmacy_prescriptions,696,stateless_query,13638.413,4694.173,243
1,695, get_staff_prescriptions,697,stateless_query,12990.193,4681.831,380
0,695, get_processed_pharmacy_prescriptions,706,stateless_query,12537.899,5413.528,218
0,696, get_processed_pharmacy_prescriptions,707,stateless_query,13710.669,5241.347,397
1,696, process_prescription,698,apply,4005.368,973.788,390
1,697, get_processed_pharmacy_prescriptions,699,stateless_query,11339.511,4350.051,166
0,697, update_prescription_medication,708,apply,2831.837,934.525,338
1,698, get_prescription_medication,700,stateless_query,13425.686,5082.61,245
0,698, process_prescription,709,apply,2981.897,1252.428,467
0,699, get_pharmacy_prescriptions,710,stateless_query,11751.901,4946.555,279
1,699, get_pharmacy_prescriptions,701,stateless_query,12413.206,4517.424,286
0,700, get_pharmacy_prescriptions,711,stateless_query,14079.657,5410.853,162
1,700, get_prescription_medication,702,stateless_query,13072.386,4970.73,327
1,701, get_prescription,703,stateless_query,12834.753,5220.136,315
0,701, get_pharmacy_prescriptions,712,stateless_query,16343.103,6281.809,264
1,702, get_prescription_medication,704,stateless_query,12562.365,4460.418,265
0,702, get_staff_prescriptions,713,stateless_query,15195.34,5891.67,266
0,703, get_pharmacy_prescriptions,714,stateless_query,12243.008,4678.555,255
1,703, create_prescription,705,apply,4469.986,1831.78,641
1,704, update_prescription_medication,706,apply,2940.39,890.753,347
0,704, get_pharmacy_prescriptions,715,stateless_query,13627.804,5100.543,294
0,705, get_prescription_medication,716,stateless_query,12823.372,5479.539,237
1,705, get_prescription_medication,707,stateless_query,15018.39,5271.513,258
1,706, get_pharmacy_prescriptions,708,stateless_query,12240.543,4980.579,249
0,706, get_pharmacy_prescriptions,717,stateless_query,13292.538,5311.687,237
0,707, get_prescription_medication,718,stateless_query,13626.581,5502.755,338
1,707, get_prescription_medication,709,stateless_query,14977.834,5070.277,267
1,708, get_prescription_medication,710,stateless_query,11764.344,4374.807,159
0,708, create_prescription,719,apply,4197.777,2055.208,551
0,709, get_processed_pharmacy_prescriptions,720,stateless_query,14652.917,6168.388,278
1,709, get_pharmacy_prescriptions,711,stateless_query,13146.155,5385.475,192
1,710, get_prescription_medication,712,stateless_query,12461.826,4602.743,331
0,710, get_pharmacy_prescriptions,721,stateless_query,14659.49,5923.017,386
0,711, get_pharmacy_prescriptions,722,stateless_query,12495.159,4561.246,249
1,711, process_prescription,713,apply,8094.613,5330.712,341
0,712, get_pharmacy_prescriptions,723,stateless_query,13004.65,5598.432,272
1,712, get_prescription_medication,714,stateless_query,12001.357,4690.558,235
1,713, get_processed_pharmacy_prescriptions,715,stateless_query,12931.503,5159.763,257
0,713, get_staff_prescriptions,724,stateless_query,16304.511,7043.481,364
0,714, get_prescription_medication,725,stateless_query,13792.311,5815.648,340
1,714, get_staff_prescriptions,716,stateless_query,15378.542,6513.491,255
1,715, get_pharmacy_prescriptions,717,stateless_query,16321.583,7231.872,271
0,715, get_processed_pharmacy_prescriptions,726,stateless_query,15549.321,5547.067,365
1,716, get_pharmacy_prescriptions,718,stateless_query,13548.866,5808.175,172
0,716, get_pharmacy_prescriptions,727,stateless_query,14930.586,5065.358,372
0,717, create_prescription,728,apply,3301.805,1224.716,462
1,717, get_prescription_medication,719,stateless_query,13524.691,5495.761,250
1,718, create_prescription,720,apply,7126.055,4942.798,463
0,718, process_prescription,729,apply,9838.128,6332.052,432
0,719, get_prescription_medication,730,stateless_query,12678.942,5056.902,371
1,719, get_prescription_medication,721,stateless_query,14829.517,4954.399,467
0,720, get_processed_pharmacy_prescriptions,731,stateless_query,12929.21,5342.313,265
1,720, get_pharmacy_prescriptions,722,stateless_query,12023.789,4743.226,253
1,721, get_processed_pharmacy_prescriptions,723,stateless_query,15004.233,5987.149,396
0,721, get_prescription_medication,732,stateless_query,14024.324,6212.108,272
0,722, get_pharmacy_prescriptions,733,stateless_query,13528.348,6282.259,277
1,722, get_staff_prescriptions,724,stateless_query,13206.768,5318.439,261
1,723, get_prescription_medication,725,stateless_query,14580.132,7068.957,247
0,723, get_pharmacy_prescriptions,734,stateless_query,15187.636,7049.222,253
1,724, get_prescription_medication,726,stateless_query,13619.358,5169.661,256
0,724, get_staff_prescriptions,735,stateless_query,14649.842,4621.077,458
0,725, get_staff_prescriptions,736,stateless_query,13409.426,5206.49,254
1,725, get_staff_prescriptions,727,stateless_query,13966.966,5509.847,280
0,726, get_staff_prescriptions,737,stateless_query,13591.456,5272.725,350
1,726, get_pharmacy_prescriptions,728,stateless_query,12845.503,5187.465,365
1,727, get_pharmacy_prescriptions,729,stateless_query,12356.389,4485.905,375
0,727, get_staff_prescriptions,738,stateless_query,12743.051,5522.581,252
0,728, get_pharmacy_prescriptions,739,stateless_query,12315.253,5118.075,261
1,728, get_prescription_medication,730,stateless_query,14491.236,4981.331,328
1,729, update_prescription_medication,731,apply,6890.264,4880.953,475
0,729, get_patient,740,stateless_query,16022.134,21075.618,312
0,730, get_prescription_medication,741,stateless_query,15104.781,5965.388,378
1,730, get_prescription_medication,732,stateless_query,11934.973,4355.301,252
0,731, get_staff_prescriptions,742,stateless_query,12447.17,4665.29,380
1,731, get_pharmacy_prescriptions,733,stateless_query,14194.641,6149.03,338
1,732, get_prescription_medication,734,stateless_query,13969.692,5142.973,366
0,732, get_prescription_medication,743,stateless_query,12903.321,5222.601,248
1,733, get_pharmacy_prescriptions,735,stateless_query,13942.581,5176.324,241
0,733, get_pharmacy_prescriptions,744,stateless_query,14742.605,6029.156,248
0,734, get_staff_prescriptions,745,stateless_query,14935.586,6258.516,247
1,734, get_pharmacy_prescriptions,736,stateless_query,12718.866,4860.464,279
1,735, get_staff_prescriptions,737,stateless_query,14790.645,4758.474,447
0,735, get_staff_prescriptions,746,stateless_query,15415.06,6627.643,367
0,736, process_prescription,747,apply,7591.223,5055.949,396
1,736, get_prescription,738,stateless_query,13455.913,5307.439,280
1,737, get_prescription_medication,739,stateless_query,14160.288,6336.411,276
0,737, get_processed_pharmacy_prescriptions,748,stateless_query,12795.55,4549.004,251
0,738, get_pharmacy_prescriptions,749,stateless_query,12248.448,4601.252,355
1,738, get_pharmacy_prescriptions,740,stateless_query,13300.412,5516.429,246
1,739, get_prescription,741,stateless_query,13280.725,4742.545,316
0,739, get_pharmacy_prescriptions,750,stateless_query,13150.302,4407.609,351
0,740, get_processed_pharmacy_prescriptions,751,stateless_query,15406.294,4912.914,367
1,740, get_patient,742,stateless_query,12621.315,16129.965,380
1,741, get_patient,743,stateless_query,12753.842,16605.443,263
0,741, get_pharmacy_prescriptions,752,stateless_query,13181.36,5172.086,270
1,742, get_processed_pharmacy_prescriptions,744,stateless_query,14547.46,5279.718,296
0,742, get_prescription_medication,753,stateless_query,12935.752,4761.009,259
1,743, get_prescription_medication,745,stateless_query,15622.308,7082.914,278
0,743, get_prescription,754,stateless_query,13658.0,4842.863,406
1,744, get_prescription,746,stateless_query,14105.265,4682.813,372
0,744, get_prescription_medication,755,stateless_query,13531.845,5101.345,368
0,745, get_staff_prescriptions,756,stateless_query,12500.519,4928.111,234
1,745, get_prescription,747,stateless_query,12004.242,4835.117,272
1,746, get_prescription_medication,748,stateless_query,12505.748,4968.457,297
0,746, get_staff_prescriptions,757,stateless_query,12010.684,4748.005,226
0,747, get_prescription_medication,758,stateless_query,13966.917,5959.397,175
1,747, get_staff_prescriptions,749,stateless_query,15566.393,6707.584,347
1,748, get_processed_pharmacy_prescriptions,750,stateless_query,13808.34,5242.908,247
0,748, get_prescription_medication,759,stateless_query,14566.576,5812.733,176
0,749, get_pharmacy_prescriptions,760,stateless_query,13944.615,5167.157,301
1,749, get_pharmacy_prescriptions,751,stateless_query,12824.895,5155.625,245
1,750, get_pharmacy_prescriptions,752,stateless_query,12118.686,4920.768,275
0,750, create_prescription,761,apply,7462.923,4852.83,412
1,751, get_pharmacy_prescriptions,753,stateless_query,13022.824,5559.781,365
0,751, get_prescription_medication,762,stateless_query,13039.505,4706.678,337
1,752, get_processed_pharmacy_prescriptions,754,stateless_query,13111.93,5084.614,326
0,752, get_pharmacy_prescriptions,763,stateless_query,13779.707,5665.718,248
1,753, get_processed_pharmacy_prescriptions,755,stateless_query,13372.137,5567.475,319
0,753, get_pharmacy_prescriptions,764,stateless_query,12549.1,4800.843,246
0,754, get_staff_prescriptions,765,stateless_query,11639.271,4350.182,251
1,754, get_prescription_medication,756,stateless_query,12550.172,4509.67,302
1,755, get_prescription_medication,757,stateless_query,11640.243,4751.32,254
0,755, get_processed_pharmacy_prescriptions,766,stateless_query,11761.099,4633.241,247
1,756, get_processed_pharmacy_prescriptions,758,stateless_query,12849.169,4768.553,406
0,756, get_staff_prescriptions,767,stateless_query,12311.486,4549.845,246
0,757, get_pharmacy_prescriptions,768,stateless_query,12619.1,5641.123,170
1,757, get_pharmacy_prescriptions,759,stateless_query,13763.006,5079.464,312
0,758, get_prescription,769,stateless_query,13827.156,5980.867,281
1,758, create_prescription,760,apply,6889.673,4931.658,487
1,759, get_staff_prescriptions,761,stateless_query,15050.791,7007.844,324
0,759, get_staff_prescriptions,770,stateless_query,12296.648,4938.761,252
1,760, get_prescription_medication,762,stateless_query,12735.167,4949.27,397
0,760, get_prescription_medication,771,stateless_query,13135.314,5106.855,277
0,761, get_staff_prescriptions,772,stateless_query,12602.509,4936.286,261
1,761, get_prescription_medication,763,stateless_query,13811.136,4377.683,292
1,762, get_prescription,764,stateless_query,14459.106,5997.868,257
0,762, get_pharmacy_prescriptions,773,stateless_query,12838.049,5307.53,244
1,763, get_staff_prescriptions,765,stateless_query,15860.462,6836.314,298
0,763, process_prescription,774,apply,5244.231,3312.745,337
0,764, get_prescription_medication,775,stateless_query,12368.031,4746.582,254
1,764, get_prescription_medication,766,stateless_query,13367.207,6183.404,266
1,765, get_processed_pharmacy_prescriptions,767,stateless_query,13736.306,4824.407,249
0,765, process_prescription,776,apply,5095.443,3133.941,350
0,766, process_prescription,777,apply,3417.19,1255.193,487
1,766, get_pharmacy_prescriptions,768,stateless_query,14073.896,5994.773,437
1,767, get_prescription_medication,769,stateless_query,12284.746,5122.745,261
0,767, get_staff_prescriptions,778,stateless_query,13939.145,5991.026,255
1,768, get_prescription_medication,770,stateless_query,13943.984,6142.848,322
0,768, get_prescription_medication,779,stateless_query,13811.146,5071.037,392
0,769, get_pharmacy_prescriptions,780,stateless_query,15848.33,7322.732,276
1,769, get_prescription_medication,771,stateless_query,12898.942,5430.871,324
1,770, get_processed_pharmacy_prescriptions,772,stateless_query,13623.706,5213.215,304
0,770, get_processed_pharmacy_prescriptions,781,stateless_query,14526.511,5240.835,327
0,771, get_prescription_medication,782,stateless_query,13329.888,5417.675,313
1,771, create_prescription,773,apply,7757.924,5100.202,374
1,772, get_staff_prescriptions,774,stateless_query,13635.348,5814.606,307
0,772, process_prescription,783,apply,2859.028,916.11,324
0,773, get_pharmacy_prescriptions,784,stateless_query,13297.937,4409.533,451
1,773, get_prescription,775,stateless_query,14308.895,6688.659,295
1,774, create_prescription,776,apply,3065.273,1230.878,368
0,774, get_pharmacy_prescriptions,785,stateless_query,15117.295,5002.41,379
0,775, create_prescription,786,apply,3473.525,1524.846,490
1,775, create_prescription,777,apply,8275.0,5573.967,357
1,776, get_prescription_medication,778,stateless_query,15308.832,5927.256,368
0,776, get_pharmacy_prescriptions,787,stateless_query,14925.185,6103.986,258
0,777, get_patient,788,stateless_query,12190.841,14742.605,231
1,777, get_staff_prescriptions,779,stateless_query,13862.762,5439.607,404
1,778, create_prescription,780,apply,3411.619,1403.791,347
0,778, get_pharmacy_prescriptions,789,stateless_query,12760.203,4723.87,291
0,779, get_pharmacy_prescriptions,790,stateless_query,14538.504,6296.345,269
1,779, get_pharmacy_prescriptions,781,stateless_query,15205.78,6136.687,267
1,780, get_prescription_medication,782,stateless_query,14442.765,6799.966,428
0,780, get_prescription_medication,791,stateless_query,17119.482,7897.074,446
0,781, get_pharmacy_prescriptions,792,stateless_query,15641.633,7028.863,335
1,781, get_processed_pharmacy_prescriptions,783,stateless_query,14106.408,6114.836,368
0,782, get_patient,793,stateless_query,14788.811,19119.887,294
1,782, get_processed_pharmacy_prescriptions,784,stateless_query,15616.797,7009.317,312
0,783, create_prescription,794,apply,3506.256,1386.839,441
1,783, update_prescription_medication,785,apply,5536.216,3358.981,323
0,784, get_prescription_medication,795,stateless_query,14510.552,6590.815,403
1,784, get_prescription_medication,786,stateless_query,13817.417,6097.614,254
1,785, get_prescription_medication,787,stateless_query,13273.782,5780.252,261
0,785, get_pharmacy_prescriptions,796,stateless_query,13988.617,5918.289,298
0,786, get_prescription_medication,797,stateless_query,14342.498,6053.412,338
1,786, get_staff_prescriptions,788,stateless_query,14550.557,6904.05,261
1,787, get_prescription_medication,789,stateless_query,12712.385,5004.483,310
0,787, process_prescription,798,apply,3153.478,1285.901,499
0,788, get_pharmacy_prescriptions,799,stateless_query,14718.76,5413.919,352
1,788, get_pharmacy_prescriptions,790,stateless_query,12569.177,4932.298,178
1,789, get_prescription,791,stateless_query,13948.863,4935.735,346
0,789, get_staff_prescriptions,800,stateless_query,15553.309,7108.912,327
0,790, get_prescription_medication,801,stateless_query,14753.315,6677.738,284
1,790, create_prescription,792,apply,6879.154,5003.902,568
1,791, get_pharmacy_prescriptions,793,stateless_query,13115.628,4888.799,265
0,791, get_staff_prescriptions,802,stateless_query,14739.018,4731.785,366
0,792, get_staff_prescriptions,803,stateless_query,13290.974,5144.875,475
1,792, get_pharmacy_prescriptions,794,stateless_query,17322.372,6900.944,410
1,793, get_prescription_medication,795,stateless_query,15766.486,5646.352,471
0,793, get_prescription_medication,804,stateless_query,14161.66,5673.723,255
0,794, get_processed_pharmacy_prescriptions,805,stateless_query,14327.801,5590.988,269
1,794, get_prescription_medication,796,stateless_query,15404.882,5991.998,329
1,795, get_prescription_medication,797,stateless_query,14021.468,5003.031,356
0,795, get_prescription_medication,806,stateless_query,14520.721,6385.263,359
0,796, get_processed_pharmacy_prescriptions,807,stateless_query,13958.972,4983.995,399
1,796, get_prescription_medication,798,stateless_query,14373.806,5704.24,265
1,797, get_staff_prescriptions,799,stateless_query,14566.927,5333.347,268
0,797, create_prescription,808,apply,3306.583,1401.076,429
0,798, get_prescription,809,stateless_query,13422.57,5369.936,258
1,798, get_prescription_medication,800,stateless_query,13424.414,5505.698,306
1,799, get_prescription_medication,801,stateless_query,15511.29,5690.153,291
0,799, create_prescription,810,apply,3412.963,1401.797,510
0,800, get_prescription_medication,811,stateless_query,15330.593,6066.035,411
1,800, create_prescription,802,apply,5489.77,3627.222,410
1,801, create_prescription,803,apply,2893.593,1061.512,345
0,801, create_prescription,812,apply,3151.824,1200.392,439
0,802, get_prescription_medication,813,stateless_query,12933.177,5317.658,267
1,802, get_prescription_medication,804,stateless_query,13511.246,4891.653,267
1,803, get_pharmacy_prescriptions,805,stateless_query,13189.174,4618.543,474
0,803, get_prescription_medication,814,stateless_query,14459.105,6694.81,284
0,804, get_prescription,815,stateless_query,15161.507,7539.106,243
1,804, get_prescription_medication,806,stateless_query,13925.83,5770.534,287
1,805, get_prescription_medication,807,stateless_query,12928.598,4714.962,266
0,805, get_processed_pharmacy_prescriptions,816,stateless_query,14219.177,5384.062,267
0,806, get_processed_pharmacy_prescriptions,817,stateless_query,15767.298,7120.284,353
1,806, get_pharmacy_prescriptions,808,stateless_query,13586.957,5348.547,385
1,807, get_prescription_medication,809,stateless_query,13492.741,5572.555,301
0,807, get_pharmacy_prescriptions,818,stateless_query,15306.358,6731.919,308
0,808, get_prescription,819,stateless_query,14529.647,6502.622,307
1,808, get_pharmacy_prescriptions,810,stateless_query,13144.572,4836.581,361
1,809, create_prescription,811,apply,4464.596,2666.188,458
0,809, update_prescription_medication,820,apply,3381.293,1129.589,481
0,810, get_prescription_medication,821,stateless_query,16735.365,7188.321,373
1,810, get_pharmacy_prescriptions,812,stateless_query,13408.805,5268.517,305
1,811, get_prescription,813,stateless_query,13983.868,5784.219,275
0,811, get_pharmacy_prescriptions,822,stateless_query,15313.121,6933.275,333
0,812, get_pharmacy_prescriptions,823,stateless_query,16449.863,8073.513,302
1,812, create_prescription,814,apply,7592.415,5581.902,671
1,813, get_pharmacy_prescriptions,815,stateless_query,13385.331,5350.259,312
0,813, get_pharmacy_prescriptions,824,stateless_query,15628.088,6446.004,283
0,814, get_staff_prescriptions,825,stateless_query,16224.341,7457.663,331
1,814, create_prescription,816,apply,3293.439,1404.101,447
1,815, get_processed_pharmacy_prescriptions,817,stateless_query,13277.439,5590.458,274
0,815, get_prescription_medication,826,stateless_query,19237.007,7619.095,397
0,816, create_prescription,827,apply,4541.569,1672.964,585
1,816, create_prescription,818,apply,3278.922,1198.397,411
1,817, get_patient,819,stateless_query,14876.274,19203.974,288
0,817, update_prescription_medication,828,apply,7555.296,5453.191,301
0,818, get_pharmacy_prescriptions,829,stateless_query,17304.127,7118.089,277
1,818, update_prescription_medication,820,apply,2667.821,823.839,346
1,819, get_pharmacy_prescriptions,821,stateless_query,15073.503,5386.165,266
0,819, get_prescription_medication,830,stateless_query,16078.138,7092.101,275
0,820, get_staff_prescriptions,831,stateless_query,16440.966,7340.024,415
1,820, process_prescription,822,apply,8830.317,6143.821,402
1,821, get_prescription_medication,823,stateless_query,15044.989,6523.13,295
0,821, get_staff_prescriptions,832,stateless_query,13493.893,5653.675,285
0,822, get_pharmacy_prescriptions,833,stateless_query,14339.101,6181.2,266
1,822, get_prescription_medication,824,stateless_query,13270.887,5004.043,276
1,823, get_prescription_medication,825,stateless_query,16722.081,6882.63,419
0,823, get_processed_pharmacy_prescriptions,834,stateless_query,13522.988,5685.395,269
0,824, get_prescription_medication,835,stateless_query,14088.845,5810.087,339
1,824, create_prescription,826,apply,5026.705,2868.957,512
0,825, get_staff_prescriptions,836,stateless_query,17521.002,8328.42,284
1,825, get_prescription_medication,827,stateless_query,15241.606,6007.867,370
1,826, get_pharmacy_prescriptions,828,stateless_query,14338.13,5301.458,406
0,826, get_pharmacy_prescriptions,837,stateless_query,16473.076,6171.603,429
0,827, get_pharmacy_prescriptions,838,stateless_query,15010.947,5555.974,364
1,827, get_processed_pharmacy_prescriptions,829,stateless_query,15370.257,6023.465,337
1,828, get_staff_prescriptions,830,stateless_query,14031.557,5719.819,269
0,828, get_pharmacy_prescriptions,839,stateless_query,14883.528,5440.628,277
0,829, process_prescription,840,apply,3761.743,1426.974,519
1,829, get_pharmacy_prescriptions,831,stateless_query,14104.323,5328.559,267
1,830, get_staff_prescriptions,832,stateless_query,15916.287,6299.922,286
0,830, update_prescription_medication,841,apply,3616.092,963.209,321
0,831, get_prescription_medication,842,stateless_query,15400.022,6980.864,393
1,831, process_prescription,833,apply,4499.51,1234.004,431
1,832, get_pharmacy_prescriptions,834,stateless_query,16492.312,6523.85,326
0,832, get_staff_prescriptions,843,stateless_query,17646.988,8392.068,299
0,833, get_staff_prescriptions,844,stateless_query,15763.801,6727.732,378
1,833, get_processed_pharmacy_prescriptions,835,stateless_query,14334.343,5900.987,302
1,834, process_prescription,836,apply,4244.675,2091.094,423
0,834, get_prescription_medication,845,stateless_query,14951.335,6386.132,297
1,835, create_prescription,837,apply,3091.011,1080.808,348
0,835, process_prescription,846,apply,3220.964,1092.85,340
0,836, get_patient,847,stateless_query,15048.375,19821.137,314
1,836, get_pharmacy_prescriptions,838,stateless_query,15486.874,5172.428,408
1,837, get_prescription,839,stateless_query,14412.529,5699.561,278
0,837, get_patient,848,stateless_query,17598.467,20983.417,407
0,838, get_processed_pharmacy_prescriptions,849,stateless_query,14660.933,5428.255,361
1,838, get_patient,840,stateless_query,13344.966,16278.804,326
1,839, get_prescription_medication,841,stateless_query,13786.62,4672.453,278
0,839, get_prescription_medication,850,stateless_query,16790.238,6275.236,225
0,840, get_prescription_medication,851,stateless_query,17238.785,6961.057,224
1,840, get_pharmacy_prescriptions,842,stateless_query,14100.797,5460.585,290
1,841, get_prescription_medication,843,stateless_query,14504.671,5211.791,400
0,841, get_patient,852,stateless_query,15254.681,17581.396,305
0,842, get_prescription_medication,853,stateless_query,17699.235,7480.566,360
1,842, get_staff_prescriptions,844,stateless_query,15294.725,6466.974,472
1,843, get_patient,845,stateless_query,15362.843,19845.994,270
0,843, get_prescription_medication,854,stateless_query,14216.413,5411.353,378
0,844, get_staff_prescriptions,855,stateless_query,13829.901,5716.112,377
1,844, get_staff_prescriptions,846,stateless_query,16563.785,7391.48,277
1,845, get_pharmacy_prescriptions,847,stateless_query,18386.679,9263.917,282
0,845, get_prescription_medication,856,stateless_query,14864.683,5851.724,402
0,846, get_prescription_medication,857,stateless_query,16171.082,6628.887,296
1,846, get_processed_pharmacy_prescriptions,848,stateless_query,14711.196,6735.185,289
1,847, get_patient,849,stateless_query,15528.442,19201.169,324
0,847, get_processed_pharmacy_prescriptions,858,stateless_query,15928.89,5552.496,279
0,848, process_prescription,859,apply,3213.81,1192.035,441
1,848, get_prescription_medication,850,stateless_query,16897.849,8374.215,288
1,849, get_prescription,851,stateless_query,15285.358,7067.024,254
0,849, get_patient,860,stateless_query,14885.051,20243.857,276
0,850, process_prescription,861,apply,3349.563,1203.207,346
1,850, get_staff_prescriptions,852,stateless_query,17643.281,7599.629,287
1,851, get_prescription_medication,853,stateless_query,14167.882,5949.959,305
0,851, process_prescription,862,apply,3546.381,1182.377,506
1,852, get_patient,854,stateless_query,17124.742,22365.266,428
0,852, create_prescription,863,apply,4672.414,1222.251,405
1,853, get_pharmacy_prescriptions,855,stateless_query,14962.586,5636.003,287
0,853, get_prescription_medication,864,stateless_query,18427.165,7981.262,301
0,854, get_prescription_medication,865,stateless_query,17195.936,6607.716,317
1,854, get_pharmacy_prescriptions,856,stateless_query,18395.324,7170.227,345
1,855, get_pharmacy_prescriptions,857,stateless_query,16140.895,7280.815,211
0,855, get_prescription,866,stateless_query,17953.58,9288.502,305
0,856, get_prescription_medication,867,stateless_query,17842.683,7313.165,336
1,856, get_staff_prescriptions,858,stateless_query,15337.256,6093.767,425
1,857, get_pharmacy_prescriptions,859,stateless_query,14871.585,5577.534,284
0,857, get_pharmacy_prescriptions,868,stateless_query,17517.626,6621.201,325
1,858, get_processed_pharmacy_prescriptions,860,stateless_query,17556.188,8130.639,276
0,858, get_pharmacy_prescriptions,869,stateless_query,16252.214,6192.953,287
0,859, get_patient,870,stateless_query,15700.734,19674.563,272
1,859, get_prescription_medication,861,stateless_query,17143.848,7661.323,414
0,860, create_prescription,871,apply,5903.452,3595.894,448
1,860, get_prescription_medication,862,stateless_query,14879.951,6766.653,284
1,861, get_prescription_medication,863,stateless_query,14540.848,5788.197,331
0,861, get_pharmacy_prescriptions,872,stateless_query,16703.596,6806.107,423
0,862, get_processed_pharmacy_prescriptions,873,stateless_query,16889.113,7207.097,321
1,862, create_prescription,864,apply,8688.111,5819.295,563
1,863, get_pharmacy_prescriptions,865,stateless_query,16187.583,6538.978,321
0,863, get_pharmacy_prescriptions,874,stateless_query,17361.584,6430.938,393
0,864, get_prescription_medication,875,stateless_query,16135.245,6001.225,307
1,864, process_prescription,866,apply,3434.312,1341.114,350
1,865, get_pharmacy_prescriptions,867,stateless_query,17539.056,8839.223,270
0,865, get_staff_prescriptions,876,stateless_query,18199.97,8474.513,304
0,866, get_prescription_medication,877,stateless_query,17026.709,6985.782,406
1,866, get_prescription_medication,868,stateless_query,16247.615,7100.185,280
0,867, create_prescription,878,apply,3524.801,1442.032,431
1,867, process_prescription,869,apply,9005.013,5771.185,398
1,868, get_staff_prescriptions,870,stateless_query,17827.465,7527.995,464
0,868, get_prescription_medication,879,stateless_query,17284.772,7875.214,291
0,869, get_processed_pharmacy_prescriptions,880,stateless_query,16369.954,6432.55,347
1,869, get_pharmacy_prescriptions,871,stateless_query,14803.028,5709.039,334
1,870, process_prescription,872,apply,4930.566,2680.174,364
0,870, get_processed_pharmacy_prescriptions,881,stateless_query,16208.211,6490.398,330
0,871, process_prescription,882,apply,3527.946,1272.536,455
1,871, get_pharmacy_prescriptions,873,stateless_query,18975.347,8312.299,326
1,872, get_processed_pharmacy_prescriptions,874,stateless_query,17329.475,7051.846,473
0,872, get_staff_prescriptions,883,stateless_query,16251.662,6823.58,318
0,873, get_staff_prescriptions,884,stateless_query,16377.457,6354.263,315
1,873, get_staff_prescriptions,875,stateless_query,17371.543,7660.212,344
1,874, get_prescription_medication,876,stateless_query,18275.141,8684.454,294
0,874, get_pharmacy_prescriptions,885,stateless_query,18608.943,7762.823,356
0,875, get_pharmacy_prescriptions,886,stateless_query,16687.206,7124.091,333
1,875, get_prescription_medication,877,stateless_query,15899.825,6244.939,473
1,876, get_pharmacy_prescriptions,878,stateless_query,18504.187,8757.06,285
0,876, get_staff_prescriptions,887,stateless_query,15998.059,6535.472,353
0,877, get_pharmacy_prescriptions,888,stateless_query,16734.263,7336.026,383
1,877, get_prescription_medication,879,stateless_query,16384.42,6986.575,382
1,878, get_staff_prescriptions,880,stateless_query,16953.172,6302.988,404
0,878, create_prescription,889,apply,3706.63,1507.565,552
0,879, get_staff_prescriptions,890,stateless_query,16505.807,5982.56,303
1,879, get_prescription,881,stateless_query,16131.428,6512.629,297
1,880, get_prescription_medication,882,stateless_query,17333.772,7780.056,320
0,880, get_prescription_medication,891,stateless_query,16210.366,6523.72,407
0,881, get_pharmacy_prescriptions,892,stateless_query,16528.009,7644.644,373
1,881, create_prescription,883,apply,5233.721,2962.151,511
1,882, get_processed_pharmacy_prescriptions,884,stateless_query,17020.017,7035.255,620
0,882, get_staff_prescriptions,893,stateless_query,14844.265,6486.5,298
0,883, get_pharmacy_prescriptions,894,stateless_query,15362.923,6400.049,292
1,883, get_staff_prescriptions,885,stateless_query,19220.204,9024.218,365
1,884, get_staff_prescriptions,886,stateless_query,17022.171,7916.51,335
0,884, update_prescription_medication,895,apply,3433.991,1375.828,312
0,885, get_prescription_medication,896,stateless_query,14614.737,5568.677,350
1,885, process_prescription,887,apply,3557.432,1092.019,333
1,886, get_pharmacy_prescriptions,888,stateless_query,18291.12,7797.057,454
0,886, get_prescription_medication,897,stateless_query,16526.436,6978.97,415
0,887, get_prescription_medication,898,stateless_query,15388.381,6286.597,404
1,887, get_prescription_medication,889,stateless_query,17918.054,6628.776,336
1,888, update_prescription_medication,890,apply,10442.647,6948.042,422
0,888, get_prescription_medication,899,stateless_query,17738.609,8517.222,305
0,889, process_prescription,900,apply,8962.123,5921.135,500
1,889, get_prescription_medication,891,stateless_query,17394.026,7890.452,325
1,890, get_pharmacy_prescriptions,892,stateless_query,18594.216,8159.164,293
0,890, get_processed_pharmacy_prescriptions,901,stateless_query,15146.479,6460.041,312
0,891, get_staff_prescriptions,902,stateless_query,16778.546,7955.774,293
1,891, get_staff_prescriptions,893,stateless_query,16157.847,7264.343,407
1,892, create_prescription,894,apply,3941.309,1615.767,638
0,892, get_processed_pharmacy_prescriptions,903,stateless_query,17307.844,7378.797,409
0,893, get_prescription,904,stateless_query,14601.391,6004.48,348
1,893, create_prescription,895,apply,2873.725,1106.786,368
1,894, create_prescription,896,apply,9477.314,6572.552,538
0,894, get_prescription_medication,905,stateless_query,15308.963,5945.761,467
0,895, get_staff_prescriptions,906,stateless_query,15694.672,6736.366,289
1,895, get_prescription_medication,897,stateless_query,16283.522,5486.773,310
0,896, get_prescription,907,stateless_query,17800.595,8330.192,318
1,896, get_pharmacy_prescriptions,898,stateless_query,16440.755,5974.143,396
1,897, get_pharmacy_prescriptions,899,stateless_query,15418.136,5652.203,293
0,897, get_prescription_medication,908,stateless_query,16548.146,7413.12,254
0,898, get_prescription_medication,909,stateless_query,15459.724,6496.829,438
1,898, update_prescription_medication,900,apply,2690.063,888.81,315
1,899, get_pharmacy_prescriptions,901,stateless_query,16200.767,6275.707,323
0,899, get_prescription_medication,910,stateless_query,20188.382,9360.087,450
0,900, get_prescription_medication,911,stateless_query,17784.674,6620.701,320
1,900, get_prescription_medication,902,stateless_query,17191.858,6558.244,569
1,901, get_processed_pharmacy_prescriptions,903,stateless_query,18339.751,8761.568,546
0,901, get_prescription,912,stateless_query,16568.955,6193.644,333
0,902, get_prescription_medication,913,stateless_query,17601.582,6930.919,484
1,902, update_prescription_medication,904,apply,2766.235,1019.884,535
1,903, get_staff_prescriptions,905,stateless_query,16104.137,6862.793,309
0,903, get_staff_prescriptions,914,stateless_query,16923.827,6512.889,357
0,904, get_patient,915,stateless_query,18307.911,22908.081,537
1,904, get_prescription_medication,906,stateless_query,16242.194,6560.368,462
1,905, update_prescription_medication,907,apply,3408.634,1020.776,430
0,905, get_prescription_medication,916,stateless_query,17638.792,6940.549,479
0,906, process_prescription,917,apply,9543.598,6592.298,474
1,906, get_pharmacy_prescriptions,908,stateless_query,16379.872,6533.018,296
1,907, create_prescription,909,apply,3530.812,1294.377,529
0,907, get_prescription_medication,918,stateless_query,15903.252,6401.563,301
0,908, get_prescription_medication,919,stateless_query,16135.896,6567.351,446
1,908, get_prescription_medication,910,stateless_query,15477.808,6003.929,331
1,909, create_prescription,911,apply,9953.925,6844.779,508
0,909, process_prescription,920,apply,3232.235,1221.5,359
0,910, get_prescription,921,stateless_query,16685.933,6290.073,299
1,910, get_pharmacy_prescriptions,912,stateless_query,15163.21,6068.55,426
1,911, get_prescription_medication,913,stateless_query,18826.81,6692.125,471
0,911, get_pharmacy_prescriptions,922,stateless_query,17042.96,6946.259,418
0,912, get_prescription_medication,923,stateless_query,17093.333,6685.081,349
1,912, create_prescription,914,apply,3531.283,1424.12,485
1,913, get_pharmacy_prescriptions,915,stateless_query,18197.776,7311.311,430
0,913, get_pharmacy_prescriptions,924,stateless_query,15260.131,6025.471,406
0,914, get_prescription_medication,925,stateless_query,17871.317,8995.995,350
1,914, update_prescription_medication,916,apply,8851.356,6407.223,418
1,915, get_staff_prescriptions,917,stateless_query,15782.957,6532.847,324
0,915, get_pharmacy_prescriptions,926,stateless_query,16223.64,6879.955,325
0,916, get_prescription,927,stateless_query,15686.287,5981.779,314
1,916, get_prescription_medication,918,stateless_query,15886.841,6480.569,353
1,917, get_pharmacy_prescriptions,919,stateless_query,18201.733,7202.949,417
0,917, get_pharmacy_prescriptions,928,stateless_query,15407.005,6242.295,305
0,918, get_pharmacy_prescriptions,929,stateless_query,16565.528,6908.858,306
1,918, get_staff_prescriptions,920,stateless_query,16493.644,6316.493,291
1,919, get_staff_prescriptions,921,stateless_query,18195.141,8802.244,383
0,919, get_staff_prescriptions,930,stateless_query,14699.365,5955.368,350
0,920, get_prescription_medication,931,stateless_query,19231.917,8066.861,439
1,920, get_pharmacy_prescriptions,922,stateless_query,15151.208,6405.74,296
0,921, get_prescription_medication,932,stateless_query,15574.529,5852.056,444
1,921, get_pharmacy_prescriptions,923,stateless_query,15717.185,6677.858,316
1,922, get_pharmacy_prescriptions,924,stateless_query,18186.505,8588.575,280
0,922, get_prescription_medication,933,stateless_query,15167.969,6722.161,302
1,923, get_prescription_medication,925,stateless_query,14831.942,6191.81,314
0,923, get_pharmacy_prescriptions,934,stateless_query,15042.375,6171.182,247
1,924, get_prescription_medication,926,stateless_query,16791.761,6752.377,294
0,924, get_pharmacy_prescriptions,935,stateless_query,15314.733,5686.686,517
1,925, get_prescription_medication,927,stateless_query,16071.035,6522.347,439
0,925, get_prescription_medication,936,stateless_query,18808.616,7988.714,465
0,926, get_prescription_medication,937,stateless_query,18203.787,8516.731,495
1,926, get_prescription,928,stateless_query,18308.382,7052.377,412
0,927, get_pharmacy_prescriptions,938,stateless_query,16971.496,7073.436,318
1,927, get_prescription_medication,929,stateless_query,15911.367,6599.873,421
1,928, get_patient,930,stateless_query,18057.674,22918.821,493
0,928, create_prescription,939,apply,4353.358,1517.123,609
0,929, create_prescription,940,apply,7824.408,5893.603,348
1,929, create_prescription,931,apply,3766.512,1718.379,437
1,930, get_pharmacy_prescriptions,932,stateless_query,15616.587,6165.04,369
0,930, get_prescription,941,stateless_query,16589.623,6036.892,295
0,931, get_patient,942,stateless_query,16252.714,20460.4,305
1,931, get_pharmacy_prescriptions,933,stateless_query,15457.039,6158.609,375
1,932, get_staff_prescriptions,934,stateless_query,16062.089,6158.257,391
0,932, get_staff_prescriptions,943,stateless_query,16082.898,5711.193,316
0,933, update_prescription_medication,944,apply,2693.369,957.648,289
1,933, get_staff_prescriptions,935,stateless_query,14500.003,5996.926,298
1,934, get_prescription_medication,936,stateless_query,15550.864,6290.656,439
0,934, get_staff_prescriptions,945,stateless_query,18095.194,8614.453,297
0,935, get_prescription_medication,946,stateless_query,16501.138,6698.937,317
1,935, get_prescription,937,stateless_query,15534.603,6477.264,373
1,936, get_pharmacy_prescriptions,938,stateless_query,17420.605,7879.05,317
0,936, get_staff_prescriptions,947,stateless_query,15670.878,5804.908,323
1,937, get_prescription_medication,939,stateless_query,19435.497,8141.761,399
0,937, get_prescription_medication,948,stateless_query,15956.361,6451.605,425
0,938, get_prescription,949,stateless_query,16250.109,7478.492,334
1,938, process_prescription,940,apply,3368.85,1074.506,309
0,939, get_prescription_medication,950,stateless_query,18002.04,8733.035,313
1,939, update_prescription_medication,941,apply,2616.164,845.628,337
0,940, get_prescription_medication,951,stateless_query,16051.699,6236.423,317
1,940, get_prescription_medication,942,stateless_query,15657.113,6411.019,293
1,941, get_prescription_medication,943,stateless_query,17819.76,6143.841,397
0,941, process_prescription,952,apply,2847.927,1011.889,353
1,942, get_prescription,944,stateless_query,15388.851,5676.789,282
0,942, process_prescription,953,apply,2421.151,780.988,292
0,943, get_staff_prescriptions,954,stateless_query,16473.006,6525.243,411
1,943, create_prescription,945,apply,8379.134,6210.856,444
1,944, get_prescription_medication,946,stateless_query,15741.36,6712.802,343
0,944, get_pharmacy_prescriptions,955,stateless_query,17517.116,7016.159,589
0,945, process_prescription,956,apply,8212.844,6308.728,543
1,945, get_pharmacy_prescriptions,947,stateless_query,16539.89,6734.513,459
0,946, get_prescription_medication,957,stateless_query,17851.419,7547.742,365
1,946, get_staff_prescriptions,948,stateless_query,14720.554,5501.321,471
1,947, get_processed_pharmacy_prescriptions,949,stateless_query,16469.138,6127.13,378
0,947, get_pharmacy_prescriptions,958,stateless_query,16834.471,7033.992,319
0,948, get_pharmacy_prescriptions,959,stateless_query,14735.322,5848.179,309
1,948, get_staff_prescriptions,950,stateless_query,16674.241,7369.49,400
1,949, get_staff_prescriptions,951,stateless_query,16373.349,6283.882,390
0,949, create_prescription,960,apply,6996.093,4726.795,380
0,950, create_prescription,961,apply,3098.905,1235.226,495
1,950, get_pharmacy_prescriptions,952,stateless_query,16459.02,7154.588,324
1,951, process_prescription,953,apply,3531.804,1473.061,468
0,951, get_prescription_medication,962,stateless_query,16007.516,6625.76,308
0,952, create_prescription,963,apply,3100.93,1023.511,338
1,952, get_pharmacy_prescriptions,954,stateless_query,15397.047,6723.964,385
1,953, get_staff_prescriptions,955,stateless_query,15200.099,6029.708,344
0,953, get_pharmacy_prescriptions,964,stateless_query,15653.245,5929.16,338
0,954, get_pharmacy_prescriptions,965,stateless_query,15933.357,5973.984,407
1,954, get_prescription_medication,956,stateless_query,16593.471,7553.533,299
1,955, get_prescription_medication,957,stateless_query,18568.738,9233.85,296
0,955, update_prescription_medication,966,apply,3025.289,1139.768,434
0,956, get_processed_pharmacy_prescriptions,967,stateless_query,17292.085,6630.238,438
1,956, get_pharmacy_prescriptions,958,stateless_query,16542.866,6219.873,307
1,957, get_prescription_medication,959,stateless_query,16863.093,7832.093,344
0,957, get_prescription,968,stateless_query,15931.204,5826.788,567
1,958, get_staff_prescriptions,960,stateless_query,16440.265,7409.042,387
0,958, get_pharmacy_prescriptions,969,stateless_query,17641.377,7410.106,321
0,959, create_prescription,970,apply,3045.396,1195.312,412
1,959, get_staff_prescriptions,961,stateless_query,16814.604,8632.797,319
1,960, get_prescription_medication,962,stateless_query,15584.658,5925.393,291
0,960, create_prescription,971,apply,6224.271,4479.934,529
1,961, get_pharmacy_prescriptions,963,stateless_query,17725.934,7520.651,397
0,961, create_prescription,972,apply,3172.383,1305.027,519
0,962, get_prescription_medication,973,stateless_query,17219.159,7176.73,319
1,962, get_prescription_medication,964,stateless_query,19488.236,8508.445,495
1,963, update_prescription_medication,965,apply,2825.405,851.089,325
0,963, get_staff_prescriptions,974,stateless_query,16324.178,6942.292,318
0,964, create_prescription,975,apply,3145.943,1119.45,412
1,964, get_prescription_medication,966,stateless_query,15730.509,7077.795,419
0,965, get_pharmacy_prescriptions,976,stateless_query,18822.252,8273.587,405
1,965, get_prescription_medication,967,stateless_query,16685.292,6552.383,455
1,966, get_prescription_medication,968,stateless_query,15173.339,6173.577,316
0,966, process_prescription,977,apply,10743.338,7156.681,407
0,967, update_prescription_medication,978,apply,3150.402,1108.55,438
1,967, get_pharmacy_prescriptions,969,stateless_query,17252.631,6633.204,389
1,968, create_prescription,970,apply,8402.708,6388.037,422
0,968, get_prescription,979,stateless_query,18339.981,8536.378,455
1,969, get_staff_prescriptions,971,stateless_query,15066.57,6322.605,347
0,969, get_pharmacy_prescriptions,980,stateless_query,18776.696,8841.357,440
0,970, get_pharmacy_prescriptions,981,stateless_query,16437.299,6442.999,337
1,970, get_pharmacy_prescriptions,972,stateless_query,15563.508,6540.21,431
1,971, get_pharmacy_prescriptions,973,stateless_query,15613.631,6236.923,428
0,971, create_prescription,982,apply,3690.931,1495.993,483
0,972, get_prescription_medication,983,stateless_query,19736.389,8791.745,644
1,972, get_pharmacy_prescriptions,974,stateless_query,16035.629,7135.862,463
1,973, get_pharmacy_prescriptions,975,stateless_query,16649.766,7710.737,309
0,973, update_prescription_medication,984,apply,3823.839,783.193,276
0,974, get_pharmacy_prescriptions,985,stateless_query,18434.548,7813.858,330
1,974, get_pharmacy_prescriptions,976,stateless_query,16276.629,7020.048,312
1,975, get_prescription_medication,977,stateless_query,17566.307,7540.548,319
0,975, get_prescription_medication,986,stateless_query,17934.354,7045.204,352
0,976, process_prescription,987,apply,3866.909,1369.086,435
1,976, get_prescription,978,stateless_query,19292.36,8370.749,312
1,977, get_pharmacy_prescriptions,979,stateless_query,19664.094,10004.929,418
0,977, create_prescription,988,apply,8417.596,6294.572,552
0,978, get_pharmacy_prescriptions,989,stateless_query,16202.261,6442.329,497
1,978, get_pharmacy_prescriptions,980,stateless_query,17967.045,8293.795,337
1,979, get_prescription_medication,981,stateless_query,17267.008,6328.105,461
0,979, update_prescription_medication,990,apply,2617.297,830.851,338
0,980, get_prescription_medication,991,stateless_query,17218.548,7673.898,326
1,980, get_prescription_medication,982,stateless_query,20123.251,7357.376,539
1,981, get_patient,983,stateless_query,17357.988,22724.587,316
0,981, get_staff_prescriptions,992,stateless_query,17145.391,6996.703,474
0,982, get_pharmacy_prescriptions,993,stateless_query,18806.652,8454.746,424
1,982, create_prescription,984,apply,3476.441,1401.076,530
1,983, get_pharmacy_prescriptions,985,stateless_query,17392.252,7090.358,380
0,983, get_processed_pharmacy_prescriptions,994,stateless_query,18796.344,8643.198,410
0,984, get_pharmacy_prescriptions,995,stateless_query,16421.67,6722.742,364
1,984, get_staff_prescriptions,986,stateless_query,16658.622,7257.25,221
0,985, get_processed_pharmacy_prescriptions,996,stateless_query,19237.587,8278.286,456
1,985, update_prescription_medication,987,apply,3468.696,975.972,424
1,986, get_prescription_medication,988,stateless_query,18712.427,8537.85,372
0,986, get_staff_prescriptions,997,stateless_query,20513.559,7532.993,479
0,987, create_prescription,998,apply,4712.378,2679.122,370
1,987, get_pharmacy_prescriptions,989,stateless_query,17592.465,7049.14,339
1,988, create_prescription,990,apply,3389.168,1355.651,384
0,988, get_prescription_medication,999,stateless_query,16921.944,7286.203,479
0,989, get_prescription_medication,1000,stateless_query,16943.854,7317.062,347
1,989, get_staff_prescriptions,991,stateless_query,17517.656,7999.154,401
1,990, get_processed_pharmacy_prescriptions,992,stateless_query,16539.229,6821.265,435
0,990, get_pharmacy_prescriptions,1001,stateless_query,16956.328,6779.658,349
0,991, get_prescription_medication,1002,stateless_query,15664.536,6352.481,379
1,991, get_prescription_medication,993,stateless_query,18330.133,7826.672,594
1,992, update_prescription_medication,994,apply,2767.357,950.074,316
0,992, process_prescription,1003,apply,3711.539,1467.58,528
0,993, get_prescription_medication,1004,stateless_query,15880.951,6654.014,337
1,993, get_pharmacy_prescriptions,995,stateless_query,16891.507,6909.992,350
1,994, get_pharmacy_prescriptions,996,stateless_query,17391.13,7155.84,327
0,994, get_prescription_medication,1005,stateless_query,19315.723,8330.694,328
0,995, get_prescription_medication,1006,stateless_query,19474.089,8207.444,537
1,995, get_pharmacy_prescriptions,997,stateless_query,22350.89,8920.745,597
1,996, get_pharmacy_prescriptions,998,stateless_query,17207.918,7031.038,496
0,996, get_pharmacy_prescriptions,1007,stateless_query,16957.951,6677.577,350
0,997, get_staff_prescriptions,1008,stateless_query,16879.715,6986.013,428
1,997, create_prescription,999,apply,3167.685,1358.306,534
1,998, create_prescription,1000,apply,3365.704,1318.302,378
0,998, get_prescription_medication,1009,stateless_query,16197.731,6843.938,329
0,999, get_staff_prescriptions,1010,stateless_query,15431.622,6296.556,342
1,999, create_prescription,1001,apply,3365.583,1456.139,522
